Date,BDI_Close,BDI_High,BDI_Low
2000-01-04,1320,1320,1320
2000-01-05,1329,1329,1329
2000-01-06,1351,1351,1351
2000-01-07,1368,1368,1368
2000-01-10,1376,1376,1376
2000-01-11,1388,1388,1388
2000-01-12,1396,1396,1396
2000-01-13,1403,1403,1403
2000-01-14,1404,1404,1404
2000-01-17,1406,1406,1406
2000-01-18,1405,1405,1405
2000-01-19,1400,1400,1400
2000-01-20,1393,1393,1393
2000-01-21,1384,1384,1384
2000-01-24,1378,1378,1378
2000-01-25,1368,1368,1368
2000-01-26,1354,1354,1354
2000-01-27,1340,1340,1340
2000-01-28,1329,1329,1329
2000-01-31,1319,1319,1319
2000-02-01,1311,1311,1311
2000-02-02,1296,1296,1296
2000-02-03,1286,1286,1286
2000-02-04,1280,1280,1280
2000-02-07,1276,1276,1276
2000-02-08,1277,1277,1277
2000-02-09,1293,1293,1293
2000-02-10,1317,1317,1317
2000-02-11,1345,1345,1345
2000-02-14,1365,1365,1365
2000-02-15,1393,1393,1393
2000-02-16,1419,1419,1419
2000-02-17,1438,1438,1438
2000-02-18,1454,1454,1454
2000-02-21,1466,1466,1466
2000-02-22,1481,1481,1481
2000-02-23,1491,1491,1491
2000-02-24,1501,1501,1501
2000-02-25,1511,1511,1511
2000-02-28,1521,1521,1521
2000-02-29,1531,1531,1531
2000-03-01,1547,1547,1547
2000-03-02,1561,1561,1561
2000-03-03,1578,1578,1578
2000-03-06,1588,1588,1588
2000-03-07,1602,1602,1602
2000-03-08,1618,1618,1618
2000-03-09,1634,1634,1634
2000-03-10,1645,1645,1645
2000-03-13,1649,1649,1649
2000-03-14,1645,1645,1645
2000-03-15,1640,1640,1640
2000-03-16,1633,1633,1633
2000-03-17,1630,1630,1630
2000-03-20,1628,1628,1628
2000-03-21,1624,1624,1624
2000-03-22,1620,1620,1620
2000-03-23,1617,1617,1617
2000-03-24,1618,1618,1618
2000-03-27,1623,1623,1623
2000-03-28,1627,1627,1627
2000-03-29,1638,1638,1638
2000-03-30,1651,1651,1651
2000-03-31,1660,1660,1660
2000-04-03,1669,1669,1669
2000-04-04,1676,1676,1676
2000-04-05,1679,1679,1679
2000-04-06,1682,1682,1682
2000-04-07,1684,1684,1684
2000-04-10,1686,1686,1686
2000-04-11,1684,1684,1684
2000-04-12,1681,1681,1681
2000-04-13,1679,1679,1679
2000-04-17,1674,1674,1674
2000-04-18,1670,1670,1670
2000-04-19,1661,1661,1661
2000-04-20,1656,1656,1656
2000-04-25,1647,1647,1647
2000-04-26,1641,1641,1641
2000-04-27,1635,1635,1635
2000-04-28,1628,1628,1628
2000-05-02,1622,1622,1622
2000-05-03,1615,1615,1615
2000-05-04,1609,1609,1609
2000-05-05,1609,1609,1609
2000-05-08,1607,1607,1607
2000-05-09,1609,1609,1609
2000-05-10,1611,1611,1611
2000-05-11,1614,1614,1614
2000-05-12,1616,1616,1616
2000-05-16,1612,1612,1612
2000-05-17,1610,1610,1610
2000-05-18,1609,1609,1609
2000-05-19,1607,1607,1607
2000-05-22,1606,1606,1606
2000-05-23,1598,1598,1598
2000-05-24,1589,1589,1589
2000-05-25,1582,1582,1582
2000-05-26,1576,1576,1576
2000-05-30,1569,1569,1569
2000-05-31,1566,1566,1566
2000-06-01,1562,1562,1562
2000-06-02,1562,1562,1562
2000-06-05,1561,1561,1561
2000-06-06,1559,1559,1559
2000-06-07,1559,1559,1559
2000-06-08,1562,1562,1562
2000-06-09,1564,1564,1564
2000-06-12,1566,1566,1566
2000-06-13,1569,1569,1569
2000-06-14,1570,1570,1570
2000-06-15,1577,1577,1577
2000-06-16,1586,1586,1586
2000-06-19,1592,1592,1592
2000-06-20,1599,1599,1599
2000-06-21,1612,1612,1612
2000-06-22,1620,1620,1620
2000-06-23,1624,1624,1624
2000-06-26,1626,1626,1626
2000-06-27,1625,1625,1625
2000-06-28,1621,1621,1621
2000-06-29,1618,1618,1618
2000-06-30,1616,1616,1616
2000-07-03,1613,1613,1613
2000-07-04,1610,1610,1610
2000-07-05,1607,1607,1607
2000-07-06,1603,1603,1603
2000-07-07,1601,1601,1601
2000-07-10,1600,1600,1600
2000-07-11,1600,1600,1600
2000-07-12,1604,1604,1604
2000-07-13,1609,1609,1609
2000-07-14,1616,1616,1616
2000-07-17,1621,1621,1621
2000-07-18,1626,1626,1626
2000-07-19,1626,1626,1626
2000-07-20,1629,1629,1629
2000-07-21,1628,1628,1628
2000-07-24,1629,1629,1629
2000-07-25,1629,1629,1629
2000-07-26,1628,1628,1628
2000-07-27,1628,1628,1628
2000-07-28,1634,1634,1634
2000-07-31,1642,1642,1642
2000-08-01,1645,1645,1645
2000-08-02,1646,1646,1646
2000-08-03,1648,1648,1648
2000-08-07,1651,1651,1651
2000-08-08,1647,1647,1647
2000-08-09,1642,1642,1642
2000-08-10,1641,1641,1641
2000-08-11,1640,1640,1640
2000-08-14,1637,1637,1637
2000-08-15,1634,1634,1634
2000-08-16,1632,1632,1632
2000-08-17,1631,1631,1631
2000-08-18,1629,1629,1629
2000-08-21,1628,1628,1628
2000-08-22,1627,1627,1627
2000-08-23,1629,1629,1629
2000-08-24,1633,1633,1633
2000-08-25,1638,1638,1638
2000-08-29,1641,1641,1641
2000-08-30,1645,1645,1645
2000-08-31,1652,1652,1652
2000-09-01,1661,1661,1661
2000-09-04,1666,1666,1666
2000-09-05,1671,1671,1671
2000-09-06,1676,1676,1676
2000-09-07,1689,1689,1689
2000-09-08,1696,1696,1696
2000-09-11,1701,1701,1701
2000-09-12,1705,1705,1705
2000-09-13,1708,1708,1708
2000-09-14,1711,1711,1711
2000-09-15,1714,1714,1714
2000-09-18,1719,1719,1719
2000-09-19,1725,1725,1725
2000-09-20,1732,1732,1732
2000-09-21,1737,1737,1737
2000-09-22,1738,1738,1738
2000-09-25,1740,1740,1740
2000-09-26,1739,1739,1739
2000-09-27,1738,1738,1738
2000-09-28,1737,1737,1737
2000-09-29,1739,1739,1739
2000-10-02,1735,1735,1735
2000-10-03,1729,1729,1729
2000-10-04,1726,1726,1726
2000-10-05,1721,1721,1721
2000-10-06,1720,1720,1720
2000-10-09,1719,1719,1719
2000-10-10,1719,1719,1719
2000-10-11,1718,1718,1718
2000-10-12,1718,1718,1718
2000-10-13,1721,1721,1721
2000-10-16,1724,1724,1724
2000-10-17,1727,1727,1727
2000-10-18,1732,1732,1732
2000-10-19,1736,1736,1736
2000-10-20,1740,1740,1740
2000-10-23,1744,1744,1744
2000-10-24,1748,1748,1748
2000-10-25,1751,1751,1751
2000-10-26,1754,1754,1754
2000-10-27,1756,1756,1756
2000-10-30,1758,1758,1758
2000-10-31,1759,1759,1759
2000-11-01,1759,1759,1759
2000-11-02,1761,1761,1761
2000-11-03,1762,1762,1762
2000-11-06,1761,1761,1761
2000-11-07,1759,1759,1759
2000-11-08,1756,1756,1756
2000-11-09,1752,1752,1752
2000-11-10,1747,1747,1747
2000-11-13,1742,1742,1742
2000-11-14,1732,1732,1732
2000-11-15,1723,1723,1723
2000-11-16,1716,1716,1716
2000-11-17,1711,1711,1711
2000-11-20,1708,1708,1708
2000-11-21,1701,1701,1701
2000-11-22,1696,1696,1696
2000-11-23,1693,1693,1693
2000-11-24,1691,1691,1691
2000-11-27,1688,1688,1688
2000-11-28,1683,1683,1683
2000-11-29,1678,1678,1678
2000-11-30,1672,1672,1672
2000-12-01,1664,1664,1664
2000-12-04,1657,1657,1657
2000-12-05,1647,1647,1647
2000-12-06,1639,1639,1639
2000-12-07,1633,1633,1633
2000-12-08,1621,1621,1621
2000-12-11,1614,1614,1614
2000-12-12,1598,1598,1598
2000-12-13,1587,1587,1587
2000-12-14,1581,1581,1581
2000-12-15,1582,1582,1582
2000-12-18,1584,1584,1584
2000-12-19,1588,1588,1588
2000-12-20,1592,1592,1592
2000-12-21,1596,1596,1596
2000-12-22,1598,1598,1598
2000-12-27,1600,1600,1600
2000-12-28,1598,1598,1598
2000-12-29,1599,1599,1599
2001-01-02,1599,1599,1599
2001-01-03,1596,1596,1596
2001-01-04,1594,1594,1594
2001-01-05,1591,1591,1591
2001-01-08,1591,1591,1591
2001-01-09,1593,1593,1593
2001-01-10,1592,1592,1592
2001-01-11,1587,1587,1587
2001-01-12,1582,1582,1582
2001-01-15,1581,1581,1581
2001-01-16,1579,1579,1579
2001-01-17,1573,1573,1573
2001-01-18,1567,1567,1567
2001-01-19,1566,1566,1566
2001-01-22,1559,1559,1559
2001-01-23,1552,1552,1552
2001-01-24,1543,1543,1543
2001-01-25,1537,1537,1537
2001-01-26,1528,1528,1528
2001-01-29,1523,1523,1523
2001-01-30,1514,1514,1514
2001-01-31,1504,1504,1504
2001-02-01,1493,1493,1493
2001-02-02,1488,1488,1488
2001-02-05,1480,1480,1480
2001-02-06,1472,1472,1472
2001-02-07,1461,1461,1461
2001-02-08,1455,1455,1455
2001-02-09,1449,1449,1449
2001-02-12,1445,1445,1445
2001-02-13,1445,1445,1445
2001-02-14,1446,1446,1446
2001-02-15,1453,1453,1453
2001-02-16,1461,1461,1461
2001-02-19,1469,1469,1469
2001-02-20,1477,1477,1477
2001-02-21,1488,1488,1488
2001-02-22,1501,1501,1501
2001-02-23,1510,1510,1510
2001-02-26,1522,1522,1522
2001-02-27,1531,1531,1531
2001-02-28,1537,1537,1537
2001-03-01,1538,1538,1538
2001-03-02,1537,1537,1537
2001-03-05,1537,1537,1537
2001-03-06,1527,1527,1527
2001-03-07,1520,1520,1520
2001-03-08,1511,1511,1511
2001-03-09,1500,1500,1500
2001-03-12,1496,1496,1496
2001-03-13,1493,1493,1493
2001-03-14,1497,1497,1497
2001-03-15,1502,1502,1502
2001-03-16,1506,1506,1506
2001-03-19,1508,1508,1508
2001-03-20,1508,1508,1508
2001-03-21,1508,1508,1508
2001-03-22,1505,1505,1505
2001-03-23,1502,1502,1502
2001-03-26,1496,1496,1496
2001-03-27,1486,1486,1486
2001-03-28,1468,1468,1468
2001-03-29,1452,1452,1452
2001-03-30,1438,1438,1438
2001-04-02,1430,1430,1430
2001-04-03,1424,1424,1424
2001-04-04,1423,1423,1423
2001-04-05,1424,1424,1424
2001-04-06,1427,1427,1427
2001-04-09,1427,1427,1427
2001-04-10,1428,1428,1428
2001-04-11,1428,1428,1428
2001-04-12,1429,1429,1429
2001-04-17,1429,1429,1429
2001-04-18,1432,1432,1432
2001-04-19,1441,1441,1441
2001-04-20,1453,1453,1453
2001-04-23,1462,1462,1462
2001-04-24,1460,1460,1460
2001-04-25,1462,1462,1462
2001-04-26,1463,1463,1463
2001-04-27,1461,1461,1461
2001-04-30,1459,1459,1459
2001-05-01,1453,1453,1453
2001-05-02,1453,1453,1453
2001-05-03,1454,1454,1454
2001-05-04,1456,1456,1456
2001-05-08,1460,1460,1460
2001-05-09,1465,1465,1465
2001-05-10,1472,1472,1472
2001-05-11,1478,1478,1478
2001-05-14,1481,1481,1481
2001-05-15,1479,1479,1479
2001-05-16,1473,1473,1473
2001-05-17,1466,1466,1466
2001-05-18,1461,1461,1461
2001-05-21,1452,1452,1452
2001-05-22,1442,1442,1442
2001-05-23,1433,1433,1433
2001-05-24,1423,1423,1423
2001-05-25,1416,1416,1416
2001-05-29,1408,1408,1408
2001-05-30,1400,1400,1400
2001-05-31,1389,1389,1389
2001-06-01,1382,1382,1382
2001-06-04,1372,1372,1372
2001-06-05,1366,1366,1366
2001-06-06,1360,1360,1360
2001-06-07,1356,1356,1356
2001-06-08,1356,1356,1356
2001-06-11,1355,1355,1355
2001-06-12,1358,1358,1358
2001-06-13,1366,1366,1366
2001-06-14,1373,1373,1373
2001-06-15,1380,1380,1380
2001-06-18,1386,1386,1386
2001-06-19,1387,1387,1387
2001-06-20,1390,1390,1390
2001-06-21,1391,1391,1391
2001-06-22,1392,1392,1392
2001-06-25,1393,1393,1393
2001-06-26,1394,1394,1394
2001-06-27,1393,1393,1393
2001-06-28,1391,1391,1391
2001-06-29,1386,1386,1386
2001-07-02,1380,1380,1380
2001-07-03,1375,1375,1375
2001-07-04,1360,1360,1360
2001-07-05,1347,1347,1347
2001-07-06,1331,1331,1331
2001-07-09,1320,1320,1320
2001-07-10,1303,1303,1303
2001-07-11,1286,1286,1286
2001-07-12,1271,1271,1271
2001-07-13,1256,1256,1256
2001-07-16,1233,1233,1233
2001-07-17,1213,1213,1213
2001-07-18,1190,1190,1190
2001-07-19,1168,1168,1168
2001-07-20,1148,1148,1148
2001-07-23,1138,1138,1138
2001-07-24,1132,1132,1132
2001-07-25,1117,1117,1117
2001-07-26,1102,1102,1102
2001-07-27,1084,1084,1084
2001-07-30,1067,1067,1067
2001-07-31,1049,1049,1049
2001-08-01,1037,1037,1037
2001-08-02,1023,1023,1023
2001-08-03,1021,1021,1021
2001-08-06,1014,1014,1014
2001-08-07,1007,1007,1007
2001-08-08,1001,1001,1001
2001-08-09,992,992,992
2001-08-10,982,982,982
2001-08-13,975,975,975
2001-08-14,971,971,971
2001-08-15,963,963,963
2001-08-16,967,967,967
2001-08-17,978,978,978
2001-08-20,979,979,979
2001-08-21,976,976,976
2001-08-22,973,973,973
2001-08-23,968,968,968
2001-08-24,961,961,961
2001-08-28,955,955,955
2001-08-29,949,949,949
2001-08-30,939,939,939
2001-08-31,927,927,927
2001-09-03,918,918,918
2001-09-04,910,910,910
2001-09-05,903,903,903
2001-09-06,898,898,898
2001-09-07,899,899,899
2001-09-10,902,902,902
2001-09-11,908,908,908
2001-09-12,918,918,918
2001-09-13,924,924,924
2001-09-14,934,934,934
2001-09-17,950,950,950
2001-09-18,974,974,974
2001-09-19,987,987,987
2001-09-20,994,994,994
2001-09-21,995,995,995
2001-09-24,995,995,995
2001-09-25,991,991,991
2001-09-26,983,983,983
2001-09-27,969,969,969
2001-09-28,952,952,952
2001-10-01,939,939,939
2001-10-02,926,926,926
2001-10-03,917,917,917
2001-10-04,910,910,910
2001-10-05,900,900,900
2001-10-08,893,893,893
2001-10-09,889,889,889
2001-10-10,888,888,888
2001-10-11,889,889,889
2001-10-12,893,893,893
2001-10-15,897,897,897
2001-10-16,902,902,902
2001-10-17,905,905,905
2001-10-18,907,907,907
2001-10-19,908,908,908
2001-10-22,907,907,907
2001-10-23,903,903,903
2001-10-24,897,897,897
2001-10-25,891,891,891
2001-10-26,884,884,884
2001-10-29,879,879,879
2001-10-30,870,870,870
2001-10-31,861,861,861
2001-11-01,853,853,853
2001-11-02,850,850,850
2001-11-05,847,847,847
2001-11-06,845,845,845
2001-11-07,843,843,843
2001-11-08,844,844,844
2001-11-09,846,846,846
2001-11-12,849,849,849
2001-11-13,851,851,851
2001-11-14,854,854,854
2001-11-15,854,854,854
2001-11-16,855,855,855
2001-11-19,857,857,857
2001-11-20,857,857,857
2001-11-21,859,859,859
2001-11-22,857,857,857
2001-11-23,861,861,861
2001-11-26,864,864,864
2001-11-27,866,866,866
2001-11-28,868,868,868
2001-11-29,867,867,867
2001-11-30,868,868,868
2001-12-03,868,868,868
2001-12-04,869,869,869
2001-12-05,869,869,869
2001-12-06,871,871,871
2001-12-07,872,872,872
2001-12-10,874,874,874
2001-12-11,873,873,873
2001-12-12,873,873,873
2001-12-13,872,872,872
2001-12-14,870,870,870
2001-12-17,868,868,868
2001-12-18,866,866,866
2001-12-19,865,865,865
2001-12-20,867,867,867
2001-12-21,869,869,869
2001-12-27,871,871,871
2001-12-28,876,876,876
2002-01-02,882,882,882
2002-01-03,889,889,889
2002-01-04,896,896,896
2002-01-07,906,906,906
2002-01-08,917,917,917
2002-01-09,929,929,929
2002-01-10,941,941,941
2002-01-11,950,950,950
2002-01-14,956,956,956
2002-01-15,964,964,964
2002-01-16,969,969,969
2002-01-17,969,969,969
2002-01-18,964,964,964
2002-01-21,958,958,958
2002-01-22,950,950,950
2002-01-23,941,941,941
2002-01-24,931,931,931
2002-01-25,924,924,924
2002-01-28,920,920,920
2002-01-29,915,915,915
2002-01-30,910,910,910
2002-01-31,908,908,908
2002-02-01,908,908,908
2002-02-04,909,909,909
2002-02-05,909,909,909
2002-02-06,911,911,911
2002-02-07,915,915,915
2002-02-08,922,922,922
2002-02-11,927,927,927
2002-02-12,933,933,933
2002-02-13,940,940,940
2002-02-14,947,947,947
2002-02-15,955,955,955
2002-02-18,963,963,963
2002-02-19,970,970,970
2002-02-20,978,978,978
2002-02-21,992,992,992
2002-02-22,1009,1009,1009
2002-02-25,1018,1018,1018
2002-02-26,1025,1025,1025
2002-02-27,1029,1029,1029
2002-02-28,1031,1031,1031
2002-03-01,1033,1033,1033
2002-03-04,1035,1035,1035
2002-03-05,1038,1038,1038
2002-03-06,1044,1044,1044
2002-03-07,1047,1047,1047
2002-03-08,1051,1051,1051
2002-03-11,1056,1056,1056
2002-03-12,1059,1059,1059
2002-03-13,1064,1064,1064
2002-03-14,1067,1067,1067
2002-03-15,1073,1073,1073
2002-03-18,1074,1074,1074
2002-03-19,1076,1076,1076
2002-03-20,1078,1078,1078
2002-03-21,1081,1081,1081
2002-03-22,1085,1085,1085
2002-03-25,1086,1086,1086
2002-03-26,1084,1084,1084
2002-03-27,1082,1082,1082
2002-03-28,1082,1082,1082
2002-04-02,1081,1081,1081
2002-04-03,1082,1082,1082
2002-04-04,1083,1083,1083
2002-04-05,1085,1085,1085
2002-04-08,1086,1086,1086
2002-04-09,1091,1091,1091
2002-04-10,1096,1096,1096
2002-04-11,1100,1100,1100
2002-04-12,1103,1103,1103
2002-04-15,1104,1104,1104
2002-04-16,1103,1103,1103
2002-04-17,1098,1098,1098
2002-04-18,1090,1090,1090
2002-04-19,1080,1080,1080
2002-04-22,1071,1071,1071
2002-04-23,1064,1064,1064
2002-04-24,1059,1059,1059
2002-04-25,1049,1049,1049
2002-04-26,1042,1042,1042
2002-04-29,1033,1033,1033
2002-04-30,1027,1027,1027
2002-05-01,1020,1020,1020
2002-05-02,1016,1016,1016
2002-05-03,1016,1016,1016
2002-05-07,1018,1018,1018
2002-05-08,1025,1025,1025
2002-05-09,1034,1034,1034
2002-05-10,1038,1038,1038
2002-05-13,1040,1040,1040
2002-05-14,1041,1041,1041
2002-05-15,1038,1038,1038
2002-05-16,1035,1035,1035
2002-05-17,1033,1033,1033
2002-05-20,1031,1031,1031
2002-05-21,1031,1031,1031
2002-05-22,1031,1031,1031
2002-05-23,1032,1032,1032
2002-05-24,1035,1035,1035
2002-05-27,1038,1038,1038
2002-05-28,1040,1040,1040
2002-05-29,1044,1044,1044
2002-05-30,1046,1046,1046
2002-05-31,1042,1042,1042
2002-06-05,1027,1027,1027
2002-06-06,1015,1015,1015
2002-06-07,1005,1005,1005
2002-06-10,998,998,998
2002-06-11,991,991,991
2002-06-12,984,984,984
2002-06-13,978,978,978
2002-06-14,978,978,978
2002-06-17,978,978,978
2002-06-18,981,981,981
2002-06-19,984,984,984
2002-06-20,988,988,988
2002-06-21,993,993,993
2002-06-24,997,997,997
2002-06-25,1000,1000,1000
2002-06-26,1003,1003,1003
2002-06-27,1006,1006,1006
2002-06-28,1005,1005,1005
2002-07-01,1005,1005,1005
2002-07-02,1004,1004,1004
2002-07-03,1002,1002,1002
2002-07-04,1003,1003,1003
2002-07-05,1004,1004,1004
2002-07-08,1005,1005,1005
2002-07-09,1006,1006,1006
2002-07-10,1007,1007,1007
2002-07-11,1005,1005,1005
2002-07-12,1004,1004,1004
2002-07-15,1002,1002,1002
2002-07-16,998,998,998
2002-07-17,993,993,993
2002-07-18,985,985,985
2002-07-19,981,981,981
2002-07-22,976,976,976
2002-07-23,972,972,972
2002-07-24,964,964,964
2002-07-25,962,962,962
2002-07-26,962,962,962
2002-07-29,964,964,964
2002-07-30,965,965,965
2002-07-31,968,968,968
2002-08-01,970,970,970
2002-08-02,971,971,971
2002-08-05,971,971,971
2002-08-06,971,971,971
2002-08-07,972,972,972
2002-08-08,978,978,978
2002-08-09,986,986,986
2002-08-12,992,992,992
2002-08-13,999,999,999
2002-08-14,1006,1006,1006
2002-08-15,1010,1010,1010
2002-08-16,1013,1013,1013
2002-08-19,1014,1014,1014
2002-08-20,1014,1014,1014
2002-08-21,1014,1014,1014
2002-08-22,1018,1018,1018
2002-08-23,1021,1021,1021
2002-08-27,1025,1025,1025
2002-08-28,1026,1026,1026
2002-08-29,1030,1030,1030
2002-08-30,1036,1036,1036
2002-09-02,1039,1039,1039
2002-09-03,1044,1044,1044
2002-09-04,1050,1050,1050
2002-09-05,1063,1063,1063
2002-09-06,1085,1085,1085
2002-09-09,1102,1102,1102
2002-09-10,1126,1126,1126
2002-09-11,1146,1146,1146
2002-09-12,1163,1163,1163
2002-09-13,1178,1178,1178
2002-09-16,1186,1186,1186
2002-09-17,1194,1194,1194
2002-09-18,1202,1202,1202
2002-09-19,1215,1215,1215
2002-09-20,1226,1226,1226
2002-09-23,1238,1238,1238
2002-09-24,1255,1255,1255
2002-09-25,1285,1285,1285
2002-09-26,1320,1320,1320
2002-09-27,1346,1346,1346
2002-09-30,1367,1367,1367
2002-10-01,1371,1371,1371
2002-10-02,1365,1365,1365
2002-10-03,1358,1358,1358
2002-10-04,1354,1354,1354
2002-10-07,1351,1351,1351
2002-10-08,1348,1348,1348
2002-10-09,1347,1347,1347
2002-10-10,1346,1346,1346
2002-10-11,1343,1343,1343
2002-10-14,1340,1340,1340
2002-10-15,1335,1335,1335
2002-10-16,1334,1334,1334
2002-10-17,1343,1343,1343
2002-10-18,1356,1356,1356
2002-10-21,1364,1364,1364
2002-10-22,1369,1369,1369
2002-10-23,1376,1376,1376
2002-10-24,1385,1385,1385
2002-10-25,1393,1393,1393
2002-10-28,1397,1397,1397
2002-10-29,1403,1403,1403
2002-10-30,1409,1409,1409
2002-10-31,1417,1417,1417
2002-11-01,1428,1428,1428
2002-11-04,1430,1430,1430
2002-11-05,1435,1435,1435
2002-11-06,1442,1442,1442
2002-11-07,1445,1445,1445
2002-11-08,1446,1446,1446
2002-11-11,1445,1445,1445
2002-11-12,1445,1445,1445
2002-11-13,1443,1443,1443
2002-11-14,1444,1444,1444
2002-11-15,1446,1446,1446
2002-11-18,1445,1445,1445
2002-11-19,1446,1446,1446
2002-11-20,1447,1447,1447
2002-11-21,1451,1451,1451
2002-11-22,1459,1459,1459
2002-11-25,1469,1469,1469
2002-11-26,1489,1489,1489
2002-11-27,1514,1514,1514
2002-11-28,1540,1540,1540
2002-11-29,1560,1560,1560
2002-12-02,1573,1573,1573
2002-12-03,1582,1582,1582
2002-12-04,1592,1592,1592
2002-12-05,1602,1602,1602
2002-12-06,1612,1612,1612
2002-12-09,1625,1625,1625
2002-12-10,1637,1637,1637
2002-12-11,1651,1651,1651
2002-12-12,1663,1663,1663
2002-12-13,1689,1689,1689
2002-12-16,1704,1704,1704
2002-12-17,1714,1714,1714
2002-12-18,1728,1728,1728
2002-12-19,1735,1735,1735
2002-12-20,1737,1737,1737
2002-12-23,1739,1739,1739
2002-12-24,1738,1738,1738
2003-01-02,1738,1738,1738
2003-01-03,1739,1739,1739
2003-01-06,1742,1742,1742
2003-01-07,1746,1746,1746
2003-01-08,1749,1749,1749
2003-01-09,1758,1758,1758
2003-01-10,1761,1761,1761
2003-01-13,1760,1760,1760
2003-01-14,1753,1753,1753
2003-01-15,1748,1748,1748
2003-01-16,1733,1733,1733
2003-01-17,1722,1722,1722
2003-01-20,1718,1718,1718
2003-01-21,1715,1715,1715
2003-01-22,1704,1704,1704
2003-01-23,1680,1680,1680
2003-01-24,1653,1653,1653
2003-01-27,1626,1626,1626
2003-01-28,1593,1593,1593
2003-01-29,1557,1557,1557
2003-01-30,1540,1540,1540
2003-01-31,1530,1530,1530
2003-02-03,1530,1530,1530
2003-02-04,1542,1542,1542
2003-02-05,1559,1559,1559
2003-02-06,1577,1577,1577
2003-02-07,1596,1596,1596
2003-02-10,1610,1610,1610
2003-02-11,1627,1627,1627
2003-02-12,1639,1639,1639
2003-02-13,1659,1659,1659
2003-02-14,1673,1673,1673
2003-02-17,1693,1693,1693
2003-02-18,1709,1709,1709
2003-02-19,1728,1728,1728
2003-02-20,1745,1745,1745
2003-02-21,1758,1758,1758
2003-02-24,1767,1767,1767
2003-02-25,1768,1768,1768
2003-02-26,1767,1767,1767
2003-02-27,1763,1763,1763
2003-02-28,1764,1764,1764
2003-03-03,1762,1762,1762
2003-03-04,1754,1754,1754
2003-03-05,1749,1749,1749
2003-03-06,1748,1748,1748
2003-03-07,1753,1753,1753
2003-03-10,1756,1756,1756
2003-03-11,1765,1765,1765
2003-03-12,1779,1779,1779
2003-03-13,1802,1802,1802
2003-03-14,1833,1833,1833
2003-03-17,1863,1863,1863
2003-03-18,1887,1887,1887
2003-03-19,1909,1909,1909
2003-03-20,1924,1924,1924
2003-03-21,1935,1935,1935
2003-03-24,1940,1940,1940
2003-03-25,1940,1940,1940
2003-03-26,1936,1936,1936
2003-03-27,1933,1933,1933
2003-03-28,1938,1938,1938
2003-03-31,1939,1939,1939
2003-04-01,1943,1943,1943
2003-04-02,1959,1959,1959
2003-04-03,1977,1977,1977
2003-04-04,1997,1997,1997
2003-04-07,2011,2011,2011
2003-04-08,2022,2022,2022
2003-04-09,2034,2034,2034
2003-04-10,2051,2051,2051
2003-04-11,2069,2069,2069
2003-04-14,2081,2081,2081
2003-04-15,2088,2088,2088
2003-04-16,2091,2091,2091
2003-04-17,2093,2093,2093
2003-04-22,2097,2097,2097
2003-04-23,2105,2105,2105
2003-04-24,2115,2115,2115
2003-04-25,2124,2124,2124
2003-04-28,2133,2133,2133
2003-04-29,2139,2139,2139
2003-04-30,2142,2142,2142
2003-05-01,2145,2145,2145
2003-05-02,2152,2152,2152
2003-05-06,2160,2160,2160
2003-05-07,2173,2173,2173
2003-05-08,2193,2193,2193
2003-05-09,2212,2212,2212
2003-05-12,2227,2227,2227
2003-05-13,2248,2248,2248
2003-05-14,2266,2266,2266
2003-05-15,2291,2291,2291
2003-05-16,2317,2317,2317
2003-05-19,2335,2335,2335
2003-05-20,2337,2337,2337
2003-05-21,2325,2325,2325
2003-05-22,2303,2303,2303
2003-05-23,2272,2272,2272
2003-05-27,2218,2218,2218
2003-05-28,2178,2178,2178
2003-05-29,2145,2145,2145
2003-05-30,2127,2127,2127
2003-06-02,2116,2116,2116
2003-06-03,2123,2123,2123
2003-06-04,2128,2128,2128
2003-06-05,2135,2135,2135
2003-06-06,2139,2139,2139
2003-06-09,2134,2134,2134
2003-06-10,2130,2130,2130
2003-06-11,2132,2132,2132
2003-06-12,2135,2135,2135
2003-06-13,2141,2141,2141
2003-06-16,2146,2146,2146
2003-06-17,2149,2149,2149
2003-06-18,2154,2154,2154
2003-06-19,2153,2153,2153
2003-06-20,2150,2150,2150
2003-06-23,2143,2143,2143
2003-06-24,2134,2134,2134
2003-06-25,2131,2131,2131
2003-06-26,2129,2129,2129
2003-06-27,2127,2127,2127
2003-06-30,2125,2125,2125
2003-07-01,2123,2123,2123
2003-07-02,2127,2127,2127
2003-07-03,2131,2131,2131
2003-07-04,2137,2137,2137
2003-07-07,2143,2143,2143
2003-07-08,2155,2155,2155
2003-07-09,2168,2168,2168
2003-07-10,2194,2194,2194
2003-07-11,2217,2217,2217
2003-07-14,2231,2231,2231
2003-07-15,2238,2238,2238
2003-07-16,2240,2240,2240
2003-07-17,2236,2236,2236
2003-07-18,2234,2234,2234
2003-07-21,2229,2229,2229
2003-07-22,2219,2219,2219
2003-07-23,2211,2211,2211
2003-07-24,2208,2208,2208
2003-07-25,2206,2206,2206
2003-07-28,2203,2203,2203
2003-07-29,2197,2197,2197
2003-07-30,2186,2186,2186
2003-07-31,2181,2181,2181
2003-08-01,2176,2176,2176
2003-08-04,2181,2181,2181
2003-08-05,2198,2198,2198
2003-08-06,2230,2230,2230
2003-08-07,2262,2262,2262
2003-08-08,2287,2287,2287
2003-08-11,2298,2298,2298
2003-08-12,2314,2314,2314
2003-08-13,2326,2326,2326
2003-08-14,2336,2336,2336
2003-08-15,2343,2343,2343
2003-08-18,2343,2343,2343
2003-08-19,2340,2340,2340
2003-08-20,2331,2331,2331
2003-08-21,2322,2322,2322
2003-08-22,2314,2314,2314
2003-08-26,2297,2297,2297
2003-08-27,2284,2284,2284
2003-08-28,2272,2272,2272
2003-08-29,2265,2265,2265
2003-09-01,2262,2262,2262
2003-09-02,2265,2265,2265
2003-09-03,2273,2273,2273
2003-09-04,2284,2284,2284
2003-09-05,2304,2304,2304
2003-09-08,2320,2320,2320
2003-09-09,2327,2327,2327
2003-09-10,2341,2341,2341
2003-09-11,2352,2352,2352
2003-09-12,2364,2364,2364
2003-09-15,2379,2379,2379
2003-09-16,2393,2393,2393
2003-09-17,2408,2408,2408
2003-09-18,2431,2431,2431
2003-09-19,2467,2467,2467
2003-09-22,2501,2501,2501
2003-09-23,2539,2539,2539
2003-09-24,2605,2605,2605
2003-09-25,2709,2709,2709
2003-09-26,2796,2796,2796
2003-09-29,2870,2870,2870
2003-09-30,2993,2993,2993
2003-10-01,3138,3138,3138
2003-10-02,3245,3245,3245
2003-10-03,3372,3372,3372
2003-10-06,3529,3529,3529
2003-10-07,3668,3668,3668
2003-10-08,3829,3829,3829
2003-10-09,4049,4049,4049
2003-10-10,4192,4192,4192
2003-10-13,4270,4270,4270
2003-10-14,4299,4299,4299
2003-10-15,4286,4286,4286
2003-10-16,4304,4304,4304
2003-10-17,4363,4363,4363
2003-10-20,4421,4421,4421
2003-10-21,4477,4477,4477
2003-10-22,4514,4514,4514
2003-10-23,4515,4515,4515
2003-10-24,4517,4517,4517
2003-10-27,4539,4539,4539
2003-10-28,4547,4547,4547
2003-10-29,4550,4550,4550
2003-10-30,4560,4560,4560
2003-10-31,4555,4555,4555
2003-11-03,4558,4558,4558
2003-11-04,4524,4524,4524
2003-11-05,4432,4432,4432
2003-11-06,4349,4349,4349
2003-11-07,4308,4308,4308
2003-11-10,4274,4274,4274
2003-11-11,4243,4243,4243
2003-11-12,4205,4205,4205
2003-11-13,4142,4142,4142
2003-11-14,4078,4078,4078
2003-11-17,4046,4046,4046
2003-11-18,4026,4026,4026
2003-11-19,4029,4029,4029
2003-11-20,4076,4076,4076
2003-11-21,4144,4144,4144
2003-11-24,4193,4193,4193
2003-11-25,4257,4257,4257
2003-11-26,4329,4329,4329
2003-11-27,4378,4378,4378
2003-11-28,4417,4417,4417
2003-12-01,4442,4442,4442
2003-12-02,4464,4464,4464
2003-12-03,4484,4484,4484
2003-12-04,4493,4493,4493
2003-12-05,4515,4515,4515
2003-12-08,4526,4526,4526
2003-12-09,4539,4539,4539
2003-12-10,4570,4570,4570
2003-12-11,4608,4608,4608
2003-12-12,4638,4638,4638
2003-12-15,4658,4658,4658
2003-12-16,4668,4668,4668
2003-12-17,4675,4675,4675
2003-12-18,4694,4694,4694
2003-12-19,4721,4721,4721
2003-12-22,4741,4741,4741
2003-12-23,4761,4761,4761
2003-12-24,4765,4765,4765
2004-01-02,4761,4761,4761
2004-01-05,4757,4757,4757
2004-01-06,4764,4764,4764
2004-01-07,4804,4804,4804
2004-01-08,4901,4901,4901
2004-01-09,5046,5046,5046
2004-01-12,5256,5256,5256
2004-01-13,5391,5391,5391
2004-01-14,5459,5459,5459
2004-01-15,5485,5485,5485
2004-01-16,5493,5493,5493
2004-01-19,5481,5481,5481
2004-01-20,5418,5418,5418
2004-01-21,5345,5345,5345
2004-01-22,5299,5299,5299
2004-01-23,5273,5273,5273
2004-01-26,5262,5262,5262
2004-01-27,5276,5276,5276
2004-01-28,5340,5340,5340
2004-01-29,5457,5457,5457
2004-01-30,5551,5551,5551
2004-02-02,5618,5618,5618
2004-02-03,5664,5664,5664
2004-02-04,5681,5681,5681
2004-02-05,5653,5653,5653
2004-02-06,5608,5608,5608
2004-02-09,5545,5545,5545
2004-02-10,5458,5458,5458
2004-02-11,5365,5365,5365
2004-02-12,5276,5276,5276
2004-02-13,5242,5242,5242
2004-02-16,5250,5250,5250
2004-02-17,5290,5290,5290
2004-02-18,5376,5376,5376
2004-02-19,5461,5461,5461
2004-02-20,5516,5516,5516
2004-02-23,5536,5536,5536
2004-02-24,5488,5488,5488
2004-02-25,5394,5394,5394
2004-02-26,5317,5317,5317
2004-02-27,5263,5263,5263
2004-03-01,5205,5205,5205
2004-03-02,5150,5150,5150
2004-03-03,5109,5109,5109
2004-03-04,5135,5135,5135
2004-03-05,5235,5235,5235
2004-03-08,5300,5300,5300
2004-03-09,5344,5344,5344
2004-03-10,5382,5382,5382
2004-03-11,5384,5384,5384
2004-03-12,5352,5352,5352
2004-03-15,5280,5280,5280
2004-03-16,5204,5204,5204
2004-03-17,5122,5122,5122
2004-03-18,5058,5058,5058
2004-03-19,5045,5045,5045
2004-03-22,5042,5042,5042
2004-03-23,5044,5044,5044
2004-03-24,5033,5033,5033
2004-03-25,4999,4999,4999
2004-03-26,4959,4959,4959
2004-03-29,4927,4927,4927
2004-03-30,4886,4886,4886
2004-03-31,4822,4822,4822
2004-04-01,4763,4763,4763
2004-04-02,4716,4716,4716
2004-04-05,4675,4675,4675
2004-04-06,4631,4631,4631
2004-04-07,4604,4604,4604
2004-04-08,4566,4566,4566
2004-04-13,4552,4552,4552
2004-04-14,4571,4571,4571
2004-04-15,4590,4590,4590
2004-04-16,4610,4610,4610
2004-04-19,4635,4635,4635
2004-04-20,4640,4640,4640
2004-04-21,4616,4616,4616
2004-04-22,4545,4545,4545
2004-04-23,4461,4461,4461
2004-04-26,4368,4368,4368
2004-04-27,4229,4229,4229
2004-04-28,4064,4064,4064
2004-04-29,3982,3982,3982
2004-04-30,3982,3982,3982
2004-05-04,3933,3933,3933
2004-05-05,3909,3909,3909
2004-05-06,3910,3910,3910
2004-05-07,3924,3924,3924
2004-05-10,3928,3928,3928
2004-05-11,3900,3900,3900
2004-05-12,3827,3827,3827
2004-05-13,3747,3747,3747
2004-05-14,3638,3638,3638
2004-05-17,3535,3535,3535
2004-05-18,3452,3452,3452
2004-05-19,3391,3391,3391
2004-05-20,3348,3348,3348
2004-05-21,3336,3336,3336
2004-05-24,3331,3331,3331
2004-05-25,3327,3327,3327
2004-05-26,3308,3308,3308
2004-05-27,3288,3288,3288
2004-05-28,3286,3286,3286
2004-06-01,3282,3282,3282
2004-06-02,3266,3266,3266
2004-06-03,3239,3239,3239
2004-06-04,3185,3185,3185
2004-06-07,3134,3134,3134
2004-06-08,3067,3067,3067
2004-06-09,3006,3006,3006
2004-06-10,2939,2939,2939
2004-06-11,2887,2887,2887
2004-06-14,2849,2849,2849
2004-06-15,2810,2810,2810
2004-06-16,2762,2762,2762
2004-06-17,2718,2718,2718
2004-06-18,2667,2667,2667
2004-06-21,2634,2634,2634
2004-06-22,2622,2622,2622
2004-06-23,2632,2632,2632
2004-06-24,2682,2682,2682
2004-06-25,2742,2742,2742
2004-06-28,2812,2812,2812
2004-06-29,2895,2895,2895
2004-06-30,3005,3005,3005
2004-07-01,3115,3115,3115
2004-07-02,3207,3207,3207
2004-07-05,3287,3287,3287
2004-07-06,3400,3400,3400
2004-07-07,3545,3545,3545
2004-07-08,3716,3716,3716
2004-07-09,3902,3902,3902
2004-07-12,4025,4025,4025
2004-07-13,4086,4086,4086
2004-07-14,4068,4068,4068
2004-07-15,4021,4021,4021
2004-07-16,3971,3971,3971
2004-07-19,3930,3930,3930
2004-07-20,3888,3888,3888
2004-07-21,3841,3841,3841
2004-07-22,3800,3800,3800
2004-07-23,3799,3799,3799
2004-07-26,3814,3814,3814
2004-07-27,3832,3832,3832
2004-07-28,3877,3877,3877
2004-07-29,3953,3953,3953
2004-07-30,4048,4048,4048
2004-08-02,4100,4100,4100
2004-08-03,4177,4177,4177
2004-08-04,4205,4205,4205
2004-08-05,4180,4180,4180
2004-08-06,4129,4129,4129
2004-08-09,4100,4100,4100
2004-08-10,4088,4088,4088
2004-08-11,4098,4098,4098
2004-08-12,4120,4120,4120
2004-08-13,4148,4148,4148
2004-08-16,4161,4161,4161
2004-08-17,4180,4180,4180
2004-08-18,4188,4188,4188
2004-08-19,4193,4193,4193
2004-08-20,4195,4195,4195
2004-08-23,4206,4206,4206
2004-08-24,4213,4213,4213
2004-08-25,4224,4224,4224
2004-08-26,4233,4233,4233
2004-08-27,4225,4225,4225
2004-08-31,4186,4186,4186
2004-09-01,4134,4134,4134
2004-09-02,4077,4077,4077
2004-09-03,4040,4040,4040
2004-09-06,4014,4014,4014
2004-09-07,4018,4018,4018
2004-09-08,4056,4056,4056
2004-09-09,4109,4109,4109
2004-09-10,4163,4163,4163
2004-09-13,4192,4192,4192
2004-09-14,4205,4205,4205
2004-09-15,4208,4208,4208
2004-09-16,4214,4214,4214
2004-09-17,4220,4220,4220
2004-09-20,4233,4233,4233
2004-09-21,4229,4229,4229
2004-09-22,4222,4222,4222
2004-09-23,4180,4180,4180
2004-09-24,4149,4149,4149
2004-09-27,4123,4123,4123
2004-09-28,4106,4106,4106
2004-09-29,4100,4100,4100
2004-09-30,4105,4105,4105
2004-10-01,4112,4112,4112
2004-10-04,4130,4130,4130
2004-10-05,4157,4157,4157
2004-10-06,4190,4190,4190
2004-10-07,4254,4254,4254
2004-10-08,4313,4313,4313
2004-10-11,4354,4354,4354
2004-10-12,4408,4408,4408
2004-10-13,4473,4473,4473
2004-10-14,4522,4522,4522
2004-10-15,4572,4572,4572
2004-10-18,4602,4602,4602
2004-10-19,4625,4625,4625
2004-10-20,4663,4663,4663
2004-10-21,4727,4727,4727
2004-10-22,4786,4786,4786
2004-10-25,4828,4828,4828
2004-10-26,4877,4877,4877
2004-10-27,4901,4901,4901
2004-10-28,4912,4912,4912
2004-10-29,4922,4922,4922
2004-11-01,4928,4928,4928
2004-11-02,4937,4937,4937
2004-11-03,4950,4950,4950
2004-11-04,4994,4994,4994
2004-11-05,5027,5027,5027
2004-11-08,5040,5040,5040
2004-11-09,5060,5060,5060
2004-11-10,5082,5082,5082
2004-11-11,5107,5107,5107
2004-11-12,5125,5125,5125
2004-11-15,5152,5152,5152
2004-11-16,5191,5191,5191
2004-11-17,5264,5264,5264
2004-11-18,5335,5335,5335
2004-11-19,5393,5393,5393
2004-11-22,5442,5442,5442
2004-11-23,5514,5514,5514
2004-11-24,5626,5626,5626
2004-11-25,5734,5734,5734
2004-11-26,5870,5870,5870
2004-11-29,5974,5974,5974
2004-11-30,6051,6051,6051
2004-12-01,6092,6092,6092
2004-12-02,6134,6134,6134
2004-12-03,6172,6172,6172
2004-12-06,6208,6208,6208
2004-12-07,6200,6200,6200
2004-12-08,6136,6136,6136
2004-12-09,6013,6013,6013
2004-12-10,5877,5877,5877
2004-12-13,5747,5747,5747
2004-12-14,5551,5551,5551
2004-12-15,5363,5363,5363
2004-12-16,5176,5176,5176
2004-12-17,5003,5003,5003
2004-12-20,4899,4899,4899
2004-12-21,4812,4812,4812
2004-12-22,4719,4719,4719
2004-12-23,4639,4639,4639
2004-12-24,4598,4598,4598
2005-01-04,4456,4456,4456
2005-01-05,4395,4395,4395
2005-01-06,4405,4405,4405
2005-01-07,4485,4485,4485
2005-01-10,4627,4627,4627
2005-01-11,4726,4726,4726
2005-01-12,4776,4776,4776
2005-01-13,4774,4774,4774
2005-01-14,4721,4721,4721
2005-01-17,4668,4668,4668
2005-01-18,4591,4591,4591
2005-01-19,4471,4471,4471
2005-01-20,4358,4358,4358
2005-01-21,4301,4301,4301
2005-01-24,4292,4292,4292
2005-01-25,4307,4307,4307
2005-01-26,4340,4340,4340
2005-01-27,4396,4396,4396
2005-01-28,4461,4461,4461
2005-01-31,4488,4488,4488
2005-02-01,4470,4470,4470
2005-02-02,4408,4408,4408
2005-02-03,4313,4313,4313
2005-02-04,4246,4246,4246
2005-02-07,4192,4192,4192
2005-02-08,4175,4175,4175
2005-02-09,4223,4223,4223
2005-02-10,4320,4320,4320
2005-02-11,4378,4378,4378
2005-02-14,4446,4446,4446
2005-02-15,4511,4511,4511
2005-02-16,4593,4593,4593
2005-02-17,4685,4685,4685
2005-02-18,4763,4763,4763
2005-02-21,4833,4833,4833
2005-02-22,4878,4878,4878
2005-02-23,4880,4880,4880
2005-02-24,4834,4834,4834
2005-02-25,4771,4771,4771
2005-02-28,4726,4726,4726
2005-03-01,4663,4663,4663
2005-03-02,4619,4619,4619
2005-03-03,4619,4619,4619
2005-03-04,4652,4652,4652
2005-03-07,4700,4700,4700
2005-03-08,4745,4745,4745
2005-03-09,4781,4781,4781
2005-03-10,4791,4791,4791
2005-03-11,4768,4768,4768
2005-03-14,4741,4741,4741
2005-03-15,4685,4685,4685
2005-03-16,4596,4596,4596
2005-03-17,4575,4575,4575
2005-03-18,4625,4625,4625
2005-03-21,4665,4665,4665
2005-03-22,4679,4679,4679
2005-03-23,4685,4685,4685
2005-03-24,4685,4685,4685
2005-03-29,4672,4672,4672
2005-03-30,4653,4653,4653
2005-03-31,4637,4637,4637
2005-04-01,4627,4627,4627
2005-04-04,4631,4631,4631
2005-04-05,4649,4649,4649
2005-04-06,4660,4660,4660
2005-04-07,4676,4676,4676
2005-04-08,4699,4699,4699
2005-04-11,4721,4721,4721
2005-04-12,4753,4753,4753
2005-04-13,4804,4804,4804
2005-04-14,4824,4824,4824
2005-04-15,4835,4835,4835
2005-04-18,4810,4810,4810
2005-04-19,4735,4735,4735
2005-04-20,4620,4620,4620
2005-04-21,4504,4504,4504
2005-04-22,4381,4381,4381
2005-04-25,4284,4284,4284
2005-04-26,4172,4172,4172
2005-04-27,4026,4026,4026
2005-04-28,3921,3921,3921
2005-04-29,3850,3850,3850
2005-05-03,3815,3815,3815
2005-05-04,3835,3835,3835
2005-05-05,3898,3898,3898
2005-05-06,3969,3969,3969
2005-05-09,4024,4024,4024
2005-05-10,4016,4016,4016
2005-05-11,3931,3931,3931
2005-05-12,3832,3832,3832
2005-05-13,3770,3770,3770
2005-05-16,3737,3737,3737
2005-05-17,3695,3695,3695
2005-05-18,3637,3637,3637
2005-05-19,3559,3559,3559
2005-05-20,3523,3523,3523
2005-05-23,3496,3496,3496
2005-05-24,3430,3430,3430
2005-05-25,3366,3366,3366
2005-05-26,3317,3317,3317
2005-05-27,3279,3279,3279
2005-05-31,3219,3219,3219
2005-06-01,3180,3180,3180
2005-06-02,3125,3125,3125
2005-06-03,3093,3093,3093
2005-06-06,3041,3041,3041
2005-06-07,2995,2995,2995
2005-06-08,2931,2931,2931
2005-06-09,2889,2889,2889
2005-06-10,2821,2821,2821
2005-06-13,2762,2762,2762
2005-06-14,2705,2705,2705
2005-06-15,2636,2636,2636
2005-06-16,2586,2586,2586
2005-06-17,2543,2543,2543
2005-06-20,2518,2518,2518
2005-06-21,2510,2510,2510
2005-06-22,2548,2548,2548
2005-06-23,2593,2593,2593
2005-06-24,2617,2617,2617
2005-06-27,2621,2621,2621
2005-06-28,2606,2606,2606
2005-06-29,2573,2573,2573
2005-06-30,2521,2521,2521
2005-07-01,2486,2486,2486
2005-07-04,2461,2461,2461
2005-07-05,2434,2434,2434
2005-07-06,2402,2402,2402
2005-07-07,2384,2384,2384
2005-07-08,2365,2365,2365
2005-07-11,2354,2354,2354
2005-07-12,2345,2345,2345
2005-07-13,2338,2338,2338
2005-07-14,2320,2320,2320
2005-07-15,2307,2307,2307
2005-07-18,2285,2285,2285
2005-07-19,2247,2247,2247
2005-07-20,2201,2201,2201
2005-07-21,2133,2133,2133
2005-07-22,2054,2054,2054
2005-07-25,2004,2004,2004
2005-07-26,1951,1951,1951
2005-07-27,1896,1896,1896
2005-07-28,1851,1851,1851
2005-07-29,1804,1804,1804
2005-08-01,1769,1769,1769
2005-08-02,1749,1749,1749
2005-08-03,1747,1747,1747
2005-08-04,1769,1769,1769
2005-08-05,1819,1819,1819
2005-08-08,1868,1868,1868
2005-08-09,1907,1907,1907
2005-08-10,1959,1959,1959
2005-08-11,2044,2044,2044
2005-08-12,2125,2125,2125
2005-08-15,2169,2169,2169
2005-08-16,2215,2215,2215
2005-08-17,2286,2286,2286
2005-08-18,2372,2372,2372
2005-08-19,2478,2478,2478
2005-08-22,2567,2567,2567
2005-08-23,2612,2612,2612
2005-08-24,2634,2634,2634
2005-08-25,2631,2631,2631
2005-08-26,2625,2625,2625
2005-08-30,2608,2608,2608
2005-08-31,2592,2592,2592
2005-09-01,2548,2548,2548
2005-09-02,2479,2479,2479
2005-09-05,2424,2424,2424
2005-09-06,2418,2418,2418
2005-09-07,2480,2480,2480
2005-09-08,2561,2561,2561
2005-09-09,2626,2626,2626
2005-09-12,2701,2701,2701
2005-09-13,2766,2766,2766
2005-09-14,2819,2819,2819
2005-09-15,2885,2885,2885
2005-09-16,2949,2949,2949
2005-09-19,2977,2977,2977
2005-09-20,3011,3011,3011
2005-09-21,3056,3056,3056
2005-09-22,3073,3073,3073
2005-09-23,3069,3069,3069
2005-09-26,3058,3058,3058
2005-09-27,3011,3011,3011
2005-09-28,2953,2953,2953
2005-09-29,2907,2907,2907
2005-09-30,2907,2907,2907
2005-10-03,2944,2944,2944
2005-10-04,2981,2981,2981
2005-10-05,3019,3019,3019
2005-10-06,3062,3062,3062
2005-10-07,3098,3098,3098
2005-10-10,3137,3137,3137
2005-10-11,3202,3202,3202
2005-10-12,3273,3273,3273
2005-10-13,3337,3337,3337
2005-10-14,3370,3370,3370
2005-10-17,3361,3361,3361
2005-10-18,3305,3305,3305
2005-10-19,3227,3227,3227
2005-10-20,3162,3162,3162
2005-10-21,3130,3130,3130
2005-10-24,3116,3116,3116
2005-10-25,3125,3125,3125
2005-10-26,3139,3139,3139
2005-10-27,3149,3149,3149
2005-10-28,3140,3140,3140
2005-10-31,3113,3113,3113
2005-11-01,3081,3081,3081
2005-11-02,3030,3030,3030
2005-11-03,2988,2988,2988
2005-11-04,2967,2967,2967
2005-11-07,2945,2945,2945
2005-11-08,2935,2935,2935
2005-11-09,2946,2946,2946
2005-11-10,3004,3004,3004
2005-11-11,3033,3033,3033
2005-11-14,3048,3048,3048
2005-11-15,3029,3029,3029
2005-11-16,2991,2991,2991
2005-11-17,2935,2935,2935
2005-11-18,2898,2898,2898
2005-11-21,2869,2869,2869
2005-11-22,2837,2837,2837
2005-11-23,2810,2810,2810
2005-11-24,2786,2786,2786
2005-11-25,2757,2757,2757
2005-11-28,2739,2739,2739
2005-11-29,2743,2743,2743
2005-11-30,2770,2770,2770
2005-12-01,2772,2772,2772
2005-12-02,2767,2767,2767
2005-12-05,2764,2764,2764
2005-12-06,2746,2746,2746
2005-12-07,2693,2693,2693
2005-12-08,2650,2650,2650
2005-12-09,2639,2639,2639
2005-12-12,2624,2624,2624
2005-12-13,2613,2613,2613
2005-12-14,2582,2582,2582
2005-12-15,2566,2566,2566
2005-12-16,2536,2536,2536
2005-12-19,2510,2510,2510
2005-12-20,2475,2475,2475
2005-12-21,2439,2439,2439
2005-12-22,2417,2417,2417
2005-12-23,2407,2407,2407
2006-01-03,2438,2438,2438
2006-01-04,2468,2468,2468
2006-01-05,2495,2495,2495
2006-01-06,2497,2497,2497
2006-01-09,2493,2493,2493
2006-01-10,2470,2470,2470
2006-01-11,2428,2428,2428
2006-01-12,2382,2382,2382
2006-01-13,2341,2341,2341
2006-01-16,2307,2307,2307
2006-01-17,2263,2263,2263
2006-01-18,2214,2214,2214
2006-01-19,2169,2169,2169
2006-01-20,2121,2121,2121
2006-01-23,2084,2084,2084
2006-01-24,2050,2050,2050
2006-01-25,2033,2033,2033
2006-01-26,2037,2037,2037
2006-01-27,2057,2057,2057
2006-01-30,2069,2069,2069
2006-01-31,2081,2081,2081
2006-02-01,2087,2087,2087
2006-02-02,2115,2115,2115
2006-02-03,2145,2145,2145
2006-02-06,2167,2167,2167
2006-02-07,2192,2192,2192
2006-02-08,2223,2223,2223
2006-02-09,2256,2256,2256
2006-02-10,2297,2297,2297
2006-02-13,2328,2328,2328
2006-02-14,2389,2389,2389
2006-02-15,2484,2484,2484
2006-02-16,2621,2621,2621
2006-02-17,2740,2740,2740
2006-02-20,2798,2798,2798
2006-02-21,2792,2792,2792
2006-02-22,2668,2668,2668
2006-02-23,2626,2626,2626
2006-02-24,2622,2622,2622
2006-02-27,2644,2644,2644
2006-02-28,2680,2680,2680
2006-03-01,2708,2708,2708
2006-03-02,2698,2698,2698
2006-03-03,2682,2682,2682
2006-03-06,2674,2674,2674
2006-03-07,2667,2667,2667
2006-03-08,2682,2682,2682
2006-03-09,2702,2702,2702
2006-03-10,2704,2704,2704
2006-03-13,2697,2697,2697
2006-03-14,2666,2666,2666
2006-03-15,2605,2605,2605
2006-03-16,2537,2537,2537
2006-03-17,2502,2502,2502
2006-03-20,2493,2493,2493
2006-03-21,2511,2511,2511
2006-03-22,2526,2526,2526
2006-03-23,2550,2550,2550
2006-03-24,2565,2565,2565
2006-03-27,2569,2569,2569
2006-03-28,2533,2533,2533
2006-03-29,2510,2510,2510
2006-03-30,2496,2496,2496
2006-03-31,2496,2496,2496
2006-04-03,2508,2508,2508
2006-04-04,2513,2513,2513
2006-04-05,2508,2508,2508
2006-04-06,2504,2504,2504
2006-04-07,2514,2514,2514
2006-04-10,2516,2516,2516
2006-04-11,2515,2515,2515
2006-04-12,2504,2504,2504
2006-04-13,2503,2503,2503
2006-04-18,2495,2495,2495
2006-04-19,2479,2479,2479
2006-04-20,2451,2451,2451
2006-04-21,2434,2434,2434
2006-04-24,2421,2421,2421
2006-04-25,2397,2397,2397
2006-04-26,2378,2378,2378
2006-04-27,2370,2370,2370
2006-04-28,2368,2368,2368
2006-05-02,2364,2364,2364
2006-05-03,2365,2365,2365
2006-05-04,2372,2372,2372
2006-05-05,2383,2383,2383
2006-05-08,2399,2399,2399
2006-05-09,2414,2414,2414
2006-05-10,2440,2440,2440
2006-05-11,2472,2472,2472
2006-05-12,2491,2491,2491
2006-05-15,2501,2501,2501
2006-05-16,2502,2502,2502
2006-05-17,2492,2492,2492
2006-05-18,2482,2482,2482
2006-05-19,2479,2479,2479
2006-05-22,2476,2476,2476
2006-05-23,2468,2468,2468
2006-05-24,2453,2453,2453
2006-05-25,2442,2442,2442
2006-05-26,2432,2432,2432
2006-05-30,2416,2416,2416
2006-05-31,2436,2436,2436
2006-06-01,2478,2478,2478
2006-06-02,2514,2514,2514
2006-06-05,2551,2551,2551
2006-06-06,2580,2580,2580
2006-06-07,2599,2599,2599
2006-06-08,2631,2631,2631
2006-06-09,2653,2653,2653
2006-06-12,2672,2672,2672
2006-06-13,2699,2699,2699
2006-06-14,2715,2715,2715
2006-06-15,2723,2723,2723
2006-06-16,2725,2725,2725
2006-06-19,2728,2728,2728
2006-06-20,2729,2729,2729
2006-06-21,2739,2739,2739
2006-06-22,2774,2774,2774
2006-06-23,2808,2808,2808
2006-06-26,2829,2829,2829
2006-06-27,2862,2862,2862
2006-06-28,2898,2898,2898
2006-06-29,2935,2935,2935
2006-06-30,2964,2964,2964
2006-07-03,2983,2983,2983
2006-07-04,2965,2965,2965
2006-07-05,2926,2926,2926
2006-07-06,2894,2894,2894
2006-07-07,2870,2870,2870
2006-07-10,2864,2864,2864
2006-07-11,2849,2849,2849
2006-07-12,2865,2865,2865
2006-07-13,2905,2905,2905
2006-07-14,2968,2968,2968
2006-07-17,3004,3004,3004
2006-07-18,3053,3053,3053
2006-07-19,3116,3116,3116
2006-07-20,3162,3162,3162
2006-07-21,3191,3191,3191
2006-07-24,3202,3202,3202
2006-07-25,3221,3221,3221
2006-07-26,3227,3227,3227
2006-07-27,3236,3236,3236
2006-07-28,3260,3260,3260
2006-07-31,3285,3285,3285
2006-08-01,3337,3337,3337
2006-08-02,3450,3450,3450
2006-08-03,3560,3560,3560
2006-08-04,3617,3617,3617
2006-08-07,3654,3654,3654
2006-08-08,3679,3679,3679
2006-08-09,3678,3678,3678
2006-08-10,3681,3681,3681
2006-08-11,3714,3714,3714
2006-08-14,3755,3755,3755
2006-08-15,3824,3824,3824
2006-08-16,3841,3841,3841
2006-08-17,3812,3812,3812
2006-08-18,3755,3755,3755
2006-08-21,3720,3720,3720
2006-08-22,3672,3672,3672
2006-08-23,3633,3633,3633
2006-08-24,3644,3644,3644
2006-08-25,3690,3690,3690
2006-08-29,3750,3750,3750
2006-08-30,3795,3795,3795
2006-08-31,3847,3847,3847
2006-09-01,3875,3875,3875
2006-09-04,3882,3882,3882
2006-09-05,3882,3882,3882
2006-09-06,3877,3877,3877
2006-09-07,3888,3888,3888
2006-09-08,3914,3914,3914
2006-09-11,3948,3948,3948
2006-09-12,4010,4010,4010
2006-09-13,4129,4129,4129
2006-09-14,4207,4207,4207
2006-09-15,4258,4258,4258
2006-09-18,4279,4279,4279
2006-09-19,4275,4275,4275
2006-09-20,4244,4244,4244
2006-09-21,4200,4200,4200
2006-09-22,4136,4136,4136
2006-09-25,4069,4069,4069
2006-09-26,3979,3979,3979
2006-09-27,3915,3915,3915
2006-09-28,3911,3911,3911
2006-09-29,3944,3944,3944
2006-10-02,3956,3956,3956
2006-10-03,3960,3960,3960
2006-10-04,3941,3941,3941
2006-10-05,3931,3931,3931
2006-10-06,3964,3964,3964
2006-10-09,4015,4015,4015
2006-10-10,4042,4042,4042
2006-10-11,4070,4070,4070
2006-10-12,4126,4126,4126
2006-10-13,4169,4169,4169
2006-10-16,4182,4182,4182
2006-10-17,4159,4159,4159
2006-10-18,4109,4109,4109
2006-10-19,4053,4053,4053
2006-10-20,4017,4017,4017
2006-10-23,3996,3996,3996
2006-10-24,3978,3978,3978
2006-10-25,3960,3960,3960
2006-10-26,3955,3955,3955
2006-10-27,3982,3982,3982
2006-10-30,4006,4006,4006
2006-10-31,4037,4037,4037
2006-11-01,4100,4100,4100
2006-11-02,4146,4146,4146
2006-11-03,4188,4188,4188
2006-11-06,4214,4214,4214
2006-11-07,4242,4242,4242
2006-11-08,4256,4256,4256
2006-11-09,4245,4245,4245
2006-11-10,4210,4210,4210
2006-11-13,4180,4180,4180
2006-11-14,4153,4153,4153
2006-11-15,4134,4134,4134
2006-11-16,4121,4121,4121
2006-11-17,4129,4129,4129
2006-11-20,4137,4137,4137
2006-11-21,4138,4138,4138
2006-11-22,4144,4144,4144
2006-11-23,4163,4163,4163
2006-11-24,4185,4185,4185
2006-11-27,4208,4208,4208
2006-11-28,4255,4255,4255
2006-11-29,4298,4298,4298
2006-11-30,4336,4336,4336
2006-12-01,4369,4369,4369
2006-12-04,4400,4400,4400
2006-12-05,4407,4407,4407
2006-12-06,4367,4367,4367
2006-12-07,4323,4323,4323
2006-12-08,4294,4294,4294
2006-12-11,4275,4275,4275
2006-12-12,4270,4270,4270
2006-12-13,4294,4294,4294
2006-12-14,4307,4307,4307
2006-12-15,4318,4318,4318
2006-12-18,4324,4324,4324
2006-12-19,4330,4330,4330
2006-12-20,4336,4336,4336
2006-12-21,4362,4362,4362
2006-12-22,4397,4397,4397
2007-01-02,4421,4421,4421
2007-01-03,4452,4452,4452
2007-01-04,4494,4494,4494
2007-01-05,4539,4539,4539
2007-01-08,4579,4579,4579
2007-01-09,4617,4617,4617
2007-01-10,4640,4640,4640
2007-01-11,4647,4647,4647
2007-01-12,4642,4642,4642
2007-01-15,4629,4629,4629
2007-01-16,4555,4555,4555
2007-01-17,4481,4481,4481
2007-01-18,4411,4411,4411
2007-01-19,4362,4362,4362
2007-01-22,4340,4340,4340
2007-01-23,4360,4360,4360
2007-01-24,4381,4381,4381
2007-01-25,4385,4385,4385
2007-01-26,4367,4367,4367
2007-01-29,4343,4343,4343
2007-01-30,4287,4287,4287
2007-01-31,4225,4225,4225
2007-02-01,4219,4219,4219
2007-02-02,4243,4243,4243
2007-02-05,4265,4265,4265
2007-02-06,4291,4291,4291
2007-02-07,4313,4313,4313
2007-02-08,4323,4323,4323
2007-02-09,4328,4328,4328
2007-02-12,4348,4348,4348
2007-02-13,4360,4360,4360
2007-02-14,4366,4366,4366
2007-02-15,4352,4352,4352
2007-02-16,4355,4355,4355
2007-02-19,4355,4355,4355
2007-02-20,4359,4359,4359
2007-02-21,4399,4399,4399
2007-02-22,4456,4456,4456
2007-02-23,4545,4545,4545
2007-02-26,4609,4609,4609
2007-02-27,4704,4704,4704
2007-02-28,4765,4765,4765
2007-03-01,4818,4818,4818
2007-03-02,4872,4872,4872
2007-03-05,4908,4908,4908
2007-03-06,4921,4921,4921
2007-03-07,4937,4937,4937
2007-03-08,4963,4963,4963
2007-03-09,5000,5000,5000
2007-03-12,5041,5041,5041
2007-03-13,5069,5069,5069
2007-03-14,5077,5077,5077
2007-03-15,5071,5071,5071
2007-03-16,5086,5086,5086
2007-03-19,5123,5123,5123
2007-03-20,5172,5172,5172
2007-03-21,5226,5226,5226
2007-03-22,5275,5275,5275
2007-03-23,5330,5330,5330
2007-03-26,5357,5357,5357
2007-03-27,5364,5364,5364
2007-03-28,5356,5356,5356
2007-03-29,5355,5355,5355
2007-03-30,5388,5388,5388
2007-04-02,5417,5417,5417
2007-04-03,5439,5439,5439
2007-04-04,5487,5487,5487
2007-04-05,5532,5532,5532
2007-04-10,5552,5552,5552
2007-04-11,5556,5556,5556
2007-04-12,5546,5546,5546
2007-04-13,5553,5553,5553
2007-04-16,5562,5562,5562
2007-04-17,5601,5601,5601
2007-04-18,5700,5700,5700
2007-04-19,5782,5782,5782
2007-04-20,5850,5850,5850
2007-04-23,5922,5922,5922
2007-04-24,6029,6029,6029
2007-04-25,6122,6122,6122
2007-04-26,6192,6192,6192
2007-04-27,6230,6230,6230
2007-04-30,6248,6248,6248
2007-05-01,6255,6255,6255
2007-05-02,6262,6262,6262
2007-05-03,6276,6276,6276
2007-05-04,6321,6321,6321
2007-05-08,6395,6395,6395
2007-05-09,6478,6478,6478
2007-05-10,6585,6585,6585
2007-05-11,6648,6648,6648
2007-05-14,6685,6685,6685
2007-05-15,6688,6688,6688
2007-05-16,6650,6650,6650
2007-05-17,6603,6603,6603
2007-05-18,6554,6554,6554
2007-05-21,6521,6521,6521
2007-05-22,6471,6471,6471
2007-05-23,6422,6422,6422
2007-05-24,6304,6304,6304
2007-05-25,6212,6212,6212
2007-05-29,6123,6123,6123
2007-05-30,6023,6023,6023
2007-05-31,5971,5971,5971
2007-06-01,5983,5983,5983
2007-06-04,6011,6011,6011
2007-06-05,6023,6023,6023
2007-06-06,5988,5988,5988
2007-06-07,5877,5877,5877
2007-06-08,5736,5736,5736
2007-06-11,5661,5661,5661
2007-06-12,5538,5538,5538
2007-06-13,5407,5407,5407
2007-06-14,5302,5302,5302
2007-06-15,5258,5258,5258
2007-06-18,5254,5254,5254
2007-06-19,5310,5310,5310
2007-06-20,5438,5438,5438
2007-06-21,5672,5672,5672
2007-06-22,5922,5922,5922
2007-06-25,6038,6038,6038
2007-06-26,6105,6105,6105
2007-06-27,6180,6180,6180
2007-06-28,6234,6234,6234
2007-06-29,6278,6278,6278
2007-07-02,6304,6304,6304
2007-07-03,6302,6302,6302
2007-07-04,6293,6293,6293
2007-07-05,6251,6251,6251
2007-07-06,6201,6201,6201
2007-07-09,6220,6220,6220
2007-07-10,6301,6301,6301
2007-07-11,6484,6484,6484
2007-07-12,6656,6656,6656
2007-07-13,6706,6706,6706
2007-07-16,6692,6692,6692
2007-07-17,6637,6637,6637
2007-07-18,6582,6582,6582
2007-07-19,6567,6567,6567
2007-07-20,6601,6601,6601
2007-07-23,6659,6659,6659
2007-07-24,6720,6720,6720
2007-07-25,6780,6780,6780
2007-07-26,6838,6838,6838
2007-07-27,6890,6890,6890
2007-07-30,6936,6936,6936
2007-07-31,6967,6967,6967
2007-08-01,6993,6993,6993
2007-08-02,7000,7000,7000
2007-08-03,7007,7007,7007
2007-08-06,6990,6990,6990
2007-08-07,6966,6966,6966
2007-08-08,6917,6917,6917
2007-08-09,6936,6936,6936
2007-08-10,7011,7011,7011
2007-08-13,7066,7066,7066
2007-08-14,7143,7143,7143
2007-08-15,7231,7231,7231
2007-08-16,7319,7319,7319
2007-08-17,7313,7313,7313
2007-08-20,7289,7289,7289
2007-08-21,7243,7243,7243
2007-08-22,7211,7211,7211
2007-08-23,7237,7237,7237
2007-08-24,7277,7277,7277
2007-08-28,7381,7381,7381
2007-08-29,7474,7474,7474
2007-08-30,7586,7586,7586
2007-08-31,7702,7702,7702
2007-09-03,7783,7783,7783
2007-09-04,7907,7907,7907
2007-09-05,8090,8090,8090
2007-09-06,8270,8270,8270
2007-09-07,8410,8410,8410
2007-09-10,8477,8477,8477
2007-09-11,8468,8468,8468
2007-09-12,8421,8421,8421
2007-09-13,8340,8340,8340
2007-09-14,8302,8302,8302
2007-09-17,8296,8296,8296
2007-09-18,8313,8313,8313
2007-09-19,8429,8429,8429
2007-09-20,8619,8619,8619
2007-09-21,8956,8956,8956
2007-09-24,9082,9082,9082
2007-09-25,9215,9215,9215
2007-09-26,9259,9259,9259
2007-09-27,9370,9370,9370
2007-09-28,9474,9474,9474
2007-10-01,9537,9537,9537
2007-10-02,9566,9566,9566
2007-10-03,9561,9561,9561
2007-10-04,9513,9513,9513
2007-10-05,9535,9535,9535
2007-10-08,9665,9665,9665
2007-10-09,9860,9860,9860
2007-10-10,10218,10218,10218
2007-10-11,10513,10513,10513
2007-10-12,10695,10695,10695
2007-10-15,10756,10756,10756
2007-10-16,10748,10748,10748
2007-10-17,10724,10724,10724
2007-10-18,10732,10732,10732
2007-10-19,10798,10798,10798
2007-10-22,10853,10853,10853
2007-10-23,10944,10944,10944
2007-10-24,10984,10984,10984
2007-10-25,10994,10994,10994
2007-10-26,11025,11025,11025
2007-10-29,11033,11033,11033
2007-10-30,10886,10886,10886
2007-10-31,10656,10656,10656
2007-11-01,10581,10581,10581
2007-11-02,10548,10548,10548
2007-11-05,10539,10539,10539
2007-11-06,10605,10605,10605
2007-11-07,10674,10674,10674
2007-11-08,10744,10744,10744
2007-11-09,10867,10867,10867
2007-11-12,10995,10995,10995
2007-11-13,11039,11039,11039
2007-11-14,10995,10995,10995
2007-11-15,10938,10938,10938
2007-11-16,10870,10870,10870
2007-11-19,10780,10780,10780
2007-11-20,10647,10647,10647
2007-11-21,10517,10517,10517
2007-11-22,10328,10328,10328
2007-11-23,10148,10148,10148
2007-11-26,10003,10003,10003
2007-11-27,9897,9897,9897
2007-11-28,9922,9922,9922
2007-11-29,10092,10092,10092
2007-11-30,10210,10210,10210
2007-12-03,10270,10270,10270
2007-12-04,10285,10285,10285
2007-12-05,10216,10216,10216
2007-12-06,10142,10142,10142
2007-12-07,10068,10068,10068
2007-12-10,9992,9992,9992
2007-12-11,9929,9929,9929
2007-12-12,9936,9936,9936
2007-12-13,9949,9949,9949
2007-12-14,9918,9918,9918
2007-12-17,9848,9848,9848
2007-12-18,9751,9751,9751
2007-12-19,9591,9591,9591
2007-12-20,9392,9392,9392
2007-12-21,9236,9236,9236
2007-12-24,9143,9143,9143
2008-01-02,8891,8891,8891
2008-01-03,8756,8756,8756
2008-01-04,8702,8702,8702
2008-01-07,8732,8732,8732
2008-01-08,8730,8730,8730
2008-01-09,8621,8621,8621
2008-01-10,8333,8333,8333
2008-01-11,7949,7949,7949
2008-01-14,7654,7654,7654
2008-01-15,7336,7336,7336
2008-01-16,6915,6915,6915
2008-01-17,6472,6472,6472
2008-01-18,6462,6462,6462
2008-01-21,6513,6513,6513
2008-01-22,6437,6437,6437
2008-01-23,6246,6246,6246
2008-01-24,5948,5948,5948
2008-01-25,5780,5780,5780
2008-01-28,5692,5692,5692
2008-01-29,5615,5615,5615
2008-01-30,5900,5900,5900
2008-01-31,6052,6052,6052
2008-02-01,6134,6134,6134
2008-02-04,6121,6121,6121
2008-02-05,6032,6032,6032
2008-02-06,6002,6002,6002
2008-02-07,6135,6135,6135
2008-02-08,6353,6353,6353
2008-02-11,6520,6520,6520
2008-02-12,6712,6712,6712
2008-02-13,6965,6965,6965
2008-02-14,7212,7212,7212
2008-02-15,7355,7355,7355
2008-02-18,7381,7381,7381
2008-02-19,7319,7319,7319
2008-02-20,7081,7081,7081
2008-02-21,6998,6998,6998
2008-02-22,7187,7187,7187
2008-02-25,7296,7296,7296
2008-02-26,7312,7312,7312
2008-02-27,7299,7299,7299
2008-02-28,7332,7332,7332
2008-02-29,7613,7613,7613
2008-03-03,7878,7878,7878
2008-03-04,7993,7993,7993
2008-03-05,8162,8162,8162
2008-03-06,8403,8403,8403
2008-03-07,8536,8536,8536
2008-03-10,8624,8624,8624
2008-03-11,8560,8560,8560
2008-03-12,8346,8346,8346
2008-03-13,8092,8092,8092
2008-03-14,7972,7972,7972
2008-03-17,7913,7913,7913
2008-03-18,7893,7893,7893
2008-03-19,7801,7801,7801
2008-03-20,7684,7684,7684
2008-03-25,7619,7619,7619
2008-03-26,7679,7679,7679
2008-03-27,7884,7884,7884
2008-03-28,8069,8069,8069
2008-03-31,8081,8081,8081
2008-04-01,7890,7890,7890
2008-04-02,7655,7655,7655
2008-04-03,7690,7690,7690
2008-04-04,7737,7737,7737
2008-04-07,7741,7741,7741
2008-04-08,7754,7754,7754
2008-04-09,7760,7760,7760
2008-04-10,7823,7823,7823
2008-04-11,7889,7889,7889
2008-04-14,7961,7961,7961
2008-04-15,7957,7957,7957
2008-04-16,7967,7967,7967
2008-04-17,8038,8038,8038
2008-04-18,8203,8203,8203
2008-04-21,8350,8350,8350
2008-04-22,8550,8550,8550
2008-04-23,8862,8862,8862
2008-04-24,9182,9182,9182
2008-04-25,9329,9329,9329
2008-04-28,9344,9344,9344
2008-04-29,9273,9273,9273
2008-04-30,9356,9356,9356
2008-05-01,9439,9439,9439
2008-05-02,9581,9581,9581
2008-05-06,9855,9855,9855
2008-05-07,10104,10104,10104
2008-05-08,10221,10221,10221
2008-05-09,10237,10237,10237
2008-05-12,10220,10220,10220
2008-05-13,10354,10354,10354
2008-05-14,10649,10649,10649
2008-05-15,11067,11067,11067
2008-05-16,11459,11459,11459
2008-05-19,11709,11709,11709
2008-05-20,11793,11793,11793
2008-05-21,11771,11771,11771
2008-05-22,11648,11648,11648
2008-05-23,11465,11465,11465
2008-05-27,11269,11269,11269
2008-05-28,11245,11245,11245
2008-05-29,11347,11347,11347
2008-05-30,11440,11440,11440
2008-06-02,11458,11458,11458
2008-06-03,11503,11503,11503
2008-06-04,11623,11623,11623
2008-06-05,11689,11689,11689
2008-06-06,11612,11612,11612
2008-06-09,11534,11534,11534
2008-06-10,11409,11409,11409
2008-06-11,11105,11105,11105
2008-06-12,10142,10142,10142
2008-06-13,9646,9646,9646
2008-06-16,9419,9419,9419
2008-06-17,9413,9413,9413
2008-06-18,9437,9437,9437
2008-06-19,9474,9474,9474
2008-06-20,9428,9428,9428
2008-06-23,9211,9211,9211
2008-06-24,9139,9139,9139
2008-06-25,9244,9244,9244
2008-06-26,9473,9473,9473
2008-06-27,9599,9599,9599
2008-06-30,9589,9589,9589
2008-07-01,9379,9379,9379
2008-07-02,9139,9139,9139
2008-07-03,8925,8925,8925
2008-07-04,8854,8854,8854
2008-07-07,8964,8964,8964
2008-07-08,9147,9147,9147
2008-07-09,9272,9272,9272
2008-07-10,9313,9313,9313
2008-07-11,9230,9230,9230
2008-07-14,9181,9181,9181
2008-07-15,9150,9150,9150
2008-07-16,9092,9092,9092
2008-07-17,9059,9059,9059
2008-07-18,9012,9012,9012
2008-07-21,8961,8961,8961
2008-07-22,8904,8904,8904
2008-07-23,8856,8856,8856
2008-07-24,8771,8771,8771
2008-07-25,8637,8637,8637
2008-07-28,8513,8513,8513
2008-07-29,8434,8434,8434
2008-07-30,8388,8388,8388
2008-07-31,8341,8341,8341
2008-08-01,8280,8280,8280
2008-08-04,8209,8209,8209
2008-08-05,8100,8100,8100
2008-08-06,7869,7869,7869
2008-08-07,7521,7521,7521
2008-08-08,7201,7201,7201
2008-08-11,7055,7055,7055
2008-08-12,6992,6992,6992
2008-08-13,7097,7097,7097
2008-08-14,7420,7420,7420
2008-08-15,7557,7557,7557
2008-08-18,7622,7622,7622
2008-08-19,7543,7543,7543
2008-08-20,7344,7344,7344
2008-08-21,7190,7190,7190
2008-08-22,7147,7147,7147
2008-08-26,7115,7115,7115
2008-08-27,7050,7050,7050
2008-08-28,6929,6929,6929
2008-08-29,6809,6809,6809
2008-09-01,6691,6691,6691
2008-09-02,6466,6466,6466
2008-09-03,6146,6146,6146
2008-09-04,5874,5874,5874
2008-09-05,5663,5663,5663
2008-09-08,5492,5492,5492
2008-09-09,5255,5255,5255
2008-09-10,5026,5026,5026
2008-09-11,4893,4893,4893
2008-09-12,4800,4800,4800
2008-09-15,4747,4747,4747
2008-09-16,4760,4760,4760
2008-09-17,4856,4856,4856
2008-09-18,4958,4958,4958
2008-09-19,4975,4975,4975
2008-09-22,4949,4949,4949
2008-09-23,4782,4782,4782
2008-09-24,4489,4489,4489
2008-09-25,4163,4163,4163
2008-09-26,3746,3746,3746
2008-09-29,3504,3504,3504
2008-09-30,3217,3217,3217
2008-10-01,3025,3025,3025
2008-10-02,2990,2990,2990
2008-10-03,3002,3002,3002
2008-10-06,2992,2992,2992
2008-10-07,2922,2922,2922
2008-10-08,2764,2764,2764
2008-10-09,2503,2503,2503
2008-10-10,2221,2221,2221
2008-10-13,1976,1976,1976
2008-10-14,1809,1809,1809
2008-10-15,1615,1615,1615
2008-10-16,1506,1506,1506
2008-10-17,1438,1438,1438
2008-10-20,1355,1355,1355
2008-10-21,1292,1292,1292
2008-10-22,1221,1221,1221
2008-10-23,1149,1149,1149
2008-10-24,1102,1102,1102
2008-10-27,1048,1048,1048
2008-10-28,982,982,982
2008-10-29,925,925,925
2008-10-30,885,885,885
2008-10-31,851,851,851
2008-11-03,827,827,827
2008-11-04,815,815,815
2008-11-05,826,826,826
2008-11-06,839,839,839
2008-11-07,829,829,829
2008-11-10,820,820,820
2008-11-11,818,818,818
2008-11-12,824,824,824
2008-11-13,838,838,838
2008-11-14,841,841,841
2008-11-17,856,856,856
2008-11-18,865,865,865
2008-11-19,859,859,859
2008-11-20,847,847,847
2008-11-21,836,836,836
2008-11-24,824,824,824
2008-11-25,804,804,804
2008-11-26,763,763,763
2008-11-27,733,733,733
2008-11-28,715,715,715
2008-12-01,700,700,700
2008-12-02,684,684,684
2008-12-03,672,672,672
2008-12-04,666,666,666
2008-12-05,663,663,663
2008-12-08,671,671,671
2008-12-09,679,679,679
2008-12-10,691,691,691
2008-12-11,711,711,711
2008-12-12,764,764,764
2008-12-15,803,803,803
2008-12-16,828,828,828
2008-12-17,836,836,836
2008-12-18,829,829,829
2008-12-19,818,818,818
2008-12-22,801,801,801
2008-12-23,784,784,784
2008-12-24,774,774,774
2009-01-02,773,773,773
2009-01-05,772,772,772
2009-01-06,775,775,775
2009-01-07,789,789,789
2009-01-08,821,821,821
2009-01-09,872,872,872
2009-01-12,889,889,889
2009-01-13,911,911,911
2009-01-14,920,920,920
2009-01-15,908,908,908
2009-01-16,881,881,881
2009-01-19,868,868,868
2009-01-20,872,872,872
2009-01-21,900,900,900
2009-01-22,945,945,945
2009-01-23,980,980,980
2009-01-26,995,995,995
2009-01-27,1004,1004,1004
2009-01-28,1014,1014,1014
2009-01-29,1036,1036,1036
2009-01-30,1070,1070,1070
2009-02-02,1099,1099,1099
2009-02-03,1148,1148,1148
2009-02-04,1316,1316,1316
2009-02-05,1498,1498,1498
2009-02-06,1642,1642,1642
2009-02-09,1815,1815,1815
2009-02-10,1974,1974,1974
2009-02-11,2055,2055,2055
2009-02-12,1989,1989,1989
2009-02-13,1908,1908,1908
2009-02-16,1846,1846,1846
2009-02-17,1895,1895,1895
2009-02-18,1986,1986,1986
2009-02-19,2057,2057,2057
2009-02-20,2099,2099,2099
2009-02-23,2084,2084,2084
2009-02-24,2010,2010,2010
2009-02-25,1960,1960,1960
2009-02-26,1950,1950,1950
2009-02-27,1986,1986,1986
2009-03-02,2014,2014,2014
2009-03-03,2034,2034,2034
2009-03-04,2084,2084,2084
2009-03-05,2167,2167,2167
2009-03-06,2225,2225,2225
2009-03-09,2262,2262,2262
2009-03-10,2298,2298,2298
2009-03-11,2271,2271,2271
2009-03-12,2201,2201,2201
2009-03-13,2122,2122,2122
2009-03-16,2058,2058,2058
2009-03-17,1974,1974,1974
2009-03-18,1861,1861,1861
2009-03-19,1795,1795,1795
2009-03-20,1782,1782,1782
2009-03-23,1773,1773,1773
2009-03-24,1758,1758,1758
2009-03-25,1740,1740,1740
2009-03-26,1714,1714,1714
2009-03-27,1678,1678,1678
2009-03-30,1646,1646,1646
2009-03-31,1615,1615,1615
2009-04-01,1574,1574,1574
2009-04-02,1538,1538,1538
2009-04-03,1506,1506,1506
2009-04-06,1486,1486,1486
2009-04-07,1466,1466,1466
2009-04-08,1463,1463,1463
2009-04-09,1478,1478,1478
2009-04-14,1492,1492,1492
2009-04-15,1534,1534,1534
2009-04-16,1604,1604,1604
2009-04-17,1682,1682,1682
2009-04-20,1737,1737,1737
2009-04-21,1797,1797,1797
2009-04-22,1869,1869,1869
2009-04-23,1897,1897,1897
2009-04-24,1873,1873,1873
2009-04-27,1839,1839,1839
2009-04-28,1790,1790,1790
2009-04-29,1772,1772,1772
2009-04-30,1786,1786,1786
2009-05-01,1806,1806,1806
2009-05-05,1897,1897,1897
2009-05-06,2065,2065,2065
2009-05-07,2194,2194,2194
2009-05-08,2214,2214,2214
2009-05-11,2215,2215,2215
2009-05-12,2253,2253,2253
2009-05-13,2332,2332,2332
2009-05-14,2432,2432,2432
2009-05-15,2544,2544,2544
2009-05-18,2605,2605,2605
2009-05-19,2644,2644,2644
2009-05-20,2665,2665,2665
2009-05-21,2665,2665,2665
2009-05-22,2786,2786,2707
2009-05-26,2942,2942,2942
2009-05-27,3164,3164,3164
2009-05-28,3298,3298,3298
2009-05-29,3494,3494,3494
2009-06-01,3681,3681,3681
2009-06-02,4106,4106,4106
2009-06-03,4291,4291,4291
2009-06-04,4093,4093,4093
2009-06-05,3809,3809,3809
2009-06-08,3646,3646,3646
2009-06-09,3518,3518,3518
2009-06-10,3452,3452,3452
2009-06-11,3483,3483,3483
2009-06-12,3583,3583,3583
2009-06-15,3763,3763,3763
2009-06-16,3951,3951,3951
2009-06-17,4026,4026,4026
2009-06-18,4073,4073,4073
2009-06-19,4070,4070,4070
2009-06-22,4029,4029,4029
2009-06-23,3874,3874,3874
2009-06-24,3751,3751,3751
2009-06-25,3703,3703,3703
2009-06-26,3703,3703,3703
2009-06-29,3734,3734,3734
2009-06-30,3757,3757,3757
2009-07-01,3742,3742,3742
2009-07-02,3672,3672,3672
2009-07-03,3520,3520,3520
2009-07-06,3375,3375,3375
2009-07-07,3216,3216,3216
2009-07-08,3107,3107,3107
2009-07-09,3018,3018,3018
2009-07-10,2985,2985,2985
2009-07-13,2975,2975,2975
2009-07-14,3097,3097,3097
2009-07-15,3324,3324,3324
2009-07-16,3501,3501,3501
2009-07-17,3542,3542,3542
2009-07-20,3511,3511,3511
2009-07-21,3455,3455,3455
2009-07-22,3407,3407,3407
2009-07-23,3355,3355,3355
2009-07-24,3345,3345,3345
2009-07-27,3407,3407,3407
2009-07-28,3475,3475,3475
2009-07-29,3499,3499,3499
2009-07-30,3445,3445,3445
2009-07-31,3350,3350,3350
2009-08-03,3251,3251,3251
2009-08-04,3159,3159,3159
2009-08-05,3051,3051,3051
2009-08-06,2907,2907,2907
2009-08-07,2772,2772,2772
2009-08-10,2689,2689,2689
2009-08-11,2623,2623,2623
2009-08-12,2612,2612,2612
2009-08-13,2685,2685,2685
2009-08-14,2752,2752,2752
2009-08-17,2774,2774,2774
2009-08-18,2704,2704,2704
2009-08-19,2614,2614,2614
2009-08-20,2534,2534,2534
2009-08-21,2468,2468,2468
2009-08-24,2437,2437,2437
2009-08-25,2388,2388,2388
2009-08-26,2427,2427,2427
2009-08-27,2425,2425,2425
2009-08-28,2421,2421,2421
2009-09-01,2423,2423,2423
2009-09-02,2413,2413,2413
2009-09-03,2414,2414,2414
2009-09-04,2415,2415,2415
2009-09-07,2429,2429,2429
2009-09-08,2462,2462,2462
2009-09-09,2491,2491,2491
2009-09-10,2492,2492,2492
2009-09-11,2468,2468,2468
2009-09-14,2450,2450,2450
2009-09-15,2431,2431,2431
2009-09-16,2415,2415,2415
2009-09-17,2390,2390,2390
2009-09-18,2356,2356,2356
2009-09-21,2318,2318,2318
2009-09-22,2246,2246,2246
2009-09-23,2175,2175,2175
2009-09-24,2163,2163,2163
2009-09-25,2183,2183,2183
2009-09-28,2192,2192,2192
2009-09-29,2185,2185,2185
2009-09-30,2220,2220,2220
2009-10-01,2284,2284,2284
2009-10-02,2357,2357,2357
2009-10-05,2362,2362,2362
2009-10-06,2441,2441,2441
2009-10-07,2546,2546,2546
2009-10-08,2647,2647,2647
2009-10-09,2695,2695,2695
2009-10-12,2696,2696,2696
2009-10-13,2646,2646,2646
2009-10-14,2597,2597,2597
2009-10-15,2688,2688,2688
2009-10-16,2728,2728,2728
2009-10-19,2766,2766,2766
2009-10-20,2832,2832,2832
2009-10-21,2917,2917,2917
2009-10-22,3001,3001,3001
2009-10-23,3043,3043,3043
2009-10-26,3044,3044,3044
2009-10-27,3013,3013,3013
2009-10-28,2986,2986,2986
2009-10-29,3013,3013,3013
2009-10-30,3103,3103,3103
2009-11-02,3185,3185,3185
2009-11-03,3247,3247,3247
2009-11-04,3295,3295,3295
2009-11-05,3335,3335,3335
2009-11-06,3393,3393,3393
2009-11-09,3480,3480,3480
2009-11-10,3615,3615,3615
2009-11-11,3748,3748,3748
2009-11-12,3954,3954,3954
2009-11-13,4111,4111,4111
2009-11-16,4220,4220,4220
2009-11-17,4381,4381,4381
2009-11-18,4643,4643,4643
2009-11-19,4661,4661,4661
2009-11-20,4507,4507,4507
2009-11-23,4423,4423,4423
2009-11-24,4340,4340,4340
2009-11-25,4234,4234,4234
2009-11-26,4119,4119,4119
2009-11-27,3974,3974,3974
2009-11-30,3887,3887,3887
2009-12-01,3836,3836,3836
2009-12-02,3918,3918,3918
2009-12-03,4062,4062,4062
2009-12-04,4107,4107,4107
2009-12-07,4036,4036,4036
2009-12-08,3902,3902,3902
2009-12-09,3791,3791,3791
2009-12-10,3671,3671,3671
2009-12-11,3579,3579,3579
2009-12-14,3530,3530,3530
2009-12-15,3518,3518,3518
2009-12-16,3474,3474,3474
2009-12-17,3376,3376,3376
2009-12-18,3258,3258,3258
2009-12-21,3154,3154,3154
2009-12-22,3063,3063,3063
2009-12-23,3023,3023,3023
2009-12-24,3005,3005,3005
2010-01-04,3140,3140,3140
2010-01-05,3270,3270,3270
2010-01-06,3259,3259,3259
2010-01-07,3149,3149,3149
2010-01-08,3140,3140,3140
2010-01-11,3148,3148,3148
2010-01-12,3160,3160,3160
2010-01-13,3175,3175,3175
2010-01-14,3235,3235,3235
2010-01-15,3299,3299,3299
2010-01-18,3295,3295,3295
2010-01-19,3208,3208,3208
2010-01-20,3158,3158,3158
2010-01-21,3170,3170,3170
2010-01-22,3204,3204,3204
2010-01-25,3223,3223,3223
2010-01-26,3205,3205,3205
2010-01-27,3118,3118,3118
2010-01-28,2963,2963,2963
2010-01-29,2848,2848,2848
2010-02-01,2745,2745,2745
2010-02-02,2691,2691,2691
2010-02-03,2673,2673,2673
2010-02-04,2685,2685,2685
2010-02-05,2715,2715,2715
2010-02-08,2722,2722,2722
2010-02-09,2706,2706,2706
2010-02-10,2630,2630,2630
2010-02-11,2575,2575,2575
2010-02-12,2571,2571,2571
2010-02-15,2566,2566,2566
2010-02-16,2598,2598,2598
2010-02-17,2661,2661,2661
2010-02-18,2704,2704,2704
2010-02-19,2714,2714,2714
2010-02-22,2721,2721,2721
2010-02-23,2724,2724,2724
2010-02-24,2707,2707,2707
2010-02-25,2711,2711,2711
2010-02-26,2738,2738,2738
2010-03-01,2760,2760,2760
2010-03-02,2792,2792,2792
2010-03-03,2911,2911,2911
2010-03-04,3121,3121,3121
2010-03-05,3242,3242,3242
2010-03-08,3259,3259,3259
2010-03-09,3210,3210,3210
2010-03-10,3230,3230,3230
2010-03-11,3316,3316,3316
2010-03-12,3506,3506,3506
2010-03-15,3574,3574,3574
2010-03-16,3498,3498,3498
2010-03-17,3427,3427,3427
2010-03-18,3396,3396,3396
2010-03-19,3379,3379,3379
2010-03-22,3337,3337,3337
2010-03-23,3280,3280,3280
2010-03-24,3243,3243,3243
2010-03-25,3177,3177,3177
2010-03-26,3098,3098,3098
2010-03-29,3021,3098,3021
2010-03-30,2982,2982,2982
2010-03-31,2998,2998,2998
2010-04-01,2991,2991,2991
2010-04-02,2991,2991,2991
2010-04-06,2981,2981,2981
2010-04-07,2947,2947,2947
2010-04-08,2922,2922,2922
2010-04-09,2913,2913,2913
2010-04-12,2911,2911,2911
2010-04-13,2928,2928,2928
2010-04-14,2966,2966,2966
2010-04-15,3001,3001,3001
2010-04-16,3009,3009,3009
2010-04-19,3002,3002,3002
2010-04-20,2998,2998,2998
2010-04-21,3009,3009,3009
2010-04-22,3006,3006,3006
2010-04-23,3013,3013,3013
2010-04-26,3020,3020,3020
2010-04-27,3203,3203,3203
2010-04-28,3329,3329,3329
2010-04-29,3359,3359,3359
2010-04-30,3354,3354,3354
2010-05-04,3352,3352,3352
2010-05-05,3379,3379,3379
2010-05-06,3468,3468,3468
2010-05-07,3608,3608,3608
2010-05-10,3707,3707,3707
2010-05-11,3822,3822,3822
2010-05-12,3888,3888,3888
2010-05-13,3914,3914,3914
2010-05-14,3929,3929,3929
2010-05-17,3922,3922,3922
2010-05-18,3882,3882,3882
2010-05-19,3832,3832,3832
2010-05-20,3803,3803,3803
2010-05-21,3844,3844,3844
2010-05-24,3943,3943,3943
2010-05-25,4187,4187,4187
2010-05-26,4209,4209,4209
2010-05-27,4156,4156,4156
2010-05-28,4078,4078,4078
2010-06-01,4074,4074,4074
2010-06-02,4041,4041,4041
2010-06-03,3933,3933,3933
2010-06-04,3844,3844,3844
2010-06-07,3733,3733,3733
2010-06-08,3579,3579,3579
2010-06-09,3514,3514,3514
2010-06-10,3423,3514,3423
2010-06-11,3288,3288,3288
2010-06-14,3115,3115,3115
2010-06-15,3020,3020,3020
2010-06-16,2893,2893,2893
2010-06-17,2784,2784,2784
2010-06-18,2694,2694,2694
2010-06-21,2601,2601,2601
2010-06-22,2547,2547,2547
2010-06-23,2515,2515,2515
2010-06-24,2502,2502,2502
2010-06-25,2501,2501,2501
2010-06-28,2482,2482,2482
2010-06-29,2447,2447,2447
2010-06-30,2406,2406,2406
2010-07-01,2351,2351,2351
2010-07-02,2280,2280,2280
2010-07-05,2216,2216,2216
2010-07-06,2127,2127,2127
2010-07-07,2018,2018,2018
2010-07-08,1940,1940,1940
2010-07-09,1902,1902,1902
2010-07-12,1840,1840,1840
2010-07-13,1790,1790,1790
2010-07-14,1709,1709,1709
2010-07-15,1700,1700,1700
2010-07-16,1720,1720,1720
2010-07-19,1732,1732,1732
2010-07-20,1761,1761,1761
2010-07-21,1781,1781,1781
2010-07-22,1801,1801,1801
2010-07-23,1826,1826,1826
2010-07-26,1841,1841,1841
2010-07-27,1869,1869,1869
2010-07-28,1901,1901,1901
2010-07-29,1942,1942,1942
2010-07-30,1967,1967,1967
2010-08-02,1977,1977,1977
2010-08-03,1964,1964,1964
2010-08-04,1957,1957,1957
2010-08-05,1978,1978,1978
2010-08-06,2030,2030,2030
2010-08-09,2114,2114,2114
2010-08-10,2212,2212,2212
2010-08-11,2378,2378,2378
2010-08-12,2437,2437,2437
2010-08-13,2468,2468,2468
2010-08-16,2488,2488,2488
2010-08-17,2515,2515,2515
2010-08-18,2558,2558,2558
2010-08-19,2644,2644,2644
2010-08-20,2756,2756,2756
2010-08-23,2841,2841,2841
2010-08-24,2861,2861,2861
2010-08-25,2773,2773,2773
2010-08-26,2703,2703,2703
2010-08-27,2712,2712,2712
2010-08-31,2713,2713,2713
2010-09-01,2741,2741,2741
2010-09-02,2835,2835,2835
2010-09-03,2876,2876,2876
2010-09-06,2881,2881,2881
2010-09-07,2918,2918,2918
2010-09-08,2975,2975,2975
2010-09-09,2988,2988,2988
2010-09-10,2995,2995,2995
2010-09-13,2976,2976,2976
2010-09-14,2940,2940,2940
2010-09-15,2840,2840,2840
2010-09-16,2737,2737,2737
2010-09-17,2676,2676,2676
2010-09-20,2628,2628,2628
2010-09-21,2562,2562,2562
2010-09-22,2486,2486,2486
2010-09-23,2461,2461,2461
2010-09-24,2444,2444,2444
2010-09-27,2451,2451,2451
2010-09-28,2504,2504,2504
2010-09-29,2468,2468,2468
2010-09-30,2446,2446,2446
2010-10-01,2452,2452,2452
2010-10-04,2478,2478,2478
2010-10-05,2569,2569,2569
2010-10-06,2639,2639,2639
2010-10-07,2662,2662,2662
2010-10-08,2696,2696,2696
2010-10-11,2695,2695,2695
2010-10-12,2719,2719,2719
2010-10-13,2748,2748,2748
2010-10-14,2769,2769,2769
2010-10-15,2762,2762,2762
2010-10-18,2756,2756,2756
2010-10-19,2744,2744,2744
2010-10-20,2729,2729,2729
2010-10-21,2720,2720,2720
2010-10-22,2727,2727,2727
2010-10-25,2748,2748,2748
2010-10-26,2778,2778,2778
2010-10-27,2784,2784,2784
2010-10-28,2707,2707,2707
2010-10-29,2678,2678,2678
2010-11-01,2648,2648,2648
2010-11-02,2600,2600,2600
2010-11-03,2542,2542,2542
2010-11-04,2510,2510,2510
2010-11-05,2495,2495,2495
2010-11-08,2482,2482,2482
2010-11-09,2467,2467,2467
2010-11-10,2454,2454,2454
2010-11-11,2366,2366,2366
2010-11-12,2313,2313,2313
2010-11-15,2261,2261,2261
2010-11-16,2219,2219,2219
2010-11-17,2188,2188,2188
2010-11-18,2164,2164,2164
2010-11-19,2155,2155,2155
2010-11-22,2179,2179,2179
2010-11-23,2199,2199,2199
2010-11-24,2213,2213,2213
2010-11-25,2200,2200,2200
2010-11-26,2170,2170,2170
2010-11-29,2145,2145,2145
2010-11-30,2099,2099,2099
2010-12-01,2096,2096,2096
2010-12-02,2133,2133,2133
2010-12-03,2168,2168,2168
2010-12-06,2179,2179,2179
2010-12-07,2173,2173,2173
2010-12-08,2144,2144,2144
2010-12-09,2111,2111,2111
2010-12-10,2095,2095,2095
2010-12-13,2076,2076,2076
2010-12-14,2069,2069,2069
2010-12-15,2047,2047,2047
2010-12-16,2028,2028,2028
2010-12-17,1999,1999,1999
2010-12-20,1955,1955,1955
2010-12-21,1886,1886,1886
2010-12-22,1830,1830,1830
2010-12-23,1795,1795,1795
2010-12-24,1773,1773,1773
2011-01-04,1693,1693,1693
2011-01-05,1621,1621,1621
2011-01-06,1544,1544,1544
2011-01-07,1519,1519,1519
2011-01-10,1495,1495,1495
2011-01-11,1480,1480,1480
2011-01-12,1453,1453,1453
2011-01-13,1446,1446,1446
2011-01-14,1439,1439,1439
2011-01-17,1439,1439,1439
2011-01-18,1432,1432,1432
2011-01-19,1411,1411,1411
2011-01-20,1393,1393,1393
2011-01-21,1370,1370,1370
2011-01-24,1345,1345,1345
2011-01-25,1292,1292,1292
2011-01-26,1234,1234,1234
2011-01-27,1186,1186,1186
2011-01-28,1137,1137,1137
2011-01-31,1107,1107,1107
2011-02-01,1084,1084,1084
2011-02-02,1064,1064,1064
2011-02-03,1045,1045,1045
2011-02-04,1043,1043,1043
2011-02-07,1045,1045,1045
2011-02-08,1064,1064,1064
2011-02-09,1092,1092,1092
2011-02-10,1136,1136,1136
2011-02-11,1178,1178,1178
2011-02-14,1206,1206,1206
2011-02-15,1236,1236,1236
2011-02-16,1271,1271,1271
2011-02-17,1292,1292,1292
2011-02-18,1301,1301,1301
2011-02-21,1295,1295,1295
2011-02-22,1279,1279,1279
2011-02-23,1253,1253,1253
2011-02-24,1242,1242,1242
2011-02-25,1245,1245,1245
2011-02-28,1251,1251,1251
2011-03-01,1262,1262,1262
2011-03-02,1281,1281,1281
2011-03-03,1317,1317,1317
2011-03-04,1346,1346,1346
2011-03-07,1382,1382,1382
2011-03-08,1424,1424,1424
2011-03-09,1472,1472,1472
2011-03-10,1538,1538,1538
2011-03-11,1562,1562,1562
2011-03-14,1559,1559,1559
2011-03-15,1548,1548,1548
2011-03-16,1538,1538,1538
2011-03-17,1533,1533,1533
2011-03-18,1531,1531,1531
2011-03-21,1531,1531,1531
2011-03-22,1543,1543,1543
2011-03-23,1565,1565,1565
2011-03-24,1583,1583,1583
2011-03-25,1585,1585,1585
2011-03-28,1585,1585,1585
2011-03-29,1572,1572,1572
2011-03-30,1545,1545,1545
2011-03-31,1530,1530,1530
2011-04-01,1520,1520,1520
2011-04-04,1498,1498,1498
2011-04-05,1462,1462,1462
2011-04-06,1430,1430,1430
2011-04-07,1401,1401,1401
2011-04-08,1376,1376,1376
2011-04-11,1359,1359,1359
2011-04-12,1342,1342,1342
2011-04-13,1324,1324,1324
2011-04-14,1309,1309,1309
2011-04-15,1296,1296,1296
2011-04-18,1284,1284,1284
2011-04-19,1271,1271,1271
2011-04-20,1262,1262,1262
2011-04-21,1254,1254,1254
2011-04-26,1250,1250,1250
2011-04-27,1259,1259,1259
2011-04-28,1269,1269,1269
2011-05-03,1292,1292,1292
2011-05-04,1302,1302,1302
2011-05-05,1314,1314,1314
2011-05-06,1340,1340,1340
2011-05-09,1348,1348,1348
2011-05-10,1344,1344,1344
2011-05-11,1334,1334,1334
2011-05-12,1320,1320,1320
2011-05-13,1306,1306,1306
2011-05-16,1291,1291,1291
2011-05-17,1274,1274,1274
2011-05-18,1271,1271,1271
2011-05-19,1329,1329,1329
2011-05-20,1349,1349,1349
2011-05-23,1369,1369,1369
2011-05-24,1398,1398,1398
2011-05-25,1446,1446,1446
2011-05-26,1467,1467,1467
2011-05-27,1474,1474,1474
2011-05-31,1480,1480,1480
2011-06-01,1485,1485,1485
2011-06-02,1489,1489,1489
2011-06-03,1489,1489,1489
2011-06-06,1484,1484,1484
2011-06-07,1456,1456,1456
2011-06-08,1434,1434,1434
2011-06-09,1428,1428,1428
2011-06-10,1418,1418,1418
2011-06-13,1412,1412,1412
2011-06-14,1400,1400,1400
2011-06-15,1405,1405,1405
2011-06-16,1424,1424,1424
2011-06-17,1423,1423,1423
2011-06-20,1418,1418,1418
2011-06-21,1409,1409,1409
2011-06-22,1406,1406,1406
2011-06-23,1414,1414,1414
2011-06-24,1424,1424,1424
2011-06-27,1442,1442,1442
2011-06-28,1438,1438,1438
2011-06-29,1420,1420,1420
2011-06-30,1413,1413,1413
2011-07-01,1422,1422,1422
2011-07-04,1419,1419,1419
2011-07-05,1428,1428,1428
2011-07-06,1443,1443,1443
2011-07-07,1453,1453,1453
2011-07-08,1449,1449,1449
2011-07-11,1437,1437,1437
2011-07-12,1411,1411,1411
2011-07-13,1383,1383,1383
2011-07-14,1367,1367,1367
2011-07-15,1353,1353,1353
2011-07-18,1340,1340,1340
2011-07-19,1330,1330,1330
2011-07-20,1328,1328,1328
2011-07-21,1325,1325,1325
2011-07-22,1323,1323,1323
2011-07-25,1317,1317,1317
2011-07-26,1310,1310,1310
2011-07-27,1296,1296,1296
2011-07-28,1278,1278,1278
2011-07-29,1264,1264,1264
2011-08-01,1256,1256,1256
2011-08-02,1253,1253,1253
2011-08-03,1260,1260,1260
2011-08-04,1268,1268,1268
2011-08-05,1268,1268,1268
2011-08-08,1264,1264,1264
2011-08-09,1257,1257,1257
2011-08-10,1265,1265,1265
2011-08-11,1277,1277,1277
2011-08-12,1287,1287,1287
2011-08-15,1306,1306,1306
2011-08-16,1344,1344,1344
2011-08-17,1371,1371,1371
2011-08-18,1414,1414,1414
2011-08-19,1462,1462,1462
2011-08-22,1515,1515,1515
2011-08-23,1565,1565,1565
2011-08-24,1602,1602,1602
2011-08-25,1582,1582,1582
2011-08-26,1541,1541,1541
2011-08-30,1537,1537,1537
2011-08-31,1619,1619,1619
2011-09-01,1682,1682,1682
2011-09-02,1740,1740,1740
2011-09-05,1750,1750,1750
2011-09-06,1767,1767,1767
2011-09-07,1744,1744,1744
2011-09-08,1782,1782,1782
2011-09-09,1838,1838,1838
2011-09-12,1876,1876,1876
2011-09-13,1901,1901,1901
2011-09-14,1927,1927,1927
2011-09-15,1907,1907,1907
2011-09-16,1814,1814,1814
2011-09-19,1764,1764,1764
2011-09-20,1795,1795,1795
2011-09-21,1811,1811,1811
2011-09-22,1884,1884,1884
2011-09-23,1920,1920,1920
2011-09-26,1928,1928,1928
2011-09-27,1927,1927,1927
2011-09-28,1920,1920,1920
2011-09-29,1913,1913,1913
2011-09-30,1899,1899,1899
2011-10-03,1886,1886,1886
2011-10-04,1885,1885,1885
2011-10-05,1908,1908,1908
2011-10-06,1967,1967,1967
2011-10-07,2000,2000,2000
2011-10-10,2032,2032,2032
2011-10-11,2106,2106,2106
2011-10-12,2127,2127,2127
2011-10-13,2155,2155,2155
2011-10-14,2173,2173,2173
2011-10-17,2160,2160,2160
2011-10-18,2136,2136,2136
2011-10-19,2140,2140,2140
2011-10-20,2161,2161,2161
2011-10-21,2153,2161,2153
2011-10-24,2153,2153,2153
2011-10-25,2161,2161,2161
2011-10-26,2145,2145,2145
2011-10-27,2091,2091,2091
2011-10-28,2018,2018,2018
2011-10-31,1965,1965,1965
2011-11-01,1912,1912,1912
2011-11-02,1859,1859,1859
2011-11-03,1817,1817,1817
2011-11-04,1784,1784,1784
2011-11-07,1766,1766,1766
2011-11-08,1759,1759,1759
2011-11-09,1802,1802,1802
2011-11-10,1840,1840,1840
2011-11-11,1835,1835,1835
2011-11-14,1818,1818,1818
2011-11-15,1846,1846,1846
2011-11-16,1884,1884,1884
2011-11-17,1898,1898,1898
2011-11-18,1895,1895,1895
2011-11-21,1874,1874,1874
2011-11-22,1854,1854,1854
2011-11-23,1830,1830,1830
2011-11-24,1814,1814,1814
2011-11-25,1807,1807,1807
2011-11-28,1809,1809,1809
2011-11-29,1828,1828,1828
2011-11-30,1846,1846,1846
2011-12-01,1862,1862,1862
2011-12-02,1866,1866,1866
2011-12-05,1856,1856,1856
2011-12-06,1848,1848,1848
2011-12-07,1849,1849,1849
2011-12-08,1882,1882,1882
2011-12-09,1922,1922,1922
2011-12-12,1930,1930,1930
2011-12-13,1922,1922,1922
2011-12-14,1912,1912,1912
2011-12-15,1889,1889,1889
2011-12-16,1888,1888,1888
2011-12-19,1885,1885,1885
2011-12-20,1878,1878,1878
2011-12-21,1856,1856,1856
2011-12-22,1787,1787,1787
2011-12-23,1738,1738,1738
2012-01-03,1624,1624,1624
2012-01-04,1552,1552,1552
2012-01-05,1426,1426,1426
2012-01-06,1347,1347,1347
2012-01-09,1308,1308,1308
2012-01-10,1258,1258,1258
2012-01-11,1193,1193,1193
2012-01-12,1105,1105,1105
2012-01-13,1053,1053,1053
2012-01-16,1013,1013,1013
2012-01-17,974,974,974
2012-01-18,926,926,926
2012-01-19,893,893,893
2012-01-20,862,862,862
2012-01-23,841,841,841
2012-01-24,807,807,807
2012-01-25,784,784,784
2012-01-26,753,753,753
2012-01-27,726,753,726
2012-01-30,702,702,702
2012-01-31,680,680,680
2012-02-01,662,662,662
2012-02-02,651,651,651
2012-02-03,647,647,647
2012-02-06,648,648,648
2012-02-07,660,660,660
2012-02-08,676,676,676
2012-02-09,695,695,695
2012-02-10,715,715,715
2012-02-13,729,729,729
2012-02-14,734,734,734
2012-02-15,731,731,731
2012-02-16,723,723,723
2012-02-17,717,717,717
2012-02-20,715,715,715
2012-02-21,706,706,706
2012-02-22,704,704,704
2012-02-23,706,706,706
2012-02-24,718,718,718
2012-02-27,730,730,730
2012-02-28,738,738,738
2012-02-29,750,750,750
2012-03-01,763,763,763
2012-03-02,771,771,771
2012-03-05,782,782,782
2012-03-06,787,787,787
2012-03-07,798,798,798
2012-03-08,812,812,812
2012-03-09,824,824,824
2012-03-12,837,837,837
2012-03-13,844,844,844
2012-03-14,855,855,855
2012-03-15,866,866,866
2012-03-16,874,874,874
2012-03-19,879,879,879
2012-03-20,884,884,884
2012-03-21,896,896,896
2012-03-22,902,902,902
2012-03-23,908,908,908
2012-03-26,912,912,912
2012-03-27,917,917,917
2012-03-28,922,922,922
2012-03-29,930,930,930
2012-03-30,934,934,934
2012-04-02,934,934,934
2012-04-03,931,931,931
2012-04-04,926,926,926
2012-04-05,928,928,928
2012-04-10,928,928,928
2012-04-11,944,944,944
2012-04-12,960,960,960
2012-04-13,972,972,972
2012-04-16,975,975,975
2012-04-17,989,989,989
2012-04-18,1006,1006,1006
2012-04-19,1028,1028,1028
2012-04-20,1067,1067,1067
2012-04-23,1090,1090,1090
2012-04-24,1116,1116,1116
2012-04-25,1137,1137,1137
2012-04-26,1148,1148,1148
2012-04-27,1156,1156,1156
2012-04-30,1155,1155,1155
2012-05-01,1152,1152,1152
2012-05-02,1149,1149,1149
2012-05-03,1157,1157,1157
2012-05-04,1157,1157,1157
2012-05-07,1157,1157,1157
2012-05-08,1165,1165,1165
2012-05-09,1156,1156,1156
2012-05-10,1146,1146,1146
2012-05-11,1138,1138,1138
2012-05-14,1132,1132,1132
2012-05-15,1130,1130,1130
2012-05-16,1137,1137,1137
2012-05-17,1137,1137,1137
2012-05-18,1141,1141,1141
2012-05-21,1141,1141,1141
2012-05-22,1127,1127,1127
2012-05-23,1100,1100,1100
2012-05-24,1058,1058,1058
2012-05-25,1034,1034,1034
2012-05-28,1012,1012,1012
2012-05-29,986,986,986
2012-05-30,950,950,950
2012-05-31,923,923,923
2012-06-01,904,904,904
2012-06-06,878,878,878
2012-06-07,872,872,872
2012-06-08,877,877,877
2012-06-11,884,884,884
2012-06-12,893,893,893
2012-06-13,902,902,893
2012-06-14,912,912,912
2012-06-15,924,924,924
2012-06-18,938,938,938
2012-06-19,954,954,954
2012-06-20,972,972,972
2012-06-21,978,978,978
2012-06-22,978,978,978
2012-06-25,978,978,978
2012-06-26,981,981,981
2012-06-27,988,988,988
2012-06-28,994,994,994
2012-06-29,1004,1004,1004
2012-07-02,1013,1013,1013
2012-07-03,1063,1063,1063
2012-07-04,1103,1103,1103
2012-07-05,1138,1138,1138
2012-07-06,1157,1157,1157
2012-07-09,1162,1162,1162
2012-07-10,1160,1160,1160
2012-07-11,1146,1146,1146
2012-07-12,1121,1121,1121
2012-07-13,1110,1110,1110
2012-07-16,1102,1102,1102
2012-07-17,1093,1093,1093
2012-07-18,1074,1074,1074
2012-07-19,1053,1053,1053
2012-07-20,1037,1037,1037
2012-07-23,1022,1022,1022
2012-07-24,1003,1003,1003
2012-07-25,982,982,982
2012-07-26,958,958,958
2012-07-27,933,933,933
2012-07-30,915,915,915
2012-07-31,897,897,897
2012-08-01,878,878,878
2012-08-02,861,861,861
2012-08-03,852,852,852
2012-08-06,843,843,843
2012-08-07,836,836,836
2012-08-08,812,812,812
2012-08-09,790,790,790
2012-08-10,774,774,774
2012-08-13,764,764,764
2012-08-14,750,750,750
2012-08-15,728,728,728
2012-08-16,720,720,720
2012-08-17,714,714,714
2012-08-20,711,711,711
2012-08-21,709,709,709
2012-08-22,712,712,712
2012-08-23,715,715,715
2012-08-24,717,717,717
2012-08-27,717,717,717
2012-08-28,724,724,724
2012-08-29,718,718,718
2012-08-30,707,707,707
2012-08-31,703,703,703
2012-09-03,698,698,698
2012-09-04,693,693,693
2012-09-05,684,684,684
2012-09-06,675,675,675
2012-09-07,669,669,669
2012-09-10,666,666,666
2012-09-11,662,662,662
2012-09-12,661,661,661
2012-09-13,663,663,663
2012-09-14,662,662,662
2012-09-17,663,663,663
2012-09-18,697,697,697
2012-09-19,722,722,722
2012-09-20,755,755,755
2012-09-21,774,774,774
2012-09-24,772,772,772
2012-09-25,763,763,763
2012-09-26,752,752,752
2012-09-27,744,744,744
2012-09-28,766,766,766
2012-10-01,777,777,777
2012-10-02,778,778,778
2012-10-03,798,798,798
2012-10-04,845,845,845
2012-10-05,875,875,875
2012-10-08,883,883,883
2012-10-09,875,875,875
2012-10-10,875,875,875
2012-10-11,903,903,903
2012-10-12,926,926,926
2012-10-15,941,941,941
2012-10-16,981,981,981
2012-10-17,999,999,999
2012-10-18,989,989,989
2012-10-19,1010,1010,1010
2012-10-22,1037,1037,1037
2012-10-23,1109,1109,1109
2012-10-24,1088,1088,1088
2012-10-25,1051,1051,1051
2012-10-26,1049,1049,1049
2012-10-29,1048,1048,1048
2012-10-30,1043,1043,1043
2012-10-31,1026,1026,1026
2012-11-01,1000,1000,1000
2012-11-02,986,986,986
2012-11-05,971,971,971
2012-11-06,947,947,947
2012-11-07,916,916,916
2012-11-08,916,916,916
2012-11-09,940,940,940
2012-11-12,965,965,965
2012-11-13,985,985,985
2012-11-14,1011,1011,1011
2012-11-15,1024,1024,1024
2012-11-16,1036,1036,1036
2012-11-19,1054,1054,1054
2012-11-20,1066,1066,1066
2012-11-21,1073,1073,1073
2012-11-22,1084,1084,1084
2012-11-23,1090,1090,1090
2012-11-26,1094,1094,1094
2012-11-27,1097,1097,1097
2012-11-28,1104,1104,1104
2012-11-29,1097,1097,1097
2012-11-30,1086,1086,1086
2012-12-03,1077,1077,1077
2012-12-04,1054,1054,1054
2012-12-05,1022,1022,1022
2012-12-06,990,990,990
2012-12-07,966,966,966
2012-12-10,937,937,937
2012-12-11,900,900,900
2012-12-12,826,826,826
2012-12-13,799,799,799
2012-12-14,784,784,784
2012-12-17,766,766,766
2012-12-18,743,743,743
2012-12-19,720,720,720
2012-12-20,708,708,708
2012-12-21,700,700,700
2012-12-24,699,699,699
2013-01-02,698,698,698
2013-01-03,700,700,700
2013-01-04,706,706,706
2013-01-07,712,712,712
2013-01-08,734,734,734
2013-01-09,743,743,743
2013-01-10,751,751,751
2013-01-11,760,760,760
2013-01-14,762,762,762
2013-01-15,765,765,765
2013-01-16,781,781,781
2013-01-17,820,820,820
2013-01-18,837,837,837
2013-01-21,838,838,838
2013-01-22,825,825,825
2013-01-23,817,817,817
2013-01-24,808,808,808
2013-01-25,798,798,798
2013-01-28,792,792,792
2013-01-29,779,779,779
2013-01-30,767,767,767
2013-01-31,760,760,760
2013-02-01,750,750,750
2013-02-04,745,745,745
2013-02-05,739,739,739
2013-02-06,740,740,740
2013-02-07,749,749,749
2013-02-08,748,748,748
2013-02-11,746,746,746
2013-02-12,747,747,747
2013-02-13,751,751,751
2013-02-14,748,748,748
2013-02-15,753,753,753
2013-02-18,747,747,747
2013-02-19,738,738,738
2013-02-20,735,735,735
2013-02-21,737,737,737
2013-02-22,740,740,740
2013-02-25,743,743,743
2013-02-26,741,741,741
2013-02-27,745,745,745
2013-02-28,757,757,757
2013-03-01,776,776,776
2013-03-04,789,789,789
2013-03-05,806,806,806
2013-03-06,820,820,820
2013-03-07,834,834,834
2013-03-08,843,843,843
2013-03-11,847,847,847
2013-03-12,865,865,865
2013-03-13,875,875,875
2013-03-14,880,880,880
2013-03-15,892,892,892
2013-03-18,899,899,899
2013-03-19,912,912,912
2013-03-20,923,923,923
2013-03-21,930,930,930
2013-03-22,933,933,933
2013-03-25,935,935,935
2013-03-26,931,931,931
2013-03-27,922,922,922
2013-03-28,910,910,910
2013-04-02,896,896,896
2013-04-03,877,877,877
2013-04-04,866,866,866
2013-04-05,861,861,861
2013-04-08,858,858,858
2013-04-09,856,856,856
2013-04-10,859,859,859
2013-04-11,865,865,865
2013-04-12,875,875,875
2013-04-15,876,876,876
2013-04-16,880,880,880
2013-04-17,885,885,885
2013-04-18,885,885,885
2013-04-19,888,888,888
2013-04-22,889,889,889
2013-04-23,885,885,885
2013-04-24,879,879,879
2013-04-25,872,872,872
2013-04-26,871,871,871
2013-04-29,868,868,868
2013-04-30,863,863,863
2013-05-01,862,862,862
2013-05-02,873,873,873
2013-05-03,878,878,878
2013-05-07,889,889,889
2013-05-08,892,892,892
2013-05-09,889,889,889
2013-05-10,884,884,884
2013-05-13,879,879,879
2013-05-14,872,872,872
2013-05-15,861,861,861
2013-05-16,850,850,850
2013-05-17,841,841,841
2013-05-20,836,836,836
2013-05-21,830,830,830
2013-05-22,829,829,829
2013-05-23,828,828,828
2013-05-24,826,826,826
2013-05-28,822,822,822
2013-05-29,818,818,818
2013-05-30,811,811,811
2013-05-31,809,809,809
2013-06-03,806,806,806
2013-06-04,805,805,805
2013-06-05,801,801,801
2013-06-06,806,806,806
2013-06-07,812,812,812
2013-06-10,815,815,815
2013-06-11,825,825,825
2013-06-12,847,847,847
2013-06-13,873,873,873
2013-06-14,900,900,900
2013-06-17,925,925,925
2013-06-18,962,962,962
2013-06-19,995,995,995
2013-06-20,1012,1012,1012
2013-06-21,1027,1027,1027
2013-06-24,1062,1062,1062
2013-06-25,1090,1090,1090
2013-06-26,1125,1125,1125
2013-06-27,1151,1151,1151
2013-06-28,1171,1171,1171
2013-07-01,1179,1179,1179
2013-07-02,1170,1170,1170
2013-07-03,1133,1133,1133
2013-07-04,1103,1103,1103
2013-07-05,1099,1099,1099
2013-07-08,1115,1115,1115
2013-07-09,1120,1120,1120
2013-07-10,1130,1130,1130
2013-07-11,1139,1139,1139
2013-07-12,1149,1149,1149
2013-07-15,1151,1151,1151
2013-07-16,1152,1152,1152
2013-07-17,1151,1151,1151
2013-07-18,1146,1146,1146
2013-07-19,1138,1138,1138
2013-07-22,1135,1135,1135
2013-07-23,1127,1127,1127
2013-07-24,1117,1117,1117
2013-07-25,1092,1092,1092
2013-07-26,1082,1082,1082
2013-07-29,1075,1075,1075
2013-07-30,1067,1067,1067
2013-07-31,1062,1062,1062
2013-08-01,1066,1066,1066
2013-08-02,1065,1065,1065
2013-08-05,1058,1058,1058
2013-08-06,1046,1046,1046
2013-08-07,1024,1024,1024
2013-08-08,1012,1012,1012
2013-08-09,1001,1001,1001
2013-08-12,996,996,996
2013-08-13,1007,1007,1007
2013-08-14,1060,1060,1060
2013-08-15,1091,1091,1091
2013-08-16,1102,1102,1102
2013-08-19,1115,1115,1115
2013-08-20,1145,1145,1145
2013-08-21,1156,1156,1145
2013-08-22,1158,1158,1158
2013-08-23,1165,1165,1165
2013-08-27,1169,1169,1169
2013-08-28,1146,1146,1146
2013-08-29,1136,1136,1136
2013-08-30,1132,1132,1132
2013-09-02,1139,1139,1139
2013-09-03,1168,1168,1168
2013-09-04,1215,1215,1215
2013-09-05,1279,1279,1279
2013-09-06,1352,1352,1352
2013-09-09,1478,1478,1478
2013-09-10,1541,1541,1541
2013-09-11,1628,1628,1628
2013-09-12,1621,1621,1621
2013-09-13,1636,1636,1636
2013-09-16,1651,1651,1651
2013-09-17,1740,1740,1740
2013-09-18,1822,1822,1822
2013-09-19,1860,1860,1860
2013-09-20,1904,1904,1904
2013-09-23,1947,1947,1947
2013-09-24,2021,2021,2021
2013-09-25,2127,2127,2127
2013-09-26,2113,2113,2113
2013-09-27,2046,2046,2046
2013-09-30,2003,2003,2003
2013-10-01,1994,1994,1994
2013-10-02,2008,2008,2008
2013-10-03,2047,2047,2047
2013-10-04,2084,2084,2084
2013-10-07,2115,2115,2115
2013-10-08,2146,2146,2146
2013-10-09,2125,2125,2125
2013-10-10,2011,2011,2011
2013-10-11,1985,1985,1985
2013-10-14,1961,1961,1961
2013-10-15,1963,1963,1963
2013-10-16,1965,1965,1965
2013-10-17,1960,1960,1960
2013-10-18,1901,1901,1901
2013-10-21,1878,1878,1878
2013-10-22,1847,1847,1847
2013-10-23,1786,1786,1786
2013-10-24,1708,1708,1708
2013-10-25,1671,1671,1671
2013-10-28,1619,1619,1619
2013-10-29,1551,1551,1551
2013-10-30,1484,1484,1484
2013-10-31,1504,1504,1504
2013-11-01,1525,1525,1525
2013-11-04,1552,1552,1552
2013-11-05,1600,1600,1600
2013-11-06,1602,1602,1602
2013-11-07,1593,1593,1593
2013-11-08,1581,1581,1581
2013-11-11,1564,1564,1564
2013-11-12,1543,1543,1543
2013-11-13,1531,1531,1531
2013-11-14,1517,1517,1517
2013-11-15,1507,1507,1507
2013-11-18,1500,1500,1500
2013-11-19,1495,1495,1495
2013-11-20,1527,1527,1527
2013-11-21,1499,1499,1499
2013-11-22,1483,1483,1483
2013-11-25,1492,1492,1492
2013-11-26,1512,1512,1512
2013-11-27,1573,1573,1573
2013-11-28,1719,1719,1719
2013-11-29,1821,1821,1821
2013-12-02,1865,1865,1865
2013-12-03,1922,1922,1922
2013-12-04,1994,1994,1994
2013-12-05,2145,2145,2145
2013-12-06,2176,2176,2176
2013-12-09,2183,2183,2183
2013-12-10,2237,2237,2237
2013-12-11,2299,2299,2299
2013-12-12,2337,2337,2337
2013-12-13,2330,2330,2330
2013-12-16,2292,2292,2292
2013-12-17,2225,2225,2225
2013-12-18,2156,2156,2156
2013-12-19,2134,2134,2134
2013-12-20,2208,2208,2208
2013-12-23,2247,2247,2247
2013-12-24,2277,2277,2277
2014-01-02,2113,2113,2113
2014-01-03,2036,2036,2036
2014-01-06,1951,1951,1951
2014-01-07,1876,1876,1876
2014-01-08,1826,1826,1826
2014-01-09,1706,1706,1706
2014-01-10,1512,1512,1512
2014-01-13,1395,1395,1395
2014-01-14,1370,1370,1370
2014-01-15,1374,1374,1374
2014-01-16,1398,1398,1398
2014-01-17,1421,1421,1421
2014-01-20,1428,1428,1428
2014-01-21,1369,1369,1369
2014-01-22,1322,1322,1322
2014-01-23,1271,1271,1271
2014-01-24,1246,1246,1246
2014-01-27,1217,1217,1217
2014-01-28,1177,1177,1177
2014-01-29,1148,1148,1148
2014-01-30,1127,1127,1127
2014-01-31,1110,1110,1110
2014-02-03,1093,1093,1093
2014-02-04,1084,1084,1084
2014-02-05,1086,1086,1086
2014-02-06,1092,1092,1092
2014-02-07,1091,1091,1091
2014-02-10,1096,1096,1096
2014-02-11,1091,1091,1091
2014-02-12,1085,1085,1085
2014-02-13,1097,1097,1097
2014-02-14,1106,1106,1106
2014-02-17,1130,1130,1130
2014-02-18,1146,1146,1146
2014-02-19,1160,1160,1160
2014-02-20,1164,1164,1164
2014-02-21,1175,1175,1175
2014-02-24,1174,1174,1174
2014-02-25,1197,1197,1197
2014-02-26,1222,1222,1222
2014-02-27,1250,1250,1250
2014-02-28,1258,1258,1258
2014-03-03,1276,1276,1276
2014-03-04,1325,1325,1325
2014-03-05,1391,1391,1391
2014-03-06,1480,1480,1480
2014-03-07,1543,1543,1543
2014-03-10,1562,1562,1562
2014-03-11,1580,1580,1580
2014-03-12,1453,1453,1453
2014-03-13,1468,1468,1468
2014-03-14,1477,1477,1477
2014-03-17,1481,1481,1481
2014-03-18,1518,1518,1518
2014-03-19,1570,1570,1570
2014-03-20,1621,1621,1621
2014-03-21,1599,1599,1599
2014-03-24,1602,1602,1602
2014-03-25,1578,1578,1578
2014-03-26,1496,1496,1496
2014-03-27,1412,1412,1412
2014-03-28,1373,1373,1373
2014-03-31,1362,1362,1362
2014-04-01,1316,1316,1316
2014-04-02,1273,1273,1273
2014-04-03,1235,1235,1235
2014-04-04,1205,1205,1205
2014-04-07,1186,1186,1186
2014-04-08,1098,1098,1098
2014-04-09,1061,1061,1061
2014-04-10,1029,1029,1029
2014-04-11,1002,1002,1002
2014-04-14,989,989,989
2014-04-15,970,970,970
2014-04-16,936,936,936
2014-04-17,930,930,930
2014-04-22,939,939,939
2014-04-23,956,956,956
2014-04-24,962,962,962
2014-04-25,967,967,967
2014-04-28,961,961,961
2014-04-29,949,949,949
2014-04-30,943,943,943
2014-05-01,993,993,943
2014-05-02,1017,1017,1017
2014-05-05,1017,1017,1017
2014-05-06,1022,1022,1022
2014-05-07,1022,1022,1022
2014-05-08,1008,1008,1008
2014-05-09,997,997,997
2014-05-12,987,987,987
2014-05-13,982,982,982
2014-05-14,1002,1002,1002
2014-05-15,1021,1021,1021
2014-05-16,1027,1027,1027
2014-05-19,1022,1022,1022
2014-05-20,1010,1010,1010
2014-05-21,988,988,988
2014-05-22,966,966,966
2014-05-23,964,964,964
2014-05-27,973,973,973
2014-05-28,954,954,954
2014-05-29,940,940,940
2014-05-30,934,934,934
2014-06-02,934,934,934
2014-06-03,948,948,948
2014-06-04,959,959,959
2014-06-05,977,977,977
2014-06-06,989,989,989
2014-06-09,999,999,999
2014-06-10,1004,1004,1004
2014-06-11,973,973,973
2014-06-12,939,939,939
2014-06-13,906,906,906
2014-06-16,880,880,880
2014-06-17,858,858,858
2014-06-18,867,867,867
2014-06-19,902,902,902
2014-06-20,904,904,904
2014-06-23,886,886,886
2014-06-24,867,867,867
2014-06-25,846,846,846
2014-06-26,824,824,824
2014-06-27,831,831,831
2014-06-30,850,850,850
2014-07-01,894,894,894
2014-07-02,890,890,890
2014-07-03,890,890,890
2014-07-04,893,893,893
2014-07-07,888,888,888
2014-07-08,881,881,881
2014-07-09,863,863,863
2014-07-10,836,836,836
2014-07-11,814,814,814
2014-07-14,798,798,798
2014-07-15,782,782,782
2014-07-16,755,755,755
2014-07-17,738,738,738
2014-07-18,732,732,732
2014-07-21,724,724,724
2014-07-22,723,723,723
2014-07-23,727,727,727
2014-07-24,732,732,732
2014-07-25,739,739,739
2014-07-28,743,743,743
2014-07-29,747,747,747
2014-07-30,754,754,754
2014-07-31,755,755,755
2014-08-01,751,751,751
2014-08-04,753,753,753
2014-08-05,755,755,755
2014-08-06,759,759,759
2014-08-07,765,765,765
2014-08-08,777,777,777
2014-08-11,792,792,792
2014-08-12,836,836,836
2014-08-13,871,871,871
2014-08-14,942,942,942
2014-08-15,1015,1015,1015
2014-08-18,1042,1042,1042
2014-08-19,1040,1040,1040
2014-08-20,1061,1061,1061
2014-08-21,1096,1096,1096
2014-08-22,1088,1088,1088
2014-08-26,1070,1070,1070
2014-08-27,1063,1063,1063
2014-08-28,1119,1119,1119
2014-08-29,1147,1147,1147
2014-09-01,1151,1151,1151
2014-09-02,1149,1149,1149
2014-09-03,1142,1142,1142
2014-09-04,1147,1147,1147
2014-09-05,1155,1155,1155
2014-09-08,1166,1166,1166
2014-09-09,1197,1197,1197
2014-09-10,1197,1197,1197
2014-09-11,1186,1186,1186
2014-09-12,1181,1181,1181
2014-09-15,1173,1173,1173
2014-09-16,1150,1150,1150
2014-09-17,1124,1124,1124
2014-09-18,1089,1089,1089
2014-09-19,1075,1075,1075
2014-09-22,1077,1077,1077
2014-09-23,1073,1073,1073
2014-09-24,1056,1056,1056
2014-09-25,1038,1038,1038
2014-09-26,1049,1049,1049
2014-09-29,1062,1062,1062
2014-09-30,1063,1063,1063
2014-10-01,1055,1055,1055
2014-10-02,1041,1041,1041
2014-10-03,1037,1037,1037
2014-10-06,1029,1029,1029
2014-10-07,1015,1015,1015
2014-10-08,991,991,991
2014-10-09,974,974,974
2014-10-10,963,963,963
2014-10-13,954,954,954
2014-10-14,948,948,948
2014-10-15,935,935,935
2014-10-16,930,930,930
2014-10-17,944,944,944
2014-10-20,973,973,973
2014-10-21,1090,1090,1090
2014-10-22,1136,1136,1136
2014-10-23,1155,1155,1155
2014-10-24,1192,1192,1192
2014-10-27,1285,1285,1285
2014-10-28,1395,1395,1395
2014-10-29,1428,1428,1428
2014-10-30,1424,1424,1424
2014-10-31,1428,1428,1428
2014-11-03,1456,1456,1456
2014-11-04,1484,1484,1484
2014-11-05,1464,1464,1464
2014-11-06,1436,1436,1436
2014-11-07,1437,1437,1437
2014-11-10,1418,1418,1418
2014-11-11,1370,1370,1370
2014-11-12,1327,1327,1327
2014-11-13,1264,1264,1264
2014-11-14,1256,1256,1256
2014-11-17,1264,1264,1264
2014-11-18,1296,1296,1296
2014-11-19,1306,1306,1306
2014-11-20,1332,1332,1332
2014-11-21,1324,1324,1324
2014-11-24,1317,1317,1317
2014-11-25,1313,1313,1313
2014-11-26,1239,1239,1239
2014-11-27,1187,1187,1187
2014-11-28,1153,1153,1153
2014-12-01,1137,1137,1137
2014-12-02,1119,1119,1119
2014-12-03,1079,1079,1079
2014-12-04,1019,1019,1019
2014-12-05,982,982,982
2014-12-08,952,952,952
2014-12-09,933,933,933
2014-12-10,911,911,911
2014-12-11,887,887,887
2014-12-12,863,863,863
2014-12-15,845,845,845
2014-12-16,838,838,838
2014-12-17,827,827,827
2014-12-18,814,814,814
2014-12-19,803,803,803
2014-12-22,794,794,794
2014-12-23,788,788,788
2014-12-24,782,782,782
2015-01-02,771,771,771
2015-01-05,761,761,761
2015-01-06,758,758,758
2015-01-07,744,744,744
2015-01-08,724,724,724
2015-01-09,709,709,709
2015-01-12,723,723,723
2015-01-13,762,762,762
2015-01-14,757,757,757
2015-01-15,749,749,749
2015-01-16,741,741,741
2015-01-19,739,739,739
2015-01-20,753,753,753
2015-01-21,770,770,770
2015-01-22,751,751,751
2015-01-23,720,720,720
2015-01-26,703,703,703
2015-01-27,688,688,688
2015-01-28,666,666,666
2015-01-29,632,632,632
2015-01-30,608,608,608
2015-02-02,590,590,590
2015-02-03,577,577,577
2015-02-04,569,569,569
2015-02-05,564,564,564
2015-02-06,559,559,559
2015-02-09,554,554,554
2015-02-10,556,556,556
2015-02-11,553,553,553
2015-02-12,540,540,540
2015-02-13,530,530,530
2015-02-16,522,522,522
2015-02-17,516,516,516
2015-02-18,509,509,509
2015-02-23,512,512,512
2015-02-24,516,516,516
2015-02-25,524,524,524
2015-02-26,533,533,533
2015-02-27,540,540,540
2015-03-02,548,548,548
2015-03-03,553,553,553
2015-03-04,559,559,559
2015-03-05,561,561,561
2015-03-06,565,565,565
2015-03-09,568,568,568
2015-03-10,568,568,568
2015-03-11,565,565,565
2015-03-12,560,560,560
2015-03-13,562,562,562
2015-03-16,564,564,564
2015-03-17,568,568,568
2015-03-18,571,571,571
2015-03-19,584,584,584
2015-03-20,591,591,591
2015-03-23,594,594,594
2015-03-24,597,597,597
2015-03-25,598,598,598
2015-03-26,598,598,598
2015-03-27,596,596,596
2015-03-30,599,599,599
2015-03-31,602,602,602
2015-04-01,596,596,596
2015-04-02,588,588,588
2015-04-07,583,583,583
2015-04-08,580,580,580
2015-04-09,580,580,580
2015-04-10,580,580,580
2015-04-13,578,578,578
2015-04-14,581,581,581
2015-04-15,586,586,586
2015-04-16,593,593,593
2015-04-17,597,597,597
2015-04-20,598,598,598
2015-04-21,601,601,601
2015-04-22,600,600,600
2015-04-23,599,599,599
2015-04-24,600,600,600
2015-04-27,600,600,600
2015-04-28,601,601,601
2015-04-29,595,595,595
2015-04-30,591,591,591
2015-05-01,587,587,587
2015-05-05,580,580,580
2015-05-06,575,575,575
2015-05-07,573,573,573
2015-05-08,574,574,574
2015-05-11,578,578,578
2015-05-12,589,589,589
2015-05-13,634,634,634
2015-05-14,637,637,637
2015-05-15,634,634,634
2015-05-18,630,630,630
2015-05-19,620,620,620
2015-05-20,606,606,606
2015-05-21,592,592,592
2015-05-22,586,592,586
2015-05-26,584,584,584
2015-05-27,587,587,587
2015-05-28,588,588,588
2015-05-29,589,589,589
2015-06-01,589,589,589
2015-06-02,591,591,591
2015-06-03,598,598,598
2015-06-04,603,603,603
2015-06-05,610,610,610
2015-06-08,610,610,610
2015-06-09,612,612,612
2015-06-10,618,618,618
2015-06-11,629,629,629
2015-06-12,642,642,642
2015-06-15,656,656,656
2015-06-16,681,681,681
2015-06-17,725,725,725
2015-06-18,773,773,773
2015-06-19,779,779,779
2015-06-22,779,779,779
2015-06-23,790,790,790
2015-06-24,829,829,829
2015-06-25,829,829,829
2015-06-26,823,823,823
2015-06-29,813,813,813
2015-06-30,800,800,800
2015-07-01,794,794,794
2015-07-02,794,794,794
2015-07-03,805,805,805
2015-07-06,815,815,815
2015-07-07,830,830,830
2015-07-08,840,840,840
2015-07-09,853,853,853
2015-07-10,874,874,874
2015-07-13,900,900,900
2015-07-14,915,915,915
2015-07-15,951,951,951
2015-07-16,1009,1009,1009
2015-07-17,1048,1048,1048
2015-07-20,1067,1067,1067
2015-07-21,1113,1113,1113
2015-07-22,1118,1118,1118
2015-07-23,1102,1102,1102
2015-07-24,1086,1086,1086
2015-07-27,1090,1090,1090
2015-07-28,1094,1094,1094
2015-07-29,1104,1104,1104
2015-07-30,1100,1100,1100
2015-07-31,1131,1131,1131
2015-08-03,1151,1151,1151
2015-08-04,1200,1200,1200
2015-08-05,1222,1222,1222
2015-08-06,1201,1201,1201
2015-08-07,1200,1200,1200
2015-08-10,1197,1197,1197
2015-08-11,1162,1162,1162
2015-08-12,1093,1093,1093
2015-08-13,1046,1046,1046
2015-08-14,1055,1055,1055
2015-08-17,1063,1063,1063
2015-08-18,1046,1046,1046
2015-08-19,1031,1031,1031
2015-08-20,1014,1014,1014
2015-08-21,994,994,994
2015-08-24,968,968,968
2015-08-25,942,942,942
2015-08-26,918,918,918
2015-08-27,905,905,905
2015-08-28,903,903,903
2015-09-01,911,911,911
2015-09-02,906,906,906
2015-09-03,891,891,891
2015-09-04,875,875,875
2015-09-07,876,876,876
2015-09-08,873,873,873
2015-09-09,855,855,855
2015-09-10,830,830,830
2015-09-11,818,818,818
2015-09-14,805,805,805
2015-09-15,802,802,802
2015-09-16,814,818,814
2015-09-17,883,883,883
2015-09-18,960,960,960
2015-09-21,978,978,978
2015-09-22,923,923,923
2015-09-23,917,917,917
2015-09-24,922,922,922
2015-09-25,943,943,943
2015-09-28,943,943,943
2015-09-29,926,926,926
2015-09-30,900,900,900
2015-10-01,888,888,888
2015-10-02,889,889,889
2015-10-05,881,881,881
2015-10-06,869,869,869
2015-10-07,841,841,841
2015-10-08,817,817,817
2015-10-09,809,809,809
2015-10-12,809,809,809
2015-10-13,804,804,804
2015-10-14,787,787,787
2015-10-15,766,766,766
2015-10-16,754,754,754
2015-10-19,747,747,747
2015-10-20,762,762,762
2015-10-21,780,780,780
2015-10-22,786,786,786
2015-10-23,774,774,774
2015-10-26,759,759,759
2015-10-27,739,739,739
2015-10-28,736,736,736
2015-10-29,728,728,728
2015-10-30,721,721,721
2015-11-02,706,706,706
2015-11-03,680,680,680
2015-11-04,657,680,657
2015-11-05,640,640,640
2015-11-06,631,631,631
2015-11-09,628,628,628
2015-11-10,622,622,622
2015-11-11,599,599,599
2015-11-12,579,579,579
2015-11-13,560,560,560
2015-11-16,550,550,550
2015-11-17,537,537,537
2015-11-18,519,519,519
2015-11-19,504,504,504
2015-11-20,498,498,498
2015-11-23,516,516,516
2015-11-24,528,528,528
2015-11-25,546,546,546
2015-11-26,562,562,562
2015-11-27,581,581,581
2015-11-30,584,584,584
2015-12-01,598,598,598
2015-12-02,590,590,590
2015-12-03,574,574,574
2015-12-04,563,563,563
2015-12-07,551,551,551
2015-12-08,551,551,551
2015-12-09,546,546,546
2015-12-10,534,534,534
2015-12-11,522,522,522
2015-12-14,508,508,508
2015-12-15,484,484,484
2015-12-16,471,471,471
2015-12-17,471,471,471
2015-12-18,477,477,477
2015-12-21,478,478,478
2015-12-22,474,474,474
2015-12-23,475,475,475
2015-12-24,478,478,478
2016-01-04,473,473,473
2016-01-05,468,468,468
2016-01-06,467,467,467
2016-01-07,445,445,445
2016-01-08,429,429,429
2016-01-11,415,415,415
2016-01-12,402,402,402
2016-01-13,394,394,394
2016-01-14,383,383,383
2016-01-15,373,373,373
2016-01-18,369,369,369
2016-01-19,363,363,363
2016-01-20,358,358,358
2016-01-21,355,355,355
2016-01-22,354,354,354
2016-01-25,354,354,354
2016-01-26,345,345,345
2016-01-27,337,337,337
2016-01-28,325,325,325
2016-01-29,317,317,317
2016-02-01,314,314,314
2016-02-02,310,310,310
2016-02-03,303,303,303
2016-02-04,298,298,298
2016-02-05,297,297,297
2016-02-08,293,293,293
2016-02-09,291,291,291
2016-02-10,290,290,290
2016-02-11,290,290,290
2016-02-12,291,291,291
2016-02-15,295,295,295
2016-02-16,301,301,301
2016-02-17,307,307,307
2016-02-18,313,313,313
2016-02-19,315,315,315
2016-02-22,316,316,316
2016-02-23,318,318,318
2016-02-24,322,322,322
2016-02-25,325,325,325
2016-02-26,327,327,327
2016-02-29,329,329,329
2016-03-01,332,332,332
2016-03-02,335,335,335
2016-03-03,342,342,342
2016-03-04,349,349,349
2016-03-07,354,354,354
2016-03-08,366,366,366
2016-03-09,376,376,376
2016-03-10,384,384,384
2016-03-11,388,388,388
2016-03-14,393,393,393
2016-03-15,396,396,396
2016-03-16,393,393,393
2016-03-17,392,392,392
2016-03-18,395,395,395
2016-03-21,398,398,398
2016-03-22,398,398,398
2016-03-23,401,401,401
2016-03-24,406,406,406
2016-03-29,409,409,409
2016-03-30,414,414,414
2016-03-31,429,429,429
2016-04-01,450,450,450
2016-04-04,471,471,471
2016-04-05,487,487,487
2016-04-06,500,500,500
2016-04-07,517,517,517
2016-04-08,539,539,539
2016-04-11,555,555,555
2016-04-12,560,560,560
2016-04-13,567,567,567
2016-04-14,597,597,597
2016-04-15,635,635,635
2016-04-18,659,659,659
2016-04-19,671,671,671
2016-04-20,669,669,669
2016-04-21,670,670,670
2016-04-22,688,688,688
2016-04-25,690,690,690
2016-04-26,704,704,704
2016-04-27,715,715,715
2016-04-28,710,710,710
2016-04-29,703,703,703
2016-05-03,682,682,682
2016-05-04,652,652,652
2016-05-05,642,642,642
2016-05-06,631,631,631
2016-05-09,616,616,616
2016-05-10,594,594,594
2016-05-11,579,579,579
2016-05-12,579,579,579
2016-05-13,600,600,600
2016-05-16,613,613,613
2016-05-17,643,643,643
2016-05-18,642,642,642
2016-05-19,634,634,634
2016-05-20,625,625,625
2016-05-23,624,624,624
2016-05-24,618,618,618
2016-05-25,605,605,605
2016-05-26,601,601,601
2016-05-27,606,606,606
2016-05-31,612,612,612
2016-06-01,612,612,612
2016-06-02,606,606,606
2016-06-03,610,610,610
2016-06-06,607,607,607
2016-06-07,606,606,606
2016-06-08,610,610,610
2016-06-09,611,611,611
2016-06-10,610,610,610
2016-06-13,609,609,609
2016-06-14,608,608,608
2016-06-15,604,604,604
2016-06-16,598,598,598
2016-06-17,587,587,587
2016-06-20,582,582,582
2016-06-21,580,580,580
2016-06-22,585,585,585
2016-06-23,596,596,596
2016-06-24,609,609,609
2016-06-27,616,616,616
2016-06-28,627,627,627
2016-06-29,640,640,640
2016-06-30,660,660,660
2016-07-01,677,677,677
2016-07-04,688,688,688
2016-07-05,692,692,692
2016-07-06,694,694,694
2016-07-07,699,699,699
2016-07-08,703,703,703
2016-07-11,704,704,704
2016-07-12,711,711,711
2016-07-13,726,726,726
2016-07-14,738,738,738
2016-07-15,745,745,745
2016-07-18,748,748,748
2016-07-19,746,746,746
2016-07-20,736,736,736
2016-07-21,726,726,726
2016-07-22,718,718,718
2016-07-25,709,709,709
2016-07-26,696,696,696
2016-07-27,679,679,679
2016-07-28,665,665,665
2016-07-29,656,656,656
2016-08-01,650,650,650
2016-08-02,645,645,645
2016-08-03,641,641,641
2016-08-04,636,636,636
2016-08-05,636,636,636
2016-08-08,636,636,636
2016-08-09,631,631,631
2016-08-10,638,638,638
2016-08-11,653,653,653
2016-08-12,671,671,671
2016-08-15,681,681,681
2016-08-16,687,687,687
2016-08-17,685,685,685
2016-08-18,682,682,682
2016-08-19,683,683,683
2016-08-22,687,687,687
2016-08-23,692,692,692
2016-08-24,706,706,706
2016-08-25,718,718,718
2016-08-26,720,720,720
2016-08-30,715,715,715
2016-08-31,711,711,711
2016-09-01,712,712,712
2016-09-02,720,720,720
2016-09-05,724,724,724
2016-09-06,745,745,745
2016-09-07,773,773,773
2016-09-08,792,792,792
2016-09-09,804,804,804
2016-09-12,804,804,804
2016-09-13,796,796,796
2016-09-14,756,756,756
2016-09-15,764,764,764
2016-09-16,800,800,800
2016-09-19,836,836,836
2016-09-20,865,865,865
2016-09-21,903,903,903
2016-09-22,937,937,937
2016-09-23,941,941,941
2016-09-26,934,934,934
2016-09-27,930,930,930
2016-09-28,912,912,912
2016-09-29,888,888,888
2016-09-30,875,875,875
2016-10-03,864,864,864
2016-10-04,860,860,860
2016-10-05,869,869,869
2016-10-06,915,915,915
2016-10-07,921,921,921
2016-10-10,922,922,922
2016-10-11,922,922,922
2016-10-12,906,906,906
2016-10-13,885,885,885
2016-10-14,892,892,892
2016-10-17,894,894,894
2016-10-18,890,890,890
2016-10-19,872,872,872
2016-10-20,849,849,849
2016-10-21,842,842,842
2016-10-24,831,831,831
2016-10-25,813,813,813
2016-10-26,802,802,802
2016-10-27,798,798,798
2016-10-28,834,834,834
2016-10-31,857,857,857
2016-11-01,838,838,838
2016-11-02,834,834,834
2016-11-03,849,849,849
2016-11-04,855,855,855
2016-11-07,870,870,870
2016-11-08,911,911,911
2016-11-09,954,954,954
2016-11-10,974,974,974
2016-11-11,1045,1045,1045
2016-11-14,1065,1065,1065
2016-11-15,1084,1084,1084
2016-11-16,1145,1145,1145
2016-11-17,1231,1231,1231
2016-11-18,1257,1257,1257
2016-11-21,1240,1240,1240
2016-11-22,1232,1232,1232
2016-11-23,1224,1224,1224
2016-11-24,1201,1201,1201
2016-11-25,1181,1181,1181
2016-11-28,1184,1184,1184
2016-11-29,1202,1202,1202
2016-11-30,1204,1204,1204
2016-12-01,1196,1196,1196
2016-12-02,1198,1198,1198
2016-12-05,1196,1196,1196
2016-12-06,1186,1186,1186
2016-12-07,1162,1162,1162
2016-12-08,1122,1122,1122
2016-12-09,1090,1090,1090
2016-12-12,1069,1069,1069
2016-12-13,1052,1052,1052
2016-12-14,1003,1003,1003
2016-12-15,966,966,966
2016-12-16,946,946,946
2016-12-19,927,927,926
2016-12-20,914,914,914
2016-12-21,926,926,926
2016-12-22,928,928,928
2016-12-23,961,961,961
2017-01-03,953,953,953
2017-01-04,969,969,969
2017-01-05,983,983,983
2017-01-06,963,963,963
2017-01-09,949,949,949
2017-01-10,926,926,926
2017-01-11,894,894,894
2017-01-12,892,892,892
2017-01-13,910,910,910
2017-01-16,925,925,925
2017-01-17,922,922,922
2017-01-18,952,952,952
2017-01-19,942,942,942
2017-01-20,925,925,925
2017-01-23,914,914,914
2017-01-24,886,886,886
2017-01-25,862,862,862
2017-01-26,840,840,840
2017-01-27,827,827,827
2017-01-30,816,816,816
2017-01-31,800,800,800
2017-02-01,786,786,786
2017-02-02,770,770,770
2017-02-03,752,752,752
2017-02-06,735,735,735
2017-02-07,714,714,714
2017-02-08,702,702,702
2017-02-09,707,707,707
2017-02-10,702,702,702
2017-02-13,688,688,688
2017-02-14,685,685,685
2017-02-15,688,688,688
2017-02-16,710,710,710
2017-02-17,741,741,741
2017-02-20,757,757,757
2017-02-21,778,778,778
2017-02-22,806,806,806
2017-02-23,856,856,856
2017-02-24,875,875,875
2017-02-27,878,878,878
2017-02-28,859,859,859
2017-03-01,871,871,871
2017-03-02,904,904,904
2017-03-03,939,939,939
2017-03-06,979,979,979
2017-03-07,1033,1033,1033
2017-03-08,1045,1045,1045
2017-03-09,1064,1064,1064
2017-03-10,1086,1086,1086
2017-03-13,1099,1099,1099
2017-03-14,1112,1112,1112
2017-03-15,1147,1147,1147
2017-03-16,1172,1172,1172
2017-03-17,1196,1196,1196
2017-03-20,1205,1205,1205
2017-03-21,1200,1200,1200
2017-03-22,1190,1190,1190
2017-03-23,1196,1196,1196
2017-03-24,1240,1240,1240
2017-03-27,1282,1282,1282
2017-03-28,1333,1333,1333
2017-03-29,1338,1338,1338
2017-03-30,1324,1324,1324
2017-03-31,1297,1297,1297
2017-04-03,1282,1282,1282
2017-04-04,1255,1255,1255
2017-04-05,1223,1223,1223
2017-04-06,1215,1215,1215
2017-04-07,1223,1223,1223
2017-04-10,1231,1231,1231
2017-04-11,1262,1262,1262
2017-04-12,1282,1282,1282
2017-04-13,1296,1296,1296
2017-04-18,1294,1294,1294
2017-04-19,1278,1278,1278
2017-04-20,1243,1243,1243
2017-04-21,1195,1195,1195
2017-04-24,1170,1170,1170
2017-04-25,1154,1154,1154
2017-04-26,1147,1147,1147
2017-04-27,1134,1134,1134
2017-04-28,1109,1109,1109
2017-05-02,1073,1073,1073
2017-05-03,1034,1034,1034
2017-05-04,1004,1004,1004
2017-05-05,994,994,994
2017-05-08,1001,1001,1001
2017-05-09,1007,1007,1007
2017-05-10,1005,1005,1005
2017-05-11,1012,1012,1012
2017-05-12,1014,1014,1014
2017-05-15,994,994,994
2017-05-16,980,980,980
2017-05-17,960,960,960
2017-05-18,957,957,957
2017-05-19,956,956,956
2017-05-22,954,954,954
2017-05-23,949,949,949
2017-05-24,934,934,934
2017-05-25,918,918,918
2017-05-26,912,912,912
2017-05-30,900,900,900
2017-05-31,878,878,878
2017-06-01,850,850,850
2017-06-02,830,830,830
2017-06-05,821,821,821
2017-06-06,818,818,818
2017-06-07,821,821,821
2017-06-08,824,824,824
2017-06-09,849,849,849
2017-06-12,870,870,870
2017-06-13,870,870,870
2017-06-14,865,865,865
2017-06-15,855,855,855
2017-06-16,851,851,851
2017-06-19,848,848,848
2017-06-20,847,847,847
2017-06-21,844,844,844
2017-06-22,855,855,855
2017-06-23,870,870,870
2017-06-26,884,884,884
2017-06-27,903,903,903
2017-06-28,929,929,929
2017-06-29,920,920,920
2017-06-30,901,901,901
2017-07-03,882,882,882
2017-07-04,871,871,871
2017-07-05,847,847,847
2017-07-06,829,829,829
2017-07-07,822,822,822
2017-07-10,820,820,820
2017-07-11,830,830,830
2017-07-12,859,859,859
2017-07-13,888,888,888
2017-07-14,900,900,900
2017-07-17,912,912,912
2017-07-18,932,932,932
2017-07-19,948,948,948
2017-07-20,964,964,964
2017-07-21,977,977,977
2017-07-24,977,977,977
2017-07-25,980,980,980
2017-07-26,968,968,968
2017-07-27,942,942,942
2017-07-28,933,933,933
2017-07-31,946,946,946
2017-08-01,965,965,965
2017-08-02,993,993,993
2017-08-03,1023,1023,1023
2017-08-04,1032,1032,1032
2017-08-07,1036,1036,1036
2017-08-08,1038,1038,1038
2017-08-09,1050,1050,1050
2017-08-10,1092,1092,1092
2017-08-11,1138,1138,1138
2017-08-14,1155,1155,1155
2017-08-15,1169,1169,1169
2017-08-16,1207,1207,1207
2017-08-17,1247,1247,1247
2017-08-18,1260,1260,1260
2017-08-21,1266,1266,1266
2017-08-22,1249,1249,1249
2017-08-23,1222,1222,1222
2017-08-24,1200,1200,1200
2017-08-25,1209,1209,1209
2017-08-29,1203,1203,1203
2017-08-30,1181,1181,1181
2017-08-31,1184,1184,1184
2017-09-01,1183,1183,1183
2017-09-04,1187,1187,1187
2017-09-05,1215,1215,1215
2017-09-06,1250,1250,1250
2017-09-07,1296,1296,1296
2017-09-08,1332,1332,1332
2017-09-11,1355,1355,1355
2017-09-12,1344,1344,1344
2017-09-13,1337,1337,1337
2017-09-14,1361,1361,1361
2017-09-15,1385,1385,1385
2017-09-18,1398,1398,1398
2017-09-19,1415,1415,1415
2017-09-20,1449,1449,1449
2017-09-21,1470,1470,1470
2017-09-22,1502,1502,1502
2017-09-25,1503,1503,1503
2017-09-26,1476,1476,1476
2017-09-27,1429,1429,1429
2017-09-28,1391,1391,1391
2017-09-29,1356,1356,1356
2017-10-02,1328,1328,1328
2017-10-03,1308,1308,1308
2017-10-04,1320,1320,1320
2017-10-05,1382,1382,1382
2017-10-06,1405,1405,1405
2017-10-09,1411,1411,1411
2017-10-10,1418,1418,1418
2017-10-11,1433,1433,1433
2017-10-12,1458,1458,1458
2017-10-13,1485,1485,1485
2017-10-16,1523,1523,1523
2017-10-17,1552,1552,1552
2017-10-18,1566,1566,1566
2017-10-19,1582,1582,1582
2017-10-20,1578,1578,1578
2017-10-23,1586,1586,1586
2017-10-24,1588,1588,1588
2017-10-25,1573,1573,1573
2017-10-26,1555,1555,1555
2017-10-27,1546,1546,1546
2017-10-30,1534,1534,1534
2017-10-31,1522,1522,1522
2017-11-01,1496,1496,1496
2017-11-02,1482,1482,1482
2017-11-03,1476,1476,1476
2017-11-06,1473,1473,1473
2017-11-07,1477,1477,1477
2017-11-08,1486,1486,1486
2017-11-09,1481,1481,1481
2017-11-10,1464,1464,1464
2017-11-13,1445,1445,1445
2017-11-14,1405,1405,1405
2017-11-15,1374,1374,1374
2017-11-16,1361,1361,1361
2017-11-17,1371,1371,1371
2017-11-20,1385,1385,1385
2017-11-21,1396,1396,1396
2017-11-22,1413,1413,1413
2017-11-23,1445,1445,1445
2017-11-24,1458,1458,1458
2017-11-27,1477,1477,1477
2017-11-28,1506,1506,1506
2017-11-29,1536,1536,1536
2017-11-30,1578,1578,1578
2017-12-01,1626,1626,1626
2017-12-04,1662,1662,1662
2017-12-05,1666,1666,1666
2017-12-06,1670,1670,1670
2017-12-07,1679,1679,1679
2017-12-08,1702,1702,1702
2017-12-11,1727,1727,1727
2017-12-12,1743,1743,1743
2017-12-13,1730,1730,1730
2017-12-14,1668,1668,1668
2017-12-15,1619,1619,1619
2017-12-18,1588,1588,1588
2017-12-19,1547,1547,1547
2017-12-20,1476,1476,1476
2017-12-21,1430,1430,1430
2017-12-22,1366,1366,1366
2018-01-02,1230,1230,1230
2018-01-03,1262,1262,1262
2018-01-04,1341,1341,1341
2018-01-05,1371,1371,1371
2018-01-08,1385,1385,1385
2018-01-09,1395,1395,1395
2018-01-10,1366,1366,1366
2018-01-11,1303,1303,1303
2018-01-12,1279,1279,1279
2018-01-15,1264,1264,1264
2018-01-16,1221,1221,1221
2018-01-17,1164,1164,1164
2018-01-18,1139,1139,1139
2018-01-19,1125,1125,1125
2018-01-22,1129,1129,1129
2018-01-23,1157,1157,1157
2018-01-24,1200,1200,1200
2018-01-25,1217,1217,1217
2018-01-26,1219,1219,1219
2018-01-29,1214,1214,1214
2018-01-30,1191,1191,1191
2018-01-31,1152,1152,1152
2018-02-01,1114,1114,1114
2018-02-02,1095,1095,1095
2018-02-05,1082,1082,1082
2018-02-06,1095,1095,1095
2018-02-07,1097,1097,1097
2018-02-08,1106,1106,1106
2018-02-09,1125,1125,1125
2018-02-12,1123,1123,1123
2018-02-13,1114,1114,1114
2018-02-14,1095,1095,1095
2018-02-15,1089,1089,1089
2018-02-16,1084,1084,1084
2018-02-19,1087,1087,1087
2018-02-20,1117,1117,1117
2018-02-21,1146,1146,1146
2018-02-22,1167,1167,1167
2018-02-23,1185,1185,1185
2018-02-26,1191,1191,1191
2018-02-27,1188,1188,1188
2018-02-28,1192,1192,1192
2018-03-01,1196,1196,1196
2018-03-02,1207,1207,1207
2018-03-05,1210,1210,1210
2018-03-06,1212,1212,1212
2018-03-07,1191,1191,1191
2018-03-08,1197,1197,1197
2018-03-09,1201,1201,1201
2018-03-12,1192,1192,1192
2018-03-13,1179,1179,1179
2018-03-14,1169,1169,1169
2018-03-15,1150,1150,1150
2018-03-16,1143,1143,1143
2018-03-19,1136,1136,1136
2018-03-20,1122,1122,1122
2018-03-21,1117,1117,1117
2018-03-22,1117,1117,1117
2018-03-23,1122,1122,1122
2018-03-26,1126,1126,1126
2018-03-27,1117,1117,1117
2018-03-28,1080,1080,1080
2018-03-29,1055,1055,1055
2018-04-03,1016,1016,1016
2018-04-04,977,977,977
2018-04-05,953,953,953
2018-04-06,948,948,948
2018-04-09,952,952,952
2018-04-10,974,974,974
2018-04-11,979,979,979
2018-04-12,993,993,993
2018-04-13,1014,1014,1014
2018-04-16,1025,1025,1025
2018-04-17,1052,1052,1052
2018-04-18,1124,1124,1124
2018-04-19,1201,1201,1201
2018-04-20,1281,1281,1281
2018-04-23,1306,1306,1306
2018-04-24,1330,1330,1330
2018-04-25,1376,1376,1376
2018-04-26,1375,1375,1375
2018-04-27,1361,1361,1361
2018-04-30,1341,1341,1341
2018-05-01,1327,1327,1327
2018-05-02,1346,1346,1346
2018-05-03,1376,1376,1376
2018-05-04,1384,1384,1384
2018-05-08,1432,1432,1432
2018-05-09,1465,1465,1465
2018-05-10,1453,1453,1453
2018-05-11,1472,1472,1472
2018-05-14,1476,1476,1476
2018-05-15,1468,1468,1468
2018-05-16,1403,1403,1403
2018-05-17,1305,1305,1305
2018-05-18,1273,1273,1273
2018-05-21,1239,1239,1239
2018-05-22,1199,1199,1199
2018-05-23,1162,1162,1162
2018-05-24,1109,1109,1109
2018-05-25,1077,1077,1077
2018-05-29,1057,1057,1057
2018-05-30,1042,1042,1042
2018-05-31,1090,1090,1090
2018-06-01,1156,1156,1156
2018-06-04,1193,1193,1193
2018-06-05,1249,1249,1249
2018-06-06,1340,1340,1340
2018-06-07,1395,1395,1395
2018-06-08,1391,1391,1391
2018-06-11,1387,1387,1387
2018-06-12,1390,1390,1390
2018-06-13,1404,1404,1404
2018-06-14,1433,1433,1433
2018-06-15,1445,1445,1445
2018-06-18,1442,1442,1442
2018-06-19,1419,1419,1419
2018-06-20,1373,1373,1373
2018-06-21,1347,1347,1347
2018-06-22,1341,1341,1341
2018-06-25,1333,1333,1333
2018-06-26,1323,1323,1323
2018-06-27,1309,1309,1309
2018-06-28,1329,1329,1329
2018-06-29,1385,1385,1385
2018-07-02,1422,1422,1422
2018-07-03,1476,1476,1476
2018-07-04,1567,1567,1567
2018-07-05,1612,1612,1612
2018-07-06,1622,1622,1622
2018-07-09,1609,1609,1609
2018-07-10,1555,1555,1555
2018-07-11,1586,1586,1586
2018-07-12,1632,1632,1632
2018-07-13,1666,1666,1666
2018-07-16,1695,1695,1695
2018-07-17,1721,1721,1721
2018-07-18,1688,1688,1688
2018-07-19,1657,1657,1657
2018-07-20,1689,1689,1689
2018-07-23,1718,1718,1718
2018-07-24,1774,1774,1774
2018-07-25,1772,1772,1772
2018-07-26,1708,1708,1708
2018-07-27,1676,1676,1676
2018-07-30,1703,1703,1703
2018-07-31,1747,1747,1747
2018-08-01,1760,1760,1760
2018-08-02,1756,1756,1756
2018-08-03,1773,1773,1773
2018-08-06,1773,1773,1773
2018-08-07,1732,1732,1732
2018-08-08,1704,1704,1704
2018-08-09,1694,1694,1694
2018-08-10,1691,1691,1691
2018-08-13,1709,1709,1709
2018-08-14,1725,1725,1725
2018-08-15,1727,1727,1727
2018-08-16,1720,1720,1720
2018-08-17,1723,1723,1723
2018-08-20,1727,1727,1727
2018-08-21,1736,1736,1736
2018-08-22,1735,1735,1735
2018-08-23,1709,1709,1709
2018-08-24,1697,1697,1697
2018-08-28,1684,1684,1684
2018-08-29,1661,1661,1661
2018-08-30,1614,1614,1614
2018-08-31,1579,1579,1579
2018-09-03,1557,1557,1557
2018-09-04,1513,1513,1513
2018-09-05,1477,1477,1477
2018-09-06,1484,1484,1484
2018-09-07,1490,1490,1490
2018-09-10,1482,1482,1482
2018-09-11,1439,1439,1439
2018-09-12,1411,1411,1411
2018-09-13,1382,1382,1382
2018-09-14,1366,1366,1366
2018-09-17,1357,1357,1357
2018-09-18,1356,1356,1356
2018-09-19,1373,1373,1373
2018-09-20,1396,1396,1396
2018-09-21,1413,1413,1413
2018-09-24,1434,1434,1434
2018-09-25,1450,1450,1450
2018-09-26,1503,1503,1503
2018-09-27,1524,1524,1524
2018-09-28,1540,1540,1540
2018-10-01,1555,1555,1555
2018-10-02,1570,1570,1570
2018-10-03,1574,1574,1574
2018-10-04,1554,1554,1554
2018-10-05,1536,1536,1536
2018-10-08,1530,1530,1530
2018-10-09,1503,1503,1503
2018-10-10,1493,1493,1493
2018-10-11,1515,1515,1515
2018-10-12,1579,1579,1579
2018-10-15,1584,1584,1584
2018-10-16,1578,1578,1578
2018-10-17,1554,1554,1554
2018-10-18,1565,1565,1565
2018-10-19,1576,1576,1576
2018-10-22,1579,1579,1579
2018-10-23,1577,1577,1577
2018-10-24,1546,1546,1546
2018-10-25,1516,1516,1516
2018-10-26,1519,1519,1519
2018-10-29,1522,1522,1522
2018-10-30,1513,1513,1513
2018-10-31,1490,1490,1490
2018-11-01,1470,1470,1470
2018-11-02,1457,1457,1457
2018-11-05,1428,1428,1428
2018-11-06,1395,1395,1395
2018-11-07,1304,1304,1304
2018-11-08,1231,1231,1231
2018-11-09,1147,1147,1147
2018-11-12,1125,1125,1125
2018-11-13,1064,1064,1064
2018-11-14,1009,1009,1009
2018-11-15,1020,1020,1020
2018-11-16,1031,1031,1031
2018-11-19,1023,1023,1023
2018-11-20,1003,1003,1003
2018-11-21,1008,1008,1008
2018-11-22,1018,1018,1018
2018-11-23,1093,1093,1093
2018-11-26,1217,1217,1217
2018-11-27,1339,1339,1339
2018-11-28,1330,1330,1330
2018-11-29,1281,1281,1281
2018-11-30,1231,1231,1231
2018-12-03,1203,1203,1203
2018-12-04,1237,1237,1237
2018-12-05,1296,1296,1296
2018-12-06,1339,1339,1339
2018-12-07,1372,1372,1372
2018-12-10,1385,1385,1385
2018-12-11,1364,1364,1364
2018-12-12,1353,1353,1353
2018-12-13,1365,1365,1365
2018-12-14,1401,1401,1401
2018-12-17,1406,1406,1406
2018-12-18,1395,1395,1395
2018-12-19,1378,1378,1378
2018-12-20,1318,1318,1318
2018-12-21,1279,1279,1279
2018-12-24,1271,1271,1271
2019-01-02,1282,1282,1282
2019-01-03,1267,1267,1267
2019-01-04,1260,1260,1260
2019-01-07,1247,1247,1247
2019-01-08,1262,1262,1262
2019-01-09,1238,1238,1238
2019-01-10,1189,1189,1189
2019-01-11,1169,1169,1169
2019-01-14,1147,1147,1147
2019-01-15,1096,1096,1096
2019-01-16,1055,1055,1055
2019-01-17,1077,1077,1077
2019-01-18,1112,1112,1112
2019-01-21,1092,1092,1092
2019-01-22,1036,1036,1036
2019-01-23,982,982,982
2019-01-24,939,939,939
2019-01-25,905,905,905
2019-01-28,852,852,852
2019-01-29,797,797,797
2019-01-30,721,721,721
2019-01-31,668,668,668
2019-02-01,645,645,645
2019-02-04,634,634,634
2019-02-05,629,629,629
2019-02-06,629,629,629
2019-02-07,610,610,610
2019-02-08,601,601,601
2019-02-11,595,595,595
2019-02-12,598,598,598
2019-02-13,608,608,608
2019-02-14,628,628,628
2019-02-15,639,639,639
2019-02-18,643,643,643
2019-02-19,635,635,635
2019-02-20,622,622,622
2019-02-21,630,630,630
2019-02-22,634,634,634
2019-02-25,637,637,637
2019-02-26,649,649,649
2019-02-27,651,651,651
2019-02-28,658,658,658
2019-03-01,664,664,664
2019-03-04,669,669,669
2019-03-05,663,663,663
2019-03-06,664,664,664
2019-03-07,657,657,657
2019-03-08,649,649,649
2019-03-11,645,645,645
2019-03-12,647,647,647
2019-03-13,654,654,654
2019-03-14,677,677,677
2019-03-15,730,730,730
2019-03-18,721,721,721
2019-03-19,712,712,712
2019-03-20,709,709,709
2019-03-21,695,695,695
2019-03-22,690,690,690
2019-03-25,689,689,689
2019-03-26,683,683,683
2019-03-27,690,690,690
2019-03-28,692,692,692
2019-03-29,689,689,689
2019-04-01,685,685,685
2019-04-02,674,674,674
2019-04-03,672,672,672
2019-04-04,699,699,699
2019-04-05,711,711,711
2019-04-08,714,714,714
2019-04-09,725,725,725
2019-04-10,734,734,734
2019-04-11,728,728,728
2019-04-12,726,726,726
2019-04-15,738,738,738
2019-04-16,749,749,749
2019-04-17,767,767,767
2019-04-18,790,790,790
2019-04-23,821,821,821
2019-04-24,850,850,850
2019-04-25,869,869,869
2019-04-26,889,889,889
2019-04-29,913,913,913
2019-04-30,1011,1011,1011
2019-05-01,1031,1031,1031
2019-05-02,1032,1032,1032
2019-05-03,985,985,985
2019-05-07,936,936,936
2019-05-08,940,940,940
2019-05-09,974,974,974
2019-05-10,1013,1013,1013
2019-05-13,1026,1026,1026
2019-05-14,1043,1043,1043
2019-05-15,1032,1032,1032
2019-05-16,1032,1032,1032
2019-05-17,1040,1040,1040
2019-05-20,1041,1041,1041
2019-05-21,1049,1049,1049
2019-05-22,1059,1059,1059
2019-05-23,1068,1068,1068
2019-05-24,1066,1066,1066
2019-05-28,1082,1082,1082
2019-05-29,1107,1107,1107
2019-05-30,1097,1097,1097
2019-05-31,1096,1096,1096
2019-06-03,1103,1103,1103
2019-06-04,1122,1122,1122
2019-06-05,1141,1141,1141
2019-06-06,1138,1138,1138
2019-06-07,1138,1138,1138
2019-06-10,1125,1125,1125
2019-06-11,1105,1105,1105
2019-06-12,1080,1080,1080
2019-06-13,1062,1062,1062
2019-06-14,1085,1085,1085
2019-06-17,1093,1093,1093
2019-06-18,1135,1135,1135
2019-06-19,1179,1179,1179
2019-06-20,1194,1194,1194
2019-06-21,1239,1239,1239
2019-06-24,1258,1258,1258
2019-06-25,1280,1280,1280
2019-06-26,1317,1317,1317
2019-06-27,1340,1340,1340
2019-06-28,1354,1354,1354
2019-07-01,1381,1381,1381
2019-07-02,1446,1446,1446
2019-07-03,1549,1549,1549
2019-07-04,1700,1700,1700
2019-07-05,1740,1740,1740
2019-07-08,1725,1725,1725
2019-07-09,1759,1759,1759
2019-07-10,1777,1777,1777
2019-07-11,1816,1816,1816
2019-07-12,1865,1865,1865
2019-07-15,1928,1928,1928
2019-07-16,2011,2011,2011
2019-07-17,2064,2064,2064
2019-07-18,2130,2130,2130
2019-07-19,2170,2170,2170
2019-07-22,2191,2191,2191
2019-07-23,2165,2165,2165
2019-07-24,2014,2014,2014
2019-07-25,1947,1947,1947
2019-07-26,1937,1937,1937
2019-07-29,1922,1922,1922
2019-07-30,1899,1899,1899
2019-07-31,1868,1868,1868
2019-08-01,1812,1812,1812
2019-08-02,1788,1788,1788
2019-08-05,1774,1774,1774
2019-08-06,1734,1734,1734
2019-08-07,1712,1712,1712
2019-08-08,1720,1720,1720
2019-08-09,1748,1748,1748
2019-08-12,1774,1774,1774
2019-08-13,1864,1864,1864
2019-08-14,1950,1950,1950
2019-08-15,2047,2047,2047
2019-08-16,2088,2088,2088
2019-08-19,2067,2067,2067
2019-08-20,2059,2059,2059
2019-08-21,2061,2061,2061
2019-08-22,2118,2118,2118
2019-08-23,2168,2168,2168
2019-08-27,2213,2213,2213
2019-08-28,2267,2267,2267
2019-08-29,2277,2277,2277
2019-08-30,2378,2378,2378
2019-09-02,2442,2442,2442
2019-09-03,2501,2501,2501
2019-09-04,2518,2518,2518
2019-09-05,2499,2499,2499
2019-09-06,2462,2462,2462
2019-09-09,2422,2422,2422
2019-09-10,2393,2393,2393
2019-09-11,2366,2366,2366
2019-09-12,2331,2331,2331
2019-09-13,2312,2312,2312
2019-09-16,2311,2311,2311
2019-09-17,2283,2283,2283
2019-09-18,2266,2266,2266
2019-09-19,2192,2192,2192
2019-09-20,2131,2131,2131
2019-09-23,2108,2108,2108
2019-09-24,2116,2116,2116
2019-09-25,2053,2053,2053
2019-09-26,1963,1963,1963
2019-09-27,1857,1857,1857
2019-09-30,1823,1823,1823
2019-10-01,1809,1809,1809
2019-10-02,1803,1803,1803
2019-10-03,1757,1757,1757
2019-10-04,1767,1767,1767
2019-10-07,1770,1770,1770
2019-10-08,1801,1801,1801
2019-10-09,1873,1873,1873
2019-10-10,1929,1929,1929
2019-10-11,1924,1924,1924
2019-10-14,1916,1916,1916
2019-10-15,1898,1898,1898
2019-10-16,1897,1897,1897
2019-10-17,1861,1861,1861
2019-10-18,1855,1855,1855
2019-10-21,1846,1846,1846
2019-10-22,1806,1806,1806
2019-10-23,1779,1779,1779
2019-10-24,1785,1785,1785
2019-10-25,1801,1801,1801
2019-10-28,1803,1803,1803
2019-10-29,1802,1802,1802
2019-10-30,1782,1782,1782
2019-10-31,1731,1731,1731
2019-11-01,1697,1697,1697
2019-11-04,1675,1675,1675
2019-11-05,1656,1656,1656
2019-11-06,1533,1533,1533
2019-11-07,1428,1428,1428
2019-11-08,1378,1378,1378
2019-11-11,1345,1345,1345
2019-11-12,1354,1354,1354
2019-11-13,1365,1365,1365
2019-11-14,1364,1364,1364
2019-11-15,1357,1357,1357
2019-11-18,1338,1338,1338
2019-11-19,1304,1304,1304
2019-11-20,1260,1260,1260
2019-11-21,1255,1255,1255
2019-11-22,1284,1284,1284
2019-11-25,1351,1351,1351
2019-11-26,1426,1426,1426
2019-11-27,1440,1440,1440
2019-11-28,1467,1467,1467
2019-11-29,1528,1528,1528
2019-12-02,1568,1568,1568
2019-12-03,1606,1606,1606
2019-12-04,1599,1599,1599
2019-12-05,1575,1575,1575
2019-12-06,1558,1558,1558
2019-12-09,1551,1551,1551
2019-12-10,1528,1528,1528
2019-12-11,1460,1460,1460
2019-12-12,1388,1388,1388
2019-12-13,1355,1355,1355
2019-12-16,1315,1315,1315
2019-12-17,1281,1281,1281
2019-12-18,1221,1221,1221
2019-12-19,1151,1151,1151
2019-12-20,1123,1123,1123
2019-12-23,1103,1103,1103
2019-12-24,1090,1090,1090
2020-01-02,976,976,976
2020-01-02,976,976,976
2020-01-03,907,907,907
2020-01-03,907,907,907
2020-01-06,844,844,844
2020-01-06,844,844,844
2020-01-07,791,791,791
2020-01-08,773,773,773
2020-01-09,772,772,772
2020-01-10,774,774,774
2020-01-13,765,765,765
2020-01-14,763,763,763
2020-01-15,768,768,768
2020-01-16,768,768,768
2020-01-17,754,754,754
2020-01-20,729,729,729
2020-01-21,689,689,689
2020-01-22,623,623,623
2020-01-23,576,576,576
2020-01-24,557,557,557
2020-01-27,546,546,546
2020-01-28,539,539,539
2020-01-29,525,525,525
2020-01-30,498,498,498
2020-01-31,487,487,487
2020-02-03,466,466,466
2020-02-04,453,453,453
2020-02-05,430,430,430
2020-02-06,431,431,431
2020-02-07,415,415,415
2020-02-10,411,411,411
2020-02-11,418,418,418
2020-02-12,421,421,421
2020-02-13,421,421,421
2020-02-14,425,425,425
2020-02-17,434,434,434
2020-02-18,450,450,450
2020-02-19,465,465,465
2020-02-20,480,480,480
2020-02-21,497,497,497
2020-02-24,506,506,506
2020-02-25,508,508,508
2020-02-26,517,517,517
2020-02-27,529,529,529
2020-02-28,535,535,535
2020-03-02,539,539,539
2020-03-03,549,549,549
2020-03-04,562,562,562
2020-03-05,599,599,599
2020-03-06,617,617,617
2020-03-09,616,616,616
2020-03-10,627,627,627
2020-03-11,631,631,631
2020-03-12,633,633,633
2020-03-13,631,631,631
2020-03-16,623,623,623
2020-03-17,612,612,612
2020-03-18,629,629,629
2020-03-19,630,630,630
2020-03-20,625,625,625
2020-03-23,617,617,617
2020-03-24,603,603,603
2020-03-25,582,582,582
2020-03-26,569,569,569
2020-03-27,556,556,556
2020-03-30,548,548,548
2020-03-31,626,626,626
2020-04-01,624,624,624
2020-04-02,624,624,624
2020-04-03,616,616,616
2020-04-06,604,604,604
2020-04-07,596,596,596
2020-04-08,607,607,607
2020-04-09,635,635,635
2020-04-14,679,679,679
2020-04-15,706,706,706
2020-04-16,726,726,726
2020-04-17,751,751,751
2020-04-20,757,757,757
2020-04-21,728,728,728
2020-04-22,694,694,694
2020-04-23,672,672,672
2020-04-24,665,665,665
2020-04-27,661,661,661
2020-04-28,655,655,655
2020-04-29,643,643,643
2020-04-30,635,635,635
2020-05-01,617,617,617
2020-05-04,598,598,598
2020-05-05,575,575,575
2020-05-06,534,534,534
2020-05-07,514,514,514
2020-05-11,474,474,474
2020-05-12,433,433,433
2020-05-13,398,398,398
2020-05-14,393,393,393
2020-05-15,407,407,407
2020-05-18,427,427,427
2020-05-19,453,453,453
2020-05-20,477,477,477
2020-05-21,494,494,494
2020-05-22,498,498,498
2020-05-26,506,506,506
2020-05-27,502,502,502
2020-05-28,489,489,489
2020-05-29,504,504,504
2020-06-01,520,520,520
2020-06-02,546,546,546
2020-06-03,592,592,592
2020-06-04,632,632,632
2020-06-05,679,679,679
2020-06-08,698,698,698
2020-06-09,714,714,714
2020-06-10,764,764,764
2020-06-11,839,839,839
2020-06-12,923,923,923
2020-06-15,973,973,973
2020-06-16,1054,1054,1054
2020-06-17,1246,1246,1246
2020-06-18,1527,1527,1527
2020-06-19,1555,1555,1555
2020-06-22,1558,1558,1558
2020-06-23,1617,1617,1617
2020-06-24,1705,1705,1705
2020-06-25,1738,1738,1738
2020-06-26,1749,1749,1749
2020-06-29,1794,1794,1794
2020-06-30,1799,1799,1799
2020-07-01,1803,1803,1803
2020-07-02,1823,1823,1823
2020-07-03,1894,1894,1894
2020-07-06,1956,1956,1956
2020-07-07,1949,1949,1949
2020-07-08,1849,1849,1849
2020-07-09,1810,1810,1810
2020-07-10,1810,1810,1810
2020-07-13,1792,1792,1792
2020-07-14,1742,1742,1742
2020-07-15,1696,1696,1696
2020-07-16,1699,1699,1699
2020-07-17,1710,1710,1710
2020-07-20,1678,1678,1678
2020-07-21,1594,1594,1594
2020-07-22,1473,1473,1473
2020-07-23,1388,1388,1388
2020-07-24,1317,1317,1317
2020-07-27,1293,1293,1293
2020-07-28,1264,1264,1264
2020-07-29,1317,1317,1317
2020-07-30,1348,1348,1348
2020-07-31,1350,1350,1350
2020-08-03,1385,1385,1385
2020-08-07,1501,1501,1501
2020-08-10,1506,1506,1506
2020-08-11,1510,1510,1510
2020-08-12,1540,1540,1540
2020-08-13,1577,1577,1577
2020-08-14,1595,1595,1595
2020-08-17,1598,1598,1598
2020-08-18,1586,1586,1586
2020-08-19,1568,1568,1568
2020-08-20,1518,1518,1518
2020-08-21,1481,1481,1481
2020-08-24,1491,1491,1491
2020-08-25,1518,1518,1518
2020-08-26,1509,1509,1509
2020-08-27,1504,1504,1504
2020-08-28,1488,1488,1488
2020-09-01,1471,1471,1471
2020-09-02,1445,1445,1445
2020-09-03,1395,1395,1395
2020-09-04,1362,1362,1362
2020-09-07,1349,1349,1349
2020-09-08,1328,1328,1328
2020-09-09,1296,1296,1296
2020-09-10,1269,1269,1269
2020-09-11,1267,1267,1267
2020-09-14,1282,1282,1282
2020-09-15,1289,1289,1289
2020-09-16,1281,1281,1281
2020-09-17,1294,1294,1294
2020-09-18,1296,1296,1296
2020-09-21,1314,1314,1314
2020-09-22,1364,1364,1364
2020-09-23,1426,1426,1426
2020-09-24,1605,1605,1605
2020-09-25,1667,1667,1667
2020-09-28,1654,1654,1654
2020-09-29,1658,1658,1658
2020-09-30,1725,1725,1725
2020-10-01,1869,1869,1869
2020-10-02,2020,2020,2020
2020-10-05,2071,2071,2071
2020-10-06,2097,2097,2097
2020-10-07,2044,2044,2044
2020-10-08,1970,1970,1970
2020-10-09,1892,1892,1892
2020-10-12,1807,1807,1807
2020-10-13,1732,1732,1732
2020-10-14,1637,1637,1637
2020-10-15,1561,1561,1561
2020-10-16,1477,1477,1477
2020-10-19,1409,1409,1409
2020-10-20,1350,1350,1350
2020-10-21,1346,1346,1346
2020-10-22,1401,1401,1401
2020-10-23,1415,1415,1415
2020-10-26,1402,1402,1402
2020-10-27,1413,1413,1413
2020-10-28,1384,1384,1384
2020-10-29,1297,1297,1297
2020-10-30,1283,1283,1283
2020-11-02,1284,1284,1284
2020-11-03,1263,1263,1263
2020-11-04,1224,1224,1224
2020-11-05,1194,1194,1194
2020-11-06,1196,1196,1196
2020-11-09,1207,1207,1207
2020-11-10,1200,1200,1200
2020-11-11,1141,1141,1141
2020-11-12,1124,1124,1124
2020-11-16,1111,1111,1111
2020-11-17,1112,1112,1112
2020-11-18,1115,1115,1115
2020-11-19,1134,1134,1134
2020-11-20,1148,1148,1148
2020-11-23,1169,1169,1169
2020-11-24,1178,1178,1178
2020-11-25,1197,1197,1197
2020-11-26,1219,1219,1219
2020-11-27,1230,1230,1230
2020-11-30,1227,1227,1227
2020-12-01,1211,1211,1211
2020-12-02,1201,1201,1201
2020-12-03,1189,1189,1189
2020-12-04,1197,1197,1197
2020-12-07,1162,1162,1162
2020-12-08,1121,1121,1121
2020-12-09,1122,1122,1122
2020-12-10,1161,1161,1161
2020-12-11,1211,1211,1211
2020-12-14,1235,1235,1235
2020-12-15,1273,1273,1273
2020-12-16,1296,1296,1296
2020-12-17,1301,1301,1301
2020-12-18,1325,1325,1325
2020-12-21,1323,1323,1323
2020-12-22,1330,1330,1330
2020-12-23,1362,1362,1362
2020-12-24,1366,1366,1366
2021-01-04,1374,1374,1374
2021-01-05,1418,1418,1418
2021-01-06,1425,1425,1425
2021-01-07,1448,1448,1448
2021-01-08,1606,1606,1606
2021-01-11,1761,1761,1761
2021-01-12,1849,1849,1849
2021-01-13,1856,1856,1856
2021-01-14,1792,1792,1792
2021-01-15,1754,1754,1754
2021-01-18,1740,1740,1740
2021-01-19,1766,1766,1766
2021-01-20,1828,1828,1828
2021-01-21,1837,1837,1837
2021-01-22,1810,1810,1810
2021-01-25,1765,1765,1765
2021-01-26,1659,1659,1659
2021-01-27,1540,1540,1540
2021-01-28,1470,1470,1470
2021-01-29,1452,1452,1452
2021-02-01,1444,1444,1444
2021-02-02,1380,1380,1380
2021-02-03,1327,1327,1327
2021-02-04,1327,1327,1327
2021-02-05,1333,1333,1333
2021-02-08,1317,1317,1317
2021-02-09,1306,1306,1306
2021-02-10,1303,1303,1303
2021-02-11,1313,1313,1313
2021-02-12,1339,1339,1339
2021-02-15,1364,1364,1364
2021-02-16,1495,1495,1495
2021-02-17,1756,1756,1756
2021-02-18,1770,1770,1770
2021-02-19,1698,1698,1698
2021-02-22,1709,1709,1709
2021-02-23,1727,1727,1727
2021-02-24,1709,1709,1709
2021-02-25,1700,1700,1700
2021-02-26,1675,1675,1675
2021-03-01,1651,1651,1651
2021-03-02,1673,1673,1673
2021-03-03,1763,1763,1763
2021-03-04,1779,1779,1779
2021-03-05,1829,1829,1829
2021-03-08,1853,1853,1853
2021-03-09,1901,1901,1901
2021-03-10,1980,1980,1980
2021-03-11,1970,1970,1970
2021-03-12,1960,1960,1960
2021-03-15,1983,1983,1983
2021-03-16,2017,2017,2017
2021-03-17,2105,2105,2105
2021-03-18,2215,2215,2215
2021-03-19,2281,2281,2281
2021-03-22,2319,2319,2319
2021-03-23,2271,2271,2271
2021-03-24,2194,2194,2194
2021-03-25,2172,2172,2172
2021-03-26,2178,2178,2178
2021-03-29,2162,2162,2162
2021-03-30,2103,2103,2103
2021-03-31,2046,2046,2046
2021-04-01,2072,2072,2072
2021-04-06,2092,2092,2092
2021-04-07,2127,2127,2127
2021-04-08,2088,2088,2088
2021-04-09,2085,2085,2085
2021-04-12,2145,2145,2145
2021-04-13,2140,2140,2140
2021-04-14,2178,2178,2178
2021-04-15,2323,2323,2323
2021-04-16,2385,2385,2385
2021-04-19,2432,2432,2432
2021-04-20,2472,2472,2472
2021-04-21,2710,2710,2710
2021-04-22,2750,2750,2750
2021-04-23,2788,2788,2788
2021-04-26,2808,2808,2808
2021-04-27,2889,2889,2889
2021-04-28,2957,2957,2957
2021-04-29,3007,3007,3007
2021-04-30,3053,3053,3053
2021-05-04,3157,3157,3157
2021-05-05,3266,3266,3266
2021-05-06,3212,3212,3212
2021-05-07,3183,3183,3183
2021-05-10,3240,3240,3240
2021-05-11,3254,3254,3254
2021-05-12,3139,3139,3139
2021-05-13,3077,3077,3077
2021-05-14,2939,2939,2939
2021-05-17,2856,2856,2856
2021-05-18,2795,2795,2795
2021-05-19,2801,2801,2801
2021-05-20,2824,2824,2824
2021-05-21,2869,2869,2869
2021-05-24,2881,2881,2881
2021-05-25,2809,2809,2809
2021-05-26,2754,2754,2754
2021-05-27,2688,2688,2688
2021-05-28,2596,2596,2596
2021-06-01,2568,2568,2568
2021-06-02,2530,2530,2530
2021-06-03,2472,2472,2472
2021-06-04,2438,2438,2438
2021-06-07,2428,2428,2428
2021-06-08,2420,2420,2420
2021-06-09,2481,2481,2481
2021-06-10,2669,2669,2669
2021-06-11,2857,2857,2857
2021-06-14,2944,2944,2944
2021-06-15,3025,3025,3025
2021-06-16,3176,3176,3176
2021-06-17,3267,3267,3267
2021-06-18,3218,3218,3218
2021-06-21,3190,3190,3190
2021-06-22,3119,3119,3119
2021-06-23,3147,3147,3147
2021-06-24,3175,3175,3175
2021-06-25,3255,3255,3255
2021-06-28,3324,3324,3324
2021-06-29,3418,3418,3418
2021-06-30,3383,3383,3383
2021-07-01,3338,3338,3338
2021-07-02,3285,3285,3285
2021-07-05,3224,3224,3224
2021-07-06,3179,3179,3179
2021-07-07,3241,3241,3241
2021-07-08,3281,3281,3281
2021-07-09,3300,3300,3300
2021-07-12,3300,3300,3300
2021-07-13,3228,3228,3228
2021-07-14,3139,3139,3139
2021-07-15,3073,3073,3073
2021-07-16,3039,3039,3039
2021-07-19,3059,3059,3059
2021-07-20,3053,3053,3053
2021-07-21,3058,3058,3058
2021-07-22,3103,3103,3103
2021-07-23,3199,3199,3199
2021-07-26,3210,3210,3210
2021-07-27,3166,3166,3166
2021-07-28,3154,3154,3154
2021-07-29,3214,3214,3214
2021-07-30,3292,3292,3292
2021-08-02,3282,3282,3282
2021-08-03,3281,3281,3281
2021-08-04,3318,3318,3318
2021-08-05,3376,3376,3376
2021-08-06,3371,3371,3371
2021-08-09,3371,3371,3371
2021-08-10,3375,3375,3375
2021-08-11,3410,3410,3410
2021-08-12,3503,3503,3503
2021-08-13,3566,3566,3566
2021-08-16,3606,3606,3606
2021-08-17,3657,3657,3657
2021-08-18,3833,3833,3833
2021-08-19,3976,3976,3976
2021-08-20,4092,4092,4092
2021-08-23,4147,4147,4147
2021-08-24,4201,4201,4201
2021-08-25,4193,4193,4193
2021-08-26,4195,4195,4195
2021-08-27,4235,4235,4235
2021-08-31,4132,4132,4132
2021-09-01,4013,4013,4013
2021-09-02,4001,4001,4001
2021-09-03,3944,3944,3944
2021-09-06,3822,3822,3822
2021-09-07,3707,3707,3707
2021-09-08,3618,3618,3618
2021-09-09,3643,3643,3643
2021-09-10,3864,3864,3864
2021-09-13,4163,4163,4163
2021-09-14,4221,4221,4221
2021-09-15,4233,4233,4233
2021-09-16,4215,4215,4215
2021-09-17,4275,4275,4275
2021-09-20,4304,4304,4304
2021-09-21,4410,4410,4410
2021-09-22,4560,4560,4560
2021-09-23,4651,4651,4651
2021-09-24,4644,4644,4644
2021-09-27,4717,4717,4717
2021-09-28,4962,4962,4962
2021-09-29,5197,5197,5197
2021-09-30,5167,5167,5167
2021-10-01,5202,5202,5202
2021-10-04,5267,5267,5267
2021-10-05,5409,5409,5409
2021-10-06,5647,5647,5647
2021-10-07,5650,5650,5650
2021-10-08,5526,5526,5526
2021-10-11,5488,5488,5488
2021-10-12,5378,5378,5378
2021-10-13,5206,5206,5206
2021-10-14,5062,5062,5062
2021-10-15,4854,4854,4854
2021-10-18,4732,4732,4732
2021-10-19,4714,4714,4714
2021-10-20,4751,4751,4751
2021-10-21,4653,4653,4653
2021-10-22,4410,4410,4410
2021-10-25,4257,4257,4257
2021-10-26,4056,4056,4056
2021-10-27,3808,3808,3808
2021-10-28,3630,3630,3630
2021-10-29,3519,3519,3519
2021-11-01,3428,3428,3428
2021-11-02,3187,3187,3187
2021-11-03,2892,2892,2892
2021-11-04,2769,2769,2769
2021-11-05,2715,2715,2715
2021-11-08,2718,2718,2718
2021-11-09,2805,2805,2805
2021-11-10,2861,2861,2861
2021-11-11,2844,2844,2844
2021-11-12,2807,2807,2807
2021-11-15,2759,2759,2759
2021-11-16,2591,2591,2591
2021-11-17,2430,2430,2430
2021-11-18,2454,2454,2454
2021-11-19,2552,2552,2552
2021-11-22,2645,2645,2645
2021-11-23,2715,2715,2715
2021-11-24,2654,2654,2654
2021-11-25,2678,2678,2678
2021-11-26,2767,2767,2767
2021-11-29,2881,2881,2881
2021-11-30,3018,3018,3018
2021-12-01,3047,3047,3047
2021-12-02,3115,3115,3115
2021-12-03,3171,3171,3171
2021-12-06,3235,3235,3235
2021-12-07,3352,3352,3352
2021-12-08,3423,3423,3423
2021-12-09,3343,3343,3343
2021-12-10,3272,3272,3272
2021-12-13,3216,3216,3216
2021-12-14,2932,2932,2932
2021-12-15,2665,2665,2665
2021-12-16,2498,2498,2498
2021-12-17,2379,2379,2379
2021-12-20,2371,2371,2371
2021-12-21,2294,2294,2294
2021-12-22,2229,2229,2229
2021-12-23,2219,2219,2219
2021-12-24,2217,2217,2217
2022-01-04,2285,2285,2285
2022-01-05,2289,2289,2289
2022-01-06,2296,2296,2296
2022-01-07,2289,2289,2289
2022-01-10,2277,2277,2277
2022-01-11,2151,2151,2151
2022-01-12,2027,2027,2027
2022-01-13,1873,1873,1873
2022-01-14,1764,1764,1764
2022-01-17,1731,1731,1731
2022-01-18,1644,1644,1644
2022-01-19,1570,1570,1570
2022-01-20,1474,1474,1474
2022-01-21,1415,1415,1415
2022-01-24,1391,1391,1391
2022-01-25,1343,1343,1343
2022-01-26,1296,1296,1296
2022-01-27,1302,1302,1302
2022-01-28,1381,1381,1381
2022-01-31,1418,1418,1418
2022-02-01,1440,1440,1440
2022-02-02,1419,1419,1419
2022-02-03,1425,1425,1425
2022-02-04,1423,1423,1423
2022-02-07,1422,1422,1422
2022-02-08,1503,1503,1503
2022-02-09,1711,1711,1711
2022-02-10,1940,1940,1940
2022-02-11,1977,1977,1977
2022-02-14,1984,1984,1984
2022-02-15,1968,1968,1968
2022-02-16,1896,1896,1896
2022-02-17,1886,1886,1886
2022-02-18,1964,1964,1964
2022-02-21,2045,2045,2045
2022-02-22,2148,2148,2148
2022-02-23,2244,2244,2244
2022-02-24,2187,2187,2187
2022-02-25,2076,2076,2076
2022-02-28,2040,2040,2040
2022-03-01,2069,2069,2069
2022-03-02,2137,2137,2137
2022-03-03,2104,2104,2104
2022-03-04,2148,2148,2148
2022-03-07,2235,2235,2235
2022-03-08,2352,2352,2352
2022-03-09,2558,2558,2558
2022-03-10,2704,2704,2704
2022-03-11,2718,2718,2718
2022-03-14,2727,2727,2727
2022-03-15,2689,2689,2689
2022-03-16,2591,2591,2591
2022-03-17,2588,2588,2588
2022-03-18,2605,2605,2605
2022-03-21,2589,2589,2589
2022-03-22,2546,2546,2546
2022-03-23,2575,2575,2575
2022-03-24,2567,2567,2567
2022-03-25,2544,2544,2544
2022-03-28,2484,2484,2484
2022-03-29,2417,2417,2417
2022-03-30,2369,2369,2369
2022-03-31,2358,2358,2358
2022-04-01,2357,2357,2357
2022-04-04,2307,2307,2307
2022-04-05,2213,2213,2213
2022-04-06,2128,2128,2128
2022-04-07,2061,2061,2061
2022-04-08,2055,2055,2055
2022-04-11,2031,2031,2031
2022-04-12,2035,2035,2035
2022-04-13,2068,2068,2068
2022-04-14,2137,2137,2137
2022-04-19,2115,2115,2115
2022-04-20,2142,2142,2142
2022-04-21,2239,2239,2239
2022-04-22,2307,2307,2307
2022-04-25,2356,2356,2356
2022-04-26,2404,2404,2404
2022-04-27,2425,2425,2425
2022-04-28,2403,2403,2403
2022-04-29,2404,2404,2404
2022-05-03,2412,2412,2412
2022-05-04,2485,2485,2485
2022-05-05,2644,2644,2644
2022-05-06,2718,2718,2718
2022-05-09,2831,2831,2831
2022-05-10,2939,2939,2939
2022-05-11,3052,3052,3052
2022-05-12,3117,3117,3117
2022-05-13,3104,3104,3104
2022-05-16,3085,3085,3085
2022-05-17,3095,3095,3095
2022-05-18,3189,3189,3189
2022-05-19,3289,3289,3289
2022-05-20,3344,3344,3344
2022-05-23,3369,3369,3369
2022-05-24,3253,3253,3253
2022-05-25,3127,3127,3127
2022-05-26,2933,2933,2933
2022-05-27,2681,2681,2681
2022-05-30,2571,2571,2571
2022-05-31,2566,2566,2566
2022-06-01,2633,2633,2633
2022-06-06,2560,2560,2560
2022-06-07,2514,2514,2514
2022-06-08,2410,2410,2410
2022-06-09,2342,2342,2342
2022-06-10,2320,2320,2320
2022-06-13,2260,2260,2260
2022-06-14,2284,2284,2284
2022-06-15,2387,2387,2387
2022-06-16,2462,2462,2462
2022-06-17,2578,2578,2578
2022-06-20,2596,2596,2596
2022-06-21,2484,2484,2484
2022-06-22,2349,2349,2349
2022-06-23,2354,2354,2354
2022-06-24,2331,2331,2331
2022-06-27,2295,2295,2295
2022-06-28,2204,2204,2204
2022-06-29,2186,2186,2186
2022-06-30,2240,2240,2240
2022-07-01,2214,2214,2214
2022-07-04,2159,2159,2159
2022-07-05,2098,2098,2098
2022-07-06,2043,2043,2043
2022-07-07,2073,2073,2073
2022-07-08,2067,2067,2067
2022-07-11,2081,2081,2081
2022-07-12,2013,2013,2013
2022-07-13,2002,2002,2002
2022-07-14,2010,2010,2010
2022-07-15,2150,2150,2150
2022-07-18,2162,2162,2162
2022-07-19,2145,2145,2145
2022-07-20,2113,2113,2113
2022-07-21,2118,2118,2118
2022-07-22,2146,2146,2146
2022-07-25,2114,2114,2114
2022-07-26,2061,2061,2061
2022-07-27,2007,2007,2007
2022-07-28,1945,1945,1945
2022-07-29,1895,1895,1895
2022-08-01,1872,1872,1872
2022-08-02,1817,1817,1817
2022-08-03,1731,1731,1731
2022-08-04,1603,1603,1603
2022-08-05,1560,1560,1560
2022-08-08,1566,1566,1566
2022-08-09,1564,1564,1564
2022-08-10,1592,1592,1592
2022-08-11,1556,1556,1556
2022-08-12,1477,1477,1477
2022-08-15,1404,1404,1404
2022-08-16,1387,1387,1387
2022-08-17,1394,1394,1394
2022-08-18,1320,1320,1320
2022-08-19,1279,1279,1279
2022-08-22,1270,1270,1270
2022-08-23,1271,1271,1271
2022-08-24,1213,1213,1213
2022-08-25,1123,1123,1123
2022-08-26,1082,1082,1082
2022-08-30,1017,1017,1017
2022-08-31,965,965,965
2022-09-01,1002,1002,1002
2022-09-02,1086,1086,1086
2022-09-05,1133,1133,1133
2022-09-06,1114,1114,1114
2022-09-07,1133,1133,1133
2022-09-08,1178,1178,1178
2022-09-09,1213,1213,1213
2022-09-12,1256,1256,1256
2022-09-13,1408,1408,1408
2022-09-14,1595,1595,1595
2022-09-15,1612,1612,1612
2022-09-16,1553,1553,1553
2022-09-20,1729,1729,1729
2022-09-21,1746,1746,1746
2022-09-22,1720,1720,1720
2022-09-23,1816,1816,1816
2022-09-26,1813,1813,1813
2022-09-27,1807,1807,1807
2022-09-28,1799,1799,1799
2022-09-29,1757,1757,1757
2022-09-30,1760,1760,1760
2022-10-03,1788,1788,1788
2022-10-04,1865,1865,1865
2022-10-05,1996,1996,1996
2022-10-06,1992,1992,1992
2022-10-07,1961,1961,1961
2022-10-10,1944,1944,1944
2022-10-11,1904,1904,1904
2022-10-12,1873,1873,1873
2022-10-13,1818,1818,1818
2022-10-14,1838,1838,1838
2022-10-17,1843,1843,1843
2022-10-18,1875,1875,1875
2022-10-19,1871,1871,1871
2022-10-20,1837,1837,1837
2022-10-21,1819,1819,1819
2022-10-24,1797,1797,1797
2022-10-25,1755,1755,1755
2022-10-26,1706,1706,1706
2022-10-27,1612,1612,1612
2022-10-28,1534,1534,1534
2022-10-31,1463,1463,1463
2022-11-01,1377,1377,1377
2022-11-02,1321,1321,1321
2022-11-03,1290,1290,1290
2022-11-04,1323,1323,1323
2022-11-07,1337,1337,1337
2022-11-08,1356,1356,1356
2022-11-09,1393,1393,1393
2022-11-10,1390,1390,1390
2022-11-11,1355,1355,1355
2022-11-14,1325,1325,1325
2022-11-15,1300,1300,1300
2022-11-16,1288,1288,1288
2022-11-17,1228,1228,1228
2022-11-18,1189,1189,1189
2022-11-21,1177,1177,1177
2022-11-22,1149,1149,1149
2022-11-23,1184,1184,1184
2022-11-24,1242,1242,1242
2022-11-25,1324,1324,1324
2022-11-28,1347,1347,1347
2022-11-29,1327,1327,1327
2022-11-30,1355,1355,1355
2022-12-01,1338,1338,1338
2022-12-02,1324,1324,1324
2022-12-05,1323,1323,1323
2022-12-06,1340,1340,1340
2022-12-07,1373,1373,1373
2022-12-08,1385,1385,1385
2022-12-09,1386,0,0
2022-12-12,1361,1361,1361
2022-12-13,1357,1357,1357
2022-12-14,1401,1401,1401
2022-12-15,1528,1528,1528
2022-12-16,1560,1560,1560
2022-12-19,1548,1548,1548
2022-12-20,1596,1596,1596
2022-12-21,1723,1723,1723
2022-12-22,1650,1650,1650
2022-12-23,1515,1515,1515
2023-01-03,1250,1250,1250
2023-01-04,1176,1176,1176
2023-01-05,1146,1146,1146
2023-01-06,1130,1130,1130
2023-01-09,1139,1139,1139
2023-01-10,1096,1096,1096
2023-01-11,1043,1043,1043
2023-01-12,976,976,976
2023-01-13,946,946,946
2023-01-16,946,946,946
2023-01-17,921,921,921
2023-01-18,874,874,874
2023-01-19,801,801,801
2023-01-20,763,763,763
2023-01-23,740,740,740
2023-01-24,721,721,721
2023-01-25,703,703,703
2023-01-26,677,677,677
2023-01-27,676,676,676
2023-01-30,680,680,680
2023-01-31,681,681,681
2023-02-01,668,668,668
2023-02-02,640,640,640
2023-02-03,621,621,621
2023-02-06,608,608,608
2023-02-07,601,601,601
2023-02-08,603,603,603
2023-02-09,592,592,592
2023-02-10,602,602,602
2023-02-13,616,616,616
2023-02-14,563,563,563
2023-02-15,541,541,541
2023-02-16,530,530,530
2023-02-17,538,538,538
2023-02-20,552,552,552
2023-02-21,594,594,594
2023-02-22,674,674,674
2023-02-23,816,816,816
2023-02-24,883,883,883
2023-02-27,935,935,935
2023-02-28,990,990,990
2023-03-01,1099,1099,1099
2023-03-02,1145,1145,1145
2023-03-03,1211,1211,1211
2023-03-06,1258,1258,1258
2023-03-07,1298,1298,1298
2023-03-08,1327,1327,1327
2023-03-09,1379,1379,1379
2023-03-10,1424,1424,1424
2023-03-13,1465,1465,1465
2023-03-14,1587,1587,1587
2023-03-15,1603,1603,1603
2023-03-16,1560,1560,1560
2023-03-17,1535,1535,1535
2023-03-20,1542,1542,1542
2023-03-21,1512,1512,1512
2023-03-22,1456,1456,1456
2023-03-23,1484,1484,1484
2023-03-24,1489,1489,1489
2023-03-27,1456,1456,1456
2023-03-28,1402,1402,1402
2023-03-29,1407,1407,1407
2023-03-30,1403,1403,1403
2023-03-31,1389,1389,1389
2023-04-03,1412,1412,1412
2023-04-04,1473,1473,1473
2023-04-05,1525,1525,1525
2023-04-06,1560,1560,1560
2023-04-11,1507,1507,1507
2023-04-12,1463,1463,1463
2023-04-13,1463,1463,1463
2023-04-14,1435,1435,1435
2023-04-17,1412,1412,1412
2023-04-18,1368,1368,1368
2023-04-19,1372,1372,1372
2023-04-20,1432,1432,1432
2023-04-21,1504,1504,1504
2023-04-24,1517,1517,1517
2023-04-25,1510,1510,1510
2023-04-26,1536,1536,1536
2023-04-27,1581,1581,1581
2023-04-28,1576,1576,1576
2023-05-02,1552,1552,1552
2023-05-03,1558,1558,1558
2023-05-04,1545,1545,1545
2023-05-05,1558,1558,1558
2023-05-09,1598,1598,1598
2023-05-10,1640,1640,1640
2023-05-11,1608,1608,1608
2023-05-12,1558,1558,1558
2023-05-15,1522,1522,1522
2023-05-16,1476,1476,1476
2023-05-17,1425,1425,1425
2023-05-18,1402,1402,1402
2023-05-19,1384,1384,1384
2023-05-22,1365,1365,1365
2023-05-23,1348,1348,1348
2023-05-24,1295,1295,1295
2023-05-25,1215,1215,1215
2023-05-26,1172,1172,1172
2023-05-30,1123,1123,1123
2023-05-31,977,977,977
2023-06-01,937,937,937
2023-06-02,919,919,919
2023-06-05,939,939,939
2023-06-06,1016,1016,1016
2023-06-07,1020,1020,1020
2023-06-08,1040,1040,1040
2023-06-09,1055,1055,1055
2023-06-12,1056,1056,1056
2023-06-13,1074,1074,1074
2023-06-14,1079,1079,1079
2023-06-15,1094,1094,1094
2023-06-16,1076,1076,1076
2023-06-19,1065,1065,1065
2023-06-20,1078,1078,1078
2023-06-21,1138,1138,1138
2023-06-22,1216,1216,1216
2023-06-23,1240,1240,1240
2023-06-26,1233,1233,1233
2023-06-27,1183,1183,1183
2023-06-28,1138,1138,1138
2023-06-29,1112,1112,1112
2023-06-30,1091,1091,1091
2023-07-03,1068,1068,1068
2023-07-04,1044,1044,1044
2023-07-05,994,994,994
2023-07-06,993,993,993
2023-07-07,1009,1009,1009
2023-07-10,1024,1024,1024
2023-07-11,1032,1032,1032
2023-07-12,1088,1088,1088
2023-07-13,1103,1103,1103
2023-07-14,1090,1090,1090
2023-07-17,1073,1073,1073
2023-07-18,1037,1037,1037
2023-07-19,1004,1004,1004
2023-07-20,977,977,977
2023-07-21,978,978,978
2023-07-24,967,967,967
2023-07-25,962,962,962
2023-07-26,1067,1067,1067
2023-07-27,1097,1097,1097
2023-07-28,1110,1110,1110
2023-07-31,1127,1127,1127
2023-08-01,1150,1150,1150
2023-08-02,1123,1123,1123
2023-08-03,1128,1128,1128
2023-08-04,1136,1136,1136
2023-08-07,1145,1145,1145
2023-08-08,1142,1142,1142
2023-08-09,1144,1144,1144
2023-08-10,1137,1137,1137
2023-08-11,1129,1129,1129
2023-08-14,1135,1135,1135
2023-08-15,1166,1166,1166
2023-08-16,1233,1233,1233
2023-08-17,1247,1247,1247
2023-08-18,1237,1237,1237
2023-08-21,1223,1223,1223
2023-08-22,1194,1194,1194
2023-08-23,1151,1151,1151
2023-08-24,1110,1110,1110
2023-08-25,1080,1080,1080
2023-08-29,1107,1107,1107
2023-08-30,1094,1094,1094
2023-08-31,1086,1086,1086
2023-09-01,1065,1065,1065
2023-09-04,1083,1083,1083
2023-09-05,1063,1063,1063
2023-09-06,1081,1081,1081
2023-09-07,1141,1141,1141
2023-09-08,1186,1186,1186
2023-09-11,1209,1209,1209
2023-09-12,1235,1235,1235
2023-09-13,1290,1290,1290
2023-09-14,1340,1340,1340
2023-09-15,1381,1381,1381
2023-09-18,1439,1439,1439
2023-09-19,1526,1526,1526
2023-09-20,1584,1584,1584
2023-09-21,1569,1569,1569
2023-09-22,1593,1593,1593
2023-09-25,1614,1614,1614
2023-09-26,1694,1694,1694
2023-09-27,1752,1752,1752
2023-09-28,1716,1716,1716
2023-09-29,1701,1701,1701
2023-10-02,1737,1737,1737
2023-10-03,1780,1780,1780
2023-10-04,1778,1778,1778
2023-10-05,1827,1827,1827
2023-10-06,1929,1929,1929
2023-10-09,1991,1991,1991
2023-10-10,1983,1983,1983
2023-10-11,1948,1948,1948
2023-10-12,1935,1935,1935
2023-10-13,1945,1945,1945
2023-10-16,1972,1972,1972
2023-10-17,2058,2058,2058
2023-10-18,2105,2105,2105
2023-10-19,2071,2071,2071
2023-10-20,2046,2046,2046
2023-10-23,2017,2017,2017
2023-10-24,1949,1949,1949
2023-10-25,1832,1832,1832
2023-10-26,1662,1662,1662
2023-10-27,1563,1563,1563
2023-10-30,1502,1502,1502
2023-10-31,1459,1459,1459
2023-11-01,1401,1401,1401
2023-11-02,1385,1385,1385
2023-11-03,1462,1462,1462
2023-11-06,1523,1523,1523
2023-11-07,1559,1559,1559
2023-11-08,1530,1530,1530
2023-11-09,1598,1598,1598
2023-11-10,1643,1643,1643
2023-11-13,1655,1655,1655
2023-11-14,1662,1662,1662
2023-11-15,1688,1688,1688
2023-11-16,1758,1758,1758
2023-11-17,1820,1820,1820
2023-11-20,1817,1817,1817
2023-11-21,1796,1796,1796
2023-11-22,1755,1755,1755
2023-11-23,1855,1855,1855
2023-11-24,2102,2102,2102
2023-11-27,2259,2259,2259
2023-11-28,2391,2391,2391
2023-11-29,2696,2696,2696
2023-11-30,2937,2937,2937
2023-12-01,3192,3192,3192
2023-12-04,3346,3346,3346
2023-12-05,3143,3143,3143
2023-12-06,2848,2848,2848
2023-12-07,2495,2495,2495
2023-12-08,2483,2483,2483
2023-12-11,2509,2509,2509
2023-12-12,2551,2551,2551
2023-12-13,2438,2438,2438
2023-12-14,2411,2411,2411
2023-12-15,2348,2348,2348
2023-12-18,2288,2288,2288
2023-12-19,2219,2219,2219
2023-12-20,2150,2150,2150
2023-12-21,2087,2087,2087
2023-12-22,2094,2094,2094