2026-07-24 01:44:42 | INFO     | __main__ | ================================================================================
2026-07-24 01:44:42 | INFO     | __main__ | FORECASTING PIPELINE STARTED
2026-07-24 01:44:42 | INFO     | __main__ | ================================================================================
2026-07-24 01:44:42 | INFO     | __main__ | Step 1/6 : Loading dataset
2026-07-24 01:44:42 | INFO     | src.data.data_loader | Loading dataset...
2026-07-24 01:44:42 | INFO     | src.data.data_loader | Dataset loaded successfully (276 rows × 10 columns)
2026-07-24 01:44:42 | INFO     | src.data.data_loader | Validating dataset...
2026-07-24 01:44:42 | INFO     | src.data.data_loader | No missing values detected.
2026-07-24 01:44:42 | INFO     | src.data.data_loader | Sorting by 'year_month'.
2026-07-24 01:44:42 | INFO     | src.data.data_loader | Discovered 6 input features.
2026-07-24 01:44:42 | INFO     | src.data.data_loader | ============================================================
2026-07-24 01:44:42 | INFO     | src.data.data_loader | Dataset Summary
2026-07-24 01:44:42 | INFO     | src.data.data_loader | ============================================================
2026-07-24 01:44:42 | INFO     | src.data.data_loader | Rows      : 276
2026-07-24 01:44:42 | INFO     | src.data.data_loader | Columns   : 10
2026-07-24 01:44:42 | INFO     | src.data.data_loader | Features  : 6
2026-07-24 01:44:42 | INFO     | src.data.data_loader | Target    : FAO_23014
2026-07-24 01:44:42 | INFO     | src.data.data_loader | ============================================================
2026-07-24 01:44:42 | INFO     | __main__ | Step 2/6 : Preprocessing dataset
2026-07-24 01:44:42 | INFO     | src.data.preprocessor | Splitting dataset chronologically...
2026-07-24 01:44:42 | INFO     | src.data.preprocessor | Train rows      : 193
2026-07-24 01:44:42 | INFO     | src.data.preprocessor | Validation rows : 41
2026-07-24 01:44:42 | INFO     | src.data.preprocessor | Test rows       : 42
2026-07-24 01:44:42 | INFO     | src.data.preprocessor | Fitting feature scaler on training data...
2026-07-24 01:44:42 | INFO     | src.data.preprocessor | Fitting target scaler on training data...
2026-07-24 01:44:42 | INFO     | src.data.preprocessor | Saving preprocessing artifacts...
2026-07-24 01:44:42 | INFO     | src.data.preprocessor | Metadata saved.
2026-07-24 01:44:42 | INFO     | src.data.preprocessor | Preprocessing pipeline completed successfully.
2026-07-24 01:44:42 | INFO     | __main__ | Step 3/6 : Building LSTM sequences
2026-07-24 01:44:42 | INFO     | src.models.sequence_builder | Building LSTM sequence datasets...
2026-07-24 01:44:42 | INFO     | src.models.sequence_builder | Creating sequences (window=12)...
2026-07-24 01:44:42 | INFO     | src.models.sequence_builder | Generated 181 sequences.
2026-07-24 01:44:42 | INFO     | src.models.sequence_builder | Sequence shape: (181, 12, 6)
2026-07-24 01:44:42 | INFO     | src.models.sequence_builder | Creating sequences (window=12)...
2026-07-24 01:44:42 | INFO     | src.models.sequence_builder | Generated 29 sequences.
2026-07-24 01:44:42 | INFO     | src.models.sequence_builder | Sequence shape: (29, 12, 6)
2026-07-24 01:44:42 | INFO     | src.models.sequence_builder | Creating sequences (window=12)...
2026-07-24 01:44:42 | INFO     | src.models.sequence_builder | Generated 30 sequences.
2026-07-24 01:44:42 | INFO     | src.models.sequence_builder | Sequence shape: (30, 12, 6)
2026-07-24 01:44:42 | INFO     | src.models.sequence_builder | Sequence generation completed successfully.
2026-07-24 01:44:42 | INFO     | src.models.sequence_builder | Input size: 6
2026-07-24 01:44:42 | INFO     | __main__ | Step 4/6 : Initialising trainer
2026-07-24 01:44:42 | INFO     | src.models.trainer | Initialising trainer...
2026-07-24 01:44:42 | INFO     | src.models.trainer | Training device: mps
2026-07-24 01:44:42 | INFO     | src.data.dataset | Dataset created with 181 samples.
2026-07-24 01:44:42 | INFO     | src.data.dataset | Dataset created with 29 samples.
2026-07-24 01:44:42 | INFO     | src.data.dataset | Dataset created with 30 samples.
2026-07-24 01:44:43 | INFO     | src.models.trainer | Trainer initialised successfully.
2026-07-24 01:44:43 | INFO     | src.models.trainer | No previous checkpoint found.
2026-07-24 01:44:43 | INFO     | __main__ | Step 5/6 : Training model
2026-07-24 01:44:43 | INFO     | src.models.trainer | Starting training...
2026-07-24 01:44:44 | INFO     | src.utils.checkpoint | Checkpoint saved to /Users/paulettamaunge/Documents/GitHub/Hackathon_PolyglotPioneers/models/checkpoints/last_checkpoint.pth
2026-07-24 01:44:44 | INFO     | src.utils.checkpoint | Training history saved to /Users/paulettamaunge/Documents/GitHub/Hackathon_PolyglotPioneers/models/training_history.json
2026-07-24 01:44:44 | INFO     | src.models.trainer | Epoch 1/100 | Train=0.936606 | Validation=inf | MAE=1419279883669004901588701412008656896.000000 | RMSE=7643056081008277765470899443236601856.000000 | R²=-0.0357
2026-07-24 01:44:45 | INFO     | src.utils.checkpoint | Checkpoint saved to /Users/paulettamaunge/Documents/GitHub/Hackathon_PolyglotPioneers/models/checkpoints/last_checkpoint.pth
2026-07-24 01:44:45 | INFO     | src.utils.checkpoint | Training history saved to /Users/paulettamaunge/Documents/GitHub/Hackathon_PolyglotPioneers/models/training_history.json
2026-07-24 01:44:45 | INFO     | src.models.trainer | Epoch 2/100 | Train=0.739740 | Validation=inf | MAE=1419279883669004901588701412008656896.000000 | RMSE=7643056081008277765470899443236601856.000000 | R²=-0.0357
2026-07-24 01:44:45 | INFO     | src.utils.checkpoint | Checkpoint saved to /Users/paulettamaunge/Documents/GitHub/Hackathon_PolyglotPioneers/models/checkpoints/last_checkpoint.pth
2026-07-24 01:44:45 | INFO     | src.utils.checkpoint | Training history saved to /Users/paulettamaunge/Documents/GitHub/Hackathon_PolyglotPioneers/models/training_history.json
2026-07-24 01:44:45 | INFO     | src.models.trainer | Epoch 3/100 | Train=0.549977 | Validation=inf | MAE=1419279883669004901588701412008656896.000000 | RMSE=7643056081008277765470899443236601856.000000 | R²=-0.0357
2026-07-24 01:44:45 | INFO     | src.utils.checkpoint | Checkpoint saved to /Users/paulettamaunge/Documents/GitHub/Hackathon_PolyglotPioneers/models/checkpoints/last_checkpoint.pth
2026-07-24 01:44:45 | INFO     | src.utils.checkpoint | Training history saved to /Users/paulettamaunge/Documents/GitHub/Hackathon_PolyglotPioneers/models/training_history.json
2026-07-24 01:44:45 | INFO     | src.models.trainer | Epoch 4/100 | Train=0.428605 | Validation=inf | MAE=1419279883669004901588701412008656896.000000 | RMSE=7643056081008277765470899443236601856.000000 | R²=-0.0357
2026-07-24 01:44:45 | INFO     | src.utils.checkpoint | Checkpoint saved to /Users/paulettamaunge/Documents/GitHub/Hackathon_PolyglotPioneers/models/checkpoints/last_checkpoint.pth
2026-07-24 01:44:45 | INFO     | src.utils.checkpoint | Training history saved to /Users/paulettamaunge/Documents/GitHub/Hackathon_PolyglotPioneers/models/training_history.json
2026-07-24 01:44:45 | INFO     | src.models.trainer | Epoch 5/100 | Train=0.329462 | Validation=inf | MAE=1419279883669004901588701412008656896.000000 | RMSE=7643056081008277765470899443236601856.000000 | R²=-0.0357
2026-07-24 01:44:45 | INFO     | src.models.trainer | Learning rate changed from 0.001000 to 0.000500
2026-07-24 01:44:45 | INFO     | src.utils.checkpoint | Checkpoint saved to /Users/paulettamaunge/Documents/GitHub/Hackathon_PolyglotPioneers/models/checkpoints/last_checkpoint.pth
2026-07-24 01:44:45 | INFO     | src.utils.checkpoint | Training history saved to /Users/paulettamaunge/Documents/GitHub/Hackathon_PolyglotPioneers/models/training_history.json
2026-07-24 01:44:45 | INFO     | src.models.trainer | Epoch 6/100 | Train=0.274793 | Validation=inf | MAE=1419279883669004901588701412008656896.000000 | RMSE=7643056081008277765470899443236601856.000000 | R²=-0.0357
2026-07-24 01:44:45 | INFO     | src.utils.checkpoint | Checkpoint saved to /Users/paulettamaunge/Documents/GitHub/Hackathon_PolyglotPioneers/models/checkpoints/last_checkpoint.pth
2026-07-24 01:44:45 | INFO     | src.utils.checkpoint | Training history saved to /Users/paulettamaunge/Documents/GitHub/Hackathon_PolyglotPioneers/models/training_history.json
2026-07-24 01:44:45 | INFO     | src.models.trainer | Epoch 7/100 | Train=0.243236 | Validation=inf | MAE=1419279883669004901588701412008656896.000000 | RMSE=7643056081008277765470899443236601856.000000 | R²=-0.0357
2026-07-24 01:44:45 | INFO     | src.utils.checkpoint | Checkpoint saved to /Users/paulettamaunge/Documents/GitHub/Hackathon_PolyglotPioneers/models/checkpoints/last_checkpoint.pth
2026-07-24 01:44:45 | INFO     | src.utils.checkpoint | Training history saved to /Users/paulettamaunge/Documents/GitHub/Hackathon_PolyglotPioneers/models/training_history.json
2026-07-24 01:44:45 | INFO     | src.models.trainer | Epoch 8/100 | Train=0.215051 | Validation=inf | MAE=1419279883669004901588701412008656896.000000 | RMSE=7643056081008277765470899443236601856.000000 | R²=-0.0357
2026-07-24 01:44:45 | INFO     | src.utils.checkpoint | Checkpoint saved to /Users/paulettamaunge/Documents/GitHub/Hackathon_PolyglotPioneers/models/checkpoints/last_checkpoint.pth
2026-07-24 01:44:45 | INFO     | src.utils.checkpoint | Training history saved to /Users/paulettamaunge/Documents/GitHub/Hackathon_PolyglotPioneers/models/training_history.json
2026-07-24 01:44:45 | INFO     | src.models.trainer | Epoch 9/100 | Train=0.190013 | Validation=inf | MAE=1419279883669004901588701412008656896.000000 | RMSE=7643056081008277765470899443236601856.000000 | R²=-0.0357
2026-07-24 01:44:45 | INFO     | src.utils.checkpoint | Checkpoint saved to /Users/paulettamaunge/Documents/GitHub/Hackathon_PolyglotPioneers/models/checkpoints/last_checkpoint.pth
2026-07-24 01:44:45 | INFO     | src.utils.checkpoint | Training history saved to /Users/paulettamaunge/Documents/GitHub/Hackathon_PolyglotPioneers/models/training_history.json
2026-07-24 01:44:45 | INFO     | src.models.trainer | Epoch 10/100 | Train=0.183033 | Validation=inf | MAE=1419279883669004901588701412008656896.000000 | RMSE=7643056081008277765470899443236601856.000000 | R²=-0.0357
2026-07-24 01:44:45 | INFO     | src.utils.checkpoint | Checkpoint saved to /Users/paulettamaunge/Documents/GitHub/Hackathon_PolyglotPioneers/models/checkpoints/last_checkpoint.pth
2026-07-24 01:44:45 | INFO     | src.utils.checkpoint | Training history saved to /Users/paulettamaunge/Documents/GitHub/Hackathon_PolyglotPioneers/models/training_history.json
2026-07-24 01:44:45 | INFO     | src.models.trainer | Epoch 11/100 | Train=0.164964 | Validation=inf | MAE=1419279883669004901588701412008656896.000000 | RMSE=7643056081008277765470899443236601856.000000 | R²=-0.0357
2026-07-24 01:44:45 | INFO     | src.models.trainer | Learning rate changed from 0.000500 to 0.000250
2026-07-24 01:44:45 | INFO     | src.utils.checkpoint | Checkpoint saved to /Users/paulettamaunge/Documents/GitHub/Hackathon_PolyglotPioneers/models/checkpoints/last_checkpoint.pth
2026-07-24 01:44:45 | INFO     | src.utils.checkpoint | Training history saved to /Users/paulettamaunge/Documents/GitHub/Hackathon_PolyglotPioneers/models/training_history.json
2026-07-24 01:44:45 | INFO     | src.models.trainer | Epoch 12/100 | Train=0.164809 | Validation=inf | MAE=1419279883669004901588701412008656896.000000 | RMSE=7643056081008277765470899443236601856.000000 | R²=-0.0357
2026-07-24 01:44:45 | INFO     | src.utils.checkpoint | Checkpoint saved to /Users/paulettamaunge/Documents/GitHub/Hackathon_PolyglotPioneers/models/checkpoints/last_checkpoint.pth
2026-07-24 01:44:45 | INFO     | src.utils.checkpoint | Training history saved to /Users/paulettamaunge/Documents/GitHub/Hackathon_PolyglotPioneers/models/training_history.json
2026-07-24 01:44:45 | INFO     | src.models.trainer | Epoch 13/100 | Train=0.143854 | Validation=inf | MAE=1419279883669004901588701412008656896.000000 | RMSE=7643056081008277765470899443236601856.000000 | R²=-0.0357
2026-07-24 01:44:45 | INFO     | src.utils.checkpoint | Checkpoint saved to /Users/paulettamaunge/Documents/GitHub/Hackathon_PolyglotPioneers/models/checkpoints/last_checkpoint.pth
2026-07-24 01:44:45 | INFO     | src.utils.checkpoint | Training history saved to /Users/paulettamaunge/Documents/GitHub/Hackathon_PolyglotPioneers/models/training_history.json
2026-07-24 01:44:45 | INFO     | src.models.trainer | Epoch 14/100 | Train=0.151300 | Validation=inf | MAE=1419279883669004901588701412008656896.000000 | RMSE=7643056081008277765470899443236601856.000000 | R²=-0.0357
2026-07-24 01:44:45 | INFO     | src.utils.checkpoint | Checkpoint saved to /Users/paulettamaunge/Documents/GitHub/Hackathon_PolyglotPioneers/models/checkpoints/last_checkpoint.pth
2026-07-24 01:44:45 | INFO     | src.utils.checkpoint | Training history saved to /Users/paulettamaunge/Documents/GitHub/Hackathon_PolyglotPioneers/models/training_history.json
2026-07-24 01:44:45 | INFO     | src.models.trainer | Epoch 15/100 | Train=0.147845 | Validation=inf | MAE=5175962082277280984653438648320.000000 | RMSE=16488397406773031415759750823936.000000 | R²=-0.0300
2026-07-24 01:44:45 | INFO     | src.models.trainer | Early stopping triggered.
2026-07-24 01:44:45 | INFO     | src.models.trainer | Training finished. Best epoch: 1
2026-07-24 01:44:45 | INFO     | __main__ | Loading best model...
2026-07-24 01:44:45 | ERROR    | __main__ | Pipeline execution failed.
Traceback (most recent call last):
  File "/Users/paulettamaunge/Documents/GitHub/Hackathon_PolyglotPioneers/src/train.py", line 119, in main
    trainer.load_best_model()
  File "/Users/paulettamaunge/Documents/GitHub/Hackathon_PolyglotPioneers/src/models/trainer.py", line 629, in load_best_model
    CheckpointManager.load_checkpoint(
  File "/Users/paulettamaunge/Documents/GitHub/Hackathon_PolyglotPioneers/src/utils/checkpoint.py", line 139, in load_checkpoint
    raise FileNotFoundError(
FileNotFoundError: Checkpoint not found: /Users/paulettamaunge/Documents/GitHub/Hackathon_PolyglotPioneers/models/checkpoints/best_lstm_model.pth
2026-07-24 01:53:29 | INFO     | __main__ | ================================================================================
2026-07-24 01:53:29 | INFO     | __main__ | FORECASTING PIPELINE STARTED
2026-07-24 01:53:29 | INFO     | __main__ | ================================================================================
2026-07-24 01:53:29 | INFO     | __main__ | Step 1/6 : Loading dataset
2026-07-24 01:53:29 | INFO     | src.data.data_loader | Loading dataset...
2026-07-24 01:53:29 | INFO     | src.data.data_loader | Dataset loaded successfully (276 rows × 10 columns)
2026-07-24 01:53:29 | INFO     | src.data.data_loader | Validating dataset...
2026-07-24 01:53:29 | INFO     | src.data.data_loader | No missing values detected.
2026-07-24 01:53:29 | INFO     | src.data.data_loader | Sorting by 'year_month'.
2026-07-24 01:53:29 | INFO     | src.data.data_loader | Discovered 6 input features.
2026-07-24 01:53:29 | INFO     | src.data.data_loader | ============================================================
2026-07-24 01:53:29 | INFO     | src.data.data_loader | Dataset Summary
2026-07-24 01:53:29 | INFO     | src.data.data_loader | ============================================================
2026-07-24 01:53:29 | INFO     | src.data.data_loader | Rows      : 276
2026-07-24 01:53:29 | INFO     | src.data.data_loader | Columns   : 10
2026-07-24 01:53:29 | INFO     | src.data.data_loader | Features  : 6
2026-07-24 01:53:29 | INFO     | src.data.data_loader | Target    : FAO_23014
2026-07-24 01:53:29 | INFO     | src.data.data_loader | ============================================================
2026-07-24 01:53:29 | INFO     | __main__ | Step 2/6 : Preprocessing dataset
2026-07-24 01:53:29 | INFO     | src.data.preprocessor | Splitting dataset chronologically...
2026-07-24 01:53:29 | INFO     | src.data.preprocessor | Train rows      : 193
2026-07-24 01:53:29 | INFO     | src.data.preprocessor | Validation rows : 41
2026-07-24 01:53:29 | INFO     | src.data.preprocessor | Test rows       : 42
2026-07-24 01:53:29 | INFO     | src.data.preprocessor | Fitting feature scaler on training data...
2026-07-24 01:53:29 | INFO     | src.data.preprocessor | Fitting target scaler on training data...
2026-07-24 01:53:29 | INFO     | src.data.preprocessor | Saving preprocessing artifacts...
2026-07-24 01:53:29 | INFO     | src.data.preprocessor | Metadata saved.
2026-07-24 01:53:29 | INFO     | src.data.preprocessor | Preprocessing pipeline completed successfully.
2026-07-24 01:53:29 | INFO     | __main__ | Step 3/6 : Building LSTM sequences
2026-07-24 01:53:29 | INFO     | src.models.sequence_builder | Building LSTM sequence datasets...
2026-07-24 01:53:29 | INFO     | src.models.sequence_builder | Creating sequences (window=12)...
2026-07-24 01:53:29 | INFO     | src.models.sequence_builder | Generated 181 sequences.
2026-07-24 01:53:29 | INFO     | src.models.sequence_builder | Sequence shape: (181, 12, 6)
2026-07-24 01:53:29 | INFO     | src.models.sequence_builder | Creating sequences (window=12)...
2026-07-24 01:53:29 | INFO     | src.models.sequence_builder | Generated 29 sequences.
2026-07-24 01:53:29 | INFO     | src.models.sequence_builder | Sequence shape: (29, 12, 6)
2026-07-24 01:53:29 | INFO     | src.models.sequence_builder | Creating sequences (window=12)...
2026-07-24 01:53:29 | INFO     | src.models.sequence_builder | Generated 30 sequences.
2026-07-24 01:53:29 | INFO     | src.models.sequence_builder | Sequence shape: (30, 12, 6)
2026-07-24 01:53:29 | INFO     | src.models.sequence_builder | Sequence generation completed successfully.
2026-07-24 01:53:29 | INFO     | src.models.sequence_builder | Input size: 6
2026-07-24 01:53:29 | INFO     | __main__ | Step 4/6 : Initialising trainer
2026-07-24 01:53:29 | INFO     | src.models.trainer | Initialising trainer...
2026-07-24 01:53:29 | INFO     | src.models.trainer | Training device: mps
2026-07-24 01:53:29 | INFO     | src.data.dataset | Dataset created with 181 samples.
2026-07-24 01:53:29 | INFO     | src.data.dataset | Dataset created with 29 samples.
2026-07-24 01:53:29 | INFO     | src.data.dataset | Dataset created with 30 samples.
2026-07-24 01:53:30 | INFO     | src.models.trainer | Trainer initialised successfully.
2026-07-24 01:53:30 | INFO     | src.utils.checkpoint | Checkpoint loaded from /Users/paulettamaunge/Documents/GitHub/Hackathon_PolyglotPioneers/models/checkpoints/last_checkpoint.pth
2026-07-24 01:53:30 | INFO     | src.models.trainer | Resuming from epoch 15
2026-07-24 01:53:30 | INFO     | __main__ | Step 5/6 : Training model
2026-07-24 01:53:30 | INFO     | src.models.trainer | Starting training...
2026-07-24 01:53:31 | INFO     | src.models.trainer | Prediction min: -0.46691152453422546
2026-07-24 01:53:31 | INFO     | src.models.trainer | Prediction max: -0.3344414532184601
2026-07-24 01:53:31 | INFO     | src.models.trainer | Prediction mean: -0.4042879343032837
2026-07-24 01:53:31 | INFO     | src.models.trainer | Target min: -360546331262976.0
2026-07-24 01:53:31 | INFO     | src.models.trainer | Target max: 3.933369688730384e-35
2026-07-24 01:53:31 | INFO     | src.utils.checkpoint | Checkpoint saved to /Users/paulettamaunge/Documents/GitHub/Hackathon_PolyglotPioneers/models/checkpoints/last_checkpoint.pth
2026-07-24 01:53:31 | INFO     | src.utils.checkpoint | Checkpoint saved to /Users/paulettamaunge/Documents/GitHub/Hackathon_PolyglotPioneers/models/checkpoints/best_lstm_model.pth
2026-07-24 01:53:31 | INFO     | src.utils.checkpoint | Training history saved to /Users/paulettamaunge/Documents/GitHub/Hackathon_PolyglotPioneers/models/training_history.json
2026-07-24 01:53:31 | INFO     | src.models.trainer | Epoch 16/100 | Train=0.132821 | Validation=4482539920445489564107145216.000000 | MAE=12432632112516.785156 | RMSE=66951772912373.609375 | R²=-0.0357
2026-07-24 01:53:32 | INFO     | src.models.trainer | Prediction min: -0.47105270624160767
2026-07-24 01:53:32 | INFO     | src.models.trainer | Prediction max: -0.337230384349823
2026-07-24 01:53:32 | INFO     | src.models.trainer | Prediction mean: -0.4081946015357971
2026-07-24 01:53:32 | INFO     | src.models.trainer | Target min: -360546331262976.0
2026-07-24 01:53:32 | INFO     | src.models.trainer | Target max: 3.9351696644550805e-35
2026-07-24 01:53:32 | INFO     | src.utils.checkpoint | Checkpoint saved to /Users/paulettamaunge/Documents/GitHub/Hackathon_PolyglotPioneers/models/checkpoints/last_checkpoint.pth
2026-07-24 01:53:32 | INFO     | src.utils.checkpoint | Training history saved to /Users/paulettamaunge/Documents/GitHub/Hackathon_PolyglotPioneers/models/training_history.json
2026-07-24 01:53:32 | INFO     | src.models.trainer | Epoch 17/100 | Train=0.114944 | Validation=4482539920445489564107145216.000000 | MAE=12432632112516.791016 | RMSE=66951772912373.609375 | R²=-0.0357
2026-07-24 01:53:32 | INFO     | src.models.trainer | Prediction min: -0.47974684834480286
2026-07-24 01:53:32 | INFO     | src.models.trainer | Prediction max: -0.34313467144966125
2026-07-24 01:53:32 | INFO     | src.models.trainer | Prediction mean: -0.41623589396476746
2026-07-24 01:53:32 | INFO     | src.models.trainer | Target min: -360546331262976.0
2026-07-24 01:53:32 | INFO     | src.models.trainer | Target max: 3.9351696644550805e-35
2026-07-24 01:53:32 | INFO     | src.utils.checkpoint | Checkpoint saved to /Users/paulettamaunge/Documents/GitHub/Hackathon_PolyglotPioneers/models/checkpoints/last_checkpoint.pth
2026-07-24 01:53:32 | INFO     | src.utils.checkpoint | Training history saved to /Users/paulettamaunge/Documents/GitHub/Hackathon_PolyglotPioneers/models/training_history.json
2026-07-24 01:53:32 | INFO     | src.models.trainer | Epoch 18/100 | Train=0.117250 | Validation=4482539920445489564107145216.000000 | MAE=12432632112516.796875 | RMSE=66951772912373.609375 | R²=-0.0357
2026-07-24 01:53:32 | INFO     | src.models.trainer | Prediction min: -0.4862605631351471
2026-07-24 01:53:32 | INFO     | src.models.trainer | Prediction max: -0.3446180522441864
2026-07-24 01:53:32 | INFO     | src.models.trainer | Prediction mean: -0.4213813245296478
2026-07-24 01:53:32 | INFO     | src.models.trainer | Target min: -360546331262976.0
2026-07-24 01:53:32 | INFO     | src.models.trainer | Target max: 3.9351696644550805e-35
2026-07-24 01:53:32 | INFO     | src.utils.checkpoint | Checkpoint saved to /Users/paulettamaunge/Documents/GitHub/Hackathon_PolyglotPioneers/models/checkpoints/last_checkpoint.pth
2026-07-24 01:53:32 | INFO     | src.utils.checkpoint | Training history saved to /Users/paulettamaunge/Documents/GitHub/Hackathon_PolyglotPioneers/models/training_history.json
2026-07-24 01:53:32 | INFO     | src.models.trainer | Epoch 19/100 | Train=0.120203 | Validation=4482539920445489564107145216.000000 | MAE=12432632112516.806641 | RMSE=66951772912373.609375 | R²=-0.0357
2026-07-24 01:53:32 | INFO     | src.models.trainer | Prediction min: -0.48668065667152405
2026-07-24 01:53:32 | INFO     | src.models.trainer | Prediction max: -0.3423002064228058
2026-07-24 01:53:32 | INFO     | src.models.trainer | Prediction mean: -0.41990482807159424
2026-07-24 01:53:32 | INFO     | src.models.trainer | Target min: -360546331262976.0
2026-07-24 01:53:32 | INFO     | src.models.trainer | Target max: 3.9351696644550805e-35
2026-07-24 01:53:32 | INFO     | src.utils.checkpoint | Checkpoint saved to /Users/paulettamaunge/Documents/GitHub/Hackathon_PolyglotPioneers/models/checkpoints/last_checkpoint.pth
2026-07-24 01:53:32 | INFO     | src.utils.checkpoint | Training history saved to /Users/paulettamaunge/Documents/GitHub/Hackathon_PolyglotPioneers/models/training_history.json
2026-07-24 01:53:32 | INFO     | src.models.trainer | Epoch 20/100 | Train=0.112604 | Validation=4482539920445489564107145216.000000 | MAE=12432632112516.804688 | RMSE=66951772912373.609375 | R²=-0.0357
2026-07-24 01:53:32 | INFO     | src.models.trainer | Prediction min: -0.4940372109413147
2026-07-24 01:53:32 | INFO     | src.models.trainer | Prediction max: -0.3472549617290497
2026-07-24 01:53:32 | INFO     | src.models.trainer | Prediction mean: -0.4268169105052948
2026-07-24 01:53:32 | INFO     | src.models.trainer | Target min: -360546331262976.0
2026-07-24 01:53:32 | INFO     | src.models.trainer | Target max: 3.9351696644550805e-35
2026-07-24 01:53:32 | INFO     | src.utils.checkpoint | Checkpoint saved to /Users/paulettamaunge/Documents/GitHub/Hackathon_PolyglotPioneers/models/checkpoints/last_checkpoint.pth
2026-07-24 01:53:32 | INFO     | src.utils.checkpoint | Training history saved to /Users/paulettamaunge/Documents/GitHub/Hackathon_PolyglotPioneers/models/training_history.json
2026-07-24 01:53:32 | INFO     | src.models.trainer | Epoch 21/100 | Train=0.106347 | Validation=4482539920445489564107145216.000000 | MAE=12432632112516.812500 | RMSE=66951772912373.609375 | R²=-0.0357
2026-07-24 01:53:32 | INFO     | src.models.trainer | Prediction min: -0.49123528599739075
2026-07-24 01:53:32 | INFO     | src.models.trainer | Prediction max: -0.3413706123828888
2026-07-24 01:53:32 | INFO     | src.models.trainer | Prediction mean: -0.4236297011375427
2026-07-24 01:53:32 | INFO     | src.models.trainer | Target min: -360546331262976.0
2026-07-24 01:53:32 | INFO     | src.models.trainer | Target max: 3.9351696644550805e-35
2026-07-24 01:53:32 | INFO     | src.models.trainer | Learning rate changed from 0.000250 to 0.000125
2026-07-24 01:53:32 | INFO     | src.utils.checkpoint | Checkpoint saved to /Users/paulettamaunge/Documents/GitHub/Hackathon_PolyglotPioneers/models/checkpoints/last_checkpoint.pth
2026-07-24 01:53:32 | INFO     | src.utils.checkpoint | Training history saved to /Users/paulettamaunge/Documents/GitHub/Hackathon_PolyglotPioneers/models/training_history.json
2026-07-24 01:53:32 | INFO     | src.models.trainer | Epoch 22/100 | Train=0.103989 | Validation=4482539920445489564107145216.000000 | MAE=12432632112516.808594 | RMSE=66951772912373.609375 | R²=-0.0357
2026-07-24 01:53:32 | INFO     | src.models.trainer | Prediction min: -0.4899504482746124
2026-07-24 01:53:32 | INFO     | src.models.trainer | Prediction max: -0.34029197692871094
2026-07-24 01:53:32 | INFO     | src.models.trainer | Prediction mean: -0.42212605476379395
2026-07-24 01:53:32 | INFO     | src.models.trainer | Target min: -360546331262976.0
2026-07-24 01:53:32 | INFO     | src.models.trainer | Target max: 3.9351696644550805e-35
2026-07-24 01:53:32 | INFO     | src.utils.checkpoint | Checkpoint saved to /Users/paulettamaunge/Documents/GitHub/Hackathon_PolyglotPioneers/models/checkpoints/last_checkpoint.pth
2026-07-24 01:53:32 | INFO     | src.utils.checkpoint | Training history saved to /Users/paulettamaunge/Documents/GitHub/Hackathon_PolyglotPioneers/models/training_history.json
2026-07-24 01:53:32 | INFO     | src.models.trainer | Epoch 23/100 | Train=0.084370 | Validation=4482539920445489564107145216.000000 | MAE=12432632112516.806641 | RMSE=66951772912373.609375 | R²=-0.0357
2026-07-24 01:53:33 | INFO     | src.models.trainer | Prediction min: -0.4894453287124634
2026-07-24 01:53:33 | INFO     | src.models.trainer | Prediction max: -0.33951443433761597
2026-07-24 01:53:33 | INFO     | src.models.trainer | Prediction mean: -0.4209171235561371
2026-07-24 01:53:33 | INFO     | src.models.trainer | Target min: -360546331262976.0
2026-07-24 01:53:33 | INFO     | src.models.trainer | Target max: 3.9351696644550805e-35
2026-07-24 01:53:33 | INFO     | src.utils.checkpoint | Checkpoint saved to /Users/paulettamaunge/Documents/GitHub/Hackathon_PolyglotPioneers/models/checkpoints/last_checkpoint.pth
2026-07-24 01:53:33 | INFO     | src.utils.checkpoint | Training history saved to /Users/paulettamaunge/Documents/GitHub/Hackathon_PolyglotPioneers/models/training_history.json
2026-07-24 01:53:33 | INFO     | src.models.trainer | Epoch 24/100 | Train=0.085991 | Validation=4482539920445489564107145216.000000 | MAE=12432632112516.804688 | RMSE=66951772912373.609375 | R²=-0.0357
2026-07-24 01:53:33 | INFO     | src.models.trainer | Prediction min: -0.49217328429222107
2026-07-24 01:53:33 | INFO     | src.models.trainer | Prediction max: -0.34039413928985596
2026-07-24 01:53:33 | INFO     | src.models.trainer | Prediction mean: -0.42292240262031555
2026-07-24 01:53:33 | INFO     | src.models.trainer | Target min: -360546331262976.0
2026-07-24 01:53:33 | INFO     | src.models.trainer | Target max: 3.9351696644550805e-35
2026-07-24 01:53:33 | INFO     | src.utils.checkpoint | Checkpoint saved to /Users/paulettamaunge/Documents/GitHub/Hackathon_PolyglotPioneers/models/checkpoints/last_checkpoint.pth
2026-07-24 01:53:33 | INFO     | src.utils.checkpoint | Training history saved to /Users/paulettamaunge/Documents/GitHub/Hackathon_PolyglotPioneers/models/training_history.json
2026-07-24 01:53:33 | INFO     | src.models.trainer | Epoch 25/100 | Train=0.090145 | Validation=4482539920445489564107145216.000000 | MAE=12432632112516.808594 | RMSE=66951772912373.609375 | R²=-0.0357
2026-07-24 01:53:33 | INFO     | src.models.trainer | Prediction min: -0.4996226727962494
2026-07-24 01:53:33 | INFO     | src.models.trainer | Prediction max: -0.3443567752838135
2026-07-24 01:53:33 | INFO     | src.models.trainer | Prediction mean: -0.42957109212875366
2026-07-24 01:53:33 | INFO     | src.models.trainer | Target min: -360546331262976.0
2026-07-24 01:53:33 | INFO     | src.models.trainer | Target max: 3.9351696644550805e-35
2026-07-24 01:53:33 | INFO     | src.utils.checkpoint | Checkpoint saved to /Users/paulettamaunge/Documents/GitHub/Hackathon_PolyglotPioneers/models/checkpoints/last_checkpoint.pth
2026-07-24 01:53:33 | INFO     | src.utils.checkpoint | Training history saved to /Users/paulettamaunge/Documents/GitHub/Hackathon_PolyglotPioneers/models/training_history.json
2026-07-24 01:53:33 | INFO     | src.models.trainer | Epoch 26/100 | Train=0.078315 | Validation=4482539920445489564107145216.000000 | MAE=12432632112516.816406 | RMSE=66951772912373.609375 | R²=-0.0357
2026-07-24 01:53:33 | INFO     | src.models.trainer | Prediction min: -0.5046032667160034
2026-07-24 01:53:33 | INFO     | src.models.trainer | Prediction max: -0.3465816378593445
2026-07-24 01:53:33 | INFO     | src.models.trainer | Prediction mean: -0.43375834822654724
2026-07-24 01:53:33 | INFO     | src.models.trainer | Target min: -360546331262976.0
2026-07-24 01:53:33 | INFO     | src.models.trainer | Target max: 3.9351696644550805e-35
2026-07-24 01:53:33 | INFO     | src.utils.checkpoint | Checkpoint saved to /Users/paulettamaunge/Documents/GitHub/Hackathon_PolyglotPioneers/models/checkpoints/last_checkpoint.pth
2026-07-24 01:53:33 | INFO     | src.utils.checkpoint | Training history saved to /Users/paulettamaunge/Documents/GitHub/Hackathon_PolyglotPioneers/models/training_history.json
2026-07-24 01:53:33 | INFO     | src.models.trainer | Epoch 27/100 | Train=0.089101 | Validation=4482539920445489564107145216.000000 | MAE=12432632112516.820312 | RMSE=66951772912373.609375 | R²=-0.0357
2026-07-24 01:53:33 | INFO     | src.models.trainer | Prediction min: -0.512380838394165
2026-07-24 01:53:33 | INFO     | src.models.trainer | Prediction max: -0.3528937101364136
2026-07-24 01:53:33 | INFO     | src.models.trainer | Prediction mean: -0.4412788152694702
2026-07-24 01:53:33 | INFO     | src.models.trainer | Target min: -360546331262976.0
2026-07-24 01:53:33 | INFO     | src.models.trainer | Target max: 3.9351696644550805e-35
2026-07-24 01:53:33 | INFO     | src.models.trainer | Learning rate changed from 0.000125 to 0.000063
2026-07-24 01:53:33 | INFO     | src.utils.checkpoint | Checkpoint saved to /Users/paulettamaunge/Documents/GitHub/Hackathon_PolyglotPioneers/models/checkpoints/last_checkpoint.pth
2026-07-24 01:53:33 | INFO     | src.utils.checkpoint | Training history saved to /Users/paulettamaunge/Documents/GitHub/Hackathon_PolyglotPioneers/models/training_history.json
2026-07-24 01:53:33 | INFO     | src.models.trainer | Epoch 28/100 | Train=0.082931 | Validation=4482539920445489564107145216.000000 | MAE=12432632112516.826172 | RMSE=66951772912373.609375 | R²=-0.0357
2026-07-24 01:53:33 | INFO     | src.models.trainer | Prediction min: -0.5111432075500488
2026-07-24 01:53:33 | INFO     | src.models.trainer | Prediction max: -0.35139378905296326
2026-07-24 01:53:33 | INFO     | src.models.trainer | Prediction mean: -0.43968015909194946
2026-07-24 01:53:33 | INFO     | src.models.trainer | Target min: -360546331262976.0
2026-07-24 01:53:33 | INFO     | src.models.trainer | Target max: 3.9351696644550805e-35
2026-07-24 01:53:33 | INFO     | src.utils.checkpoint | Checkpoint saved to /Users/paulettamaunge/Documents/GitHub/Hackathon_PolyglotPioneers/models/checkpoints/last_checkpoint.pth
2026-07-24 01:53:33 | INFO     | src.utils.checkpoint | Training history saved to /Users/paulettamaunge/Documents/GitHub/Hackathon_PolyglotPioneers/models/training_history.json
2026-07-24 01:53:33 | INFO     | src.models.trainer | Epoch 29/100 | Train=0.085486 | Validation=4482539920445489564107145216.000000 | MAE=12432632112516.826172 | RMSE=66951772912373.609375 | R²=-0.0357
2026-07-24 01:53:34 | INFO     | src.models.trainer | Prediction min: -0.5123200416564941
2026-07-24 01:53:34 | INFO     | src.models.trainer | Prediction max: -0.35140445828437805
2026-07-24 01:53:34 | INFO     | src.models.trainer | Prediction mean: -0.44046738743782043
2026-07-24 01:53:34 | INFO     | src.models.trainer | Target min: -360546331262976.0
2026-07-24 01:53:34 | INFO     | src.models.trainer | Target max: 3.9351696644550805e-35
2026-07-24 01:53:34 | INFO     | src.utils.checkpoint | Checkpoint saved to /Users/paulettamaunge/Documents/GitHub/Hackathon_PolyglotPioneers/models/checkpoints/last_checkpoint.pth
2026-07-24 01:53:34 | INFO     | src.utils.checkpoint | Training history saved to /Users/paulettamaunge/Documents/GitHub/Hackathon_PolyglotPioneers/models/training_history.json
2026-07-24 01:53:34 | INFO     | src.models.trainer | Epoch 30/100 | Train=0.084707 | Validation=4482539920445489564107145216.000000 | MAE=12432632112516.826172 | RMSE=66951772912373.609375 | R²=-0.0357
2026-07-24 01:53:34 | INFO     | src.models.trainer | Prediction min: -0.5138720870018005
2026-07-24 01:53:34 | INFO     | src.models.trainer | Prediction max: -0.35182976722717285
2026-07-24 01:53:34 | INFO     | src.models.trainer | Prediction mean: -0.44156888127326965
2026-07-24 01:53:34 | INFO     | src.models.trainer | Target min: -360546331262976.0
2026-07-24 01:53:34 | INFO     | src.models.trainer | Target max: 3.9351696644550805e-35
2026-07-24 01:53:34 | INFO     | src.utils.checkpoint | Checkpoint saved to /Users/paulettamaunge/Documents/GitHub/Hackathon_PolyglotPioneers/models/checkpoints/last_checkpoint.pth
2026-07-24 01:53:34 | INFO     | src.utils.checkpoint | Training history saved to /Users/paulettamaunge/Documents/GitHub/Hackathon_PolyglotPioneers/models/training_history.json
2026-07-24 01:53:34 | INFO     | src.models.trainer | Epoch 31/100 | Train=0.086124 | Validation=4482539920445489564107145216.000000 | MAE=12432632112516.826172 | RMSE=66951772912373.609375 | R²=-0.0357
2026-07-24 01:53:34 | INFO     | src.models.trainer | Early stopping triggered.
2026-07-24 01:53:34 | INFO     | src.models.trainer | Training finished. Best epoch: 16
2026-07-24 01:53:34 | INFO     | __main__ | Loading best model...
2026-07-24 01:53:34 | INFO     | src.utils.checkpoint | Checkpoint loaded from /Users/paulettamaunge/Documents/GitHub/Hackathon_PolyglotPioneers/models/checkpoints/best_lstm_model.pth
2026-07-24 01:53:34 | INFO     | src.models.trainer | Best model loaded.
2026-07-24 01:53:34 | INFO     | __main__ | Step 6/6 : Evaluating model
2026-07-24 01:53:34 | INFO     | src.models.trainer | Test metrics: {'mae': 0.8464665036648512, 'mse': 1.1447740331295992, 'rmse': 1.0699411353572679, 'r2': -0.4549732770986672}
2026-07-24 01:53:34 | INFO     | __main__ | ================================================================================
2026-07-24 01:53:34 | INFO     | __main__ | FINAL TEST RESULTS
2026-07-24 01:53:34 | INFO     | __main__ | ================================================================================
2026-07-24 01:53:34 | INFO     | __main__ | MAE     : 0.846467
2026-07-24 01:53:34 | INFO     | __main__ | MSE     : 1.144774
2026-07-24 01:53:34 | INFO     | __main__ | RMSE    : 1.069941
2026-07-24 01:53:34 | INFO     | __main__ | R2      : -0.454973
2026-07-24 01:53:34 | INFO     | __main__ | ================================================================================
2026-07-24 01:53:34 | INFO     | __main__ | FORECASTING PIPELINE COMPLETED SUCCESSFULLY
2026-07-24 01:53:34 | INFO     | __main__ | ================================================================================
2026-07-24 02:07:23 | INFO     | __main__ | ================================================================================
2026-07-24 02:07:23 | INFO     | __main__ | FORECASTING PIPELINE STARTED
2026-07-24 02:07:23 | INFO     | __main__ | ================================================================================
2026-07-24 02:07:23 | INFO     | __main__ | Step 1/6 : Loading dataset
2026-07-24 02:07:23 | INFO     | src.data.data_loader | Loading dataset...
2026-07-24 02:07:23 | INFO     | src.data.data_loader | Dataset loaded successfully (276 rows × 10 columns)
2026-07-24 02:07:23 | INFO     | src.data.data_loader | Validating dataset...
2026-07-24 02:07:23 | INFO     | src.data.data_loader | No missing values detected.
2026-07-24 02:07:23 | INFO     | src.data.data_loader | Sorting by 'year_month'.
2026-07-24 02:07:23 | INFO     | src.data.data_loader | Discovered 6 input features.
2026-07-24 02:07:23 | INFO     | src.data.data_loader | ============================================================
2026-07-24 02:07:23 | INFO     | src.data.data_loader | Dataset Summary
2026-07-24 02:07:23 | INFO     | src.data.data_loader | ============================================================
2026-07-24 02:07:23 | INFO     | src.data.data_loader | Rows      : 276
2026-07-24 02:07:23 | INFO     | src.data.data_loader | Columns   : 10
2026-07-24 02:07:23 | INFO     | src.data.data_loader | Features  : 6
2026-07-24 02:07:23 | INFO     | src.data.data_loader | Target    : FAO_23014
2026-07-24 02:07:23 | INFO     | src.data.data_loader | ============================================================
2026-07-24 02:07:23 | INFO     | __main__ | Step 2/6 : Preprocessing dataset
2026-07-24 02:07:23 | INFO     | src.data.preprocessor | Splitting dataset chronologically...
2026-07-24 02:07:23 | INFO     | src.data.preprocessor | Train rows      : 193
2026-07-24 02:07:23 | INFO     | src.data.preprocessor | Validation rows : 41
2026-07-24 02:07:23 | INFO     | src.data.preprocessor | Test rows       : 42
2026-07-24 02:07:23 | INFO     | src.data.preprocessor | Fitting feature scaler on training data...
2026-07-24 02:07:23 | INFO     | src.data.preprocessor | Fitting target scaler on training data...
2026-07-24 02:07:23 | INFO     | src.data.preprocessor | Train target: min=-1.262985348701477, max=3.2605814933776855, mean=-1.9765270309335392e-08
2026-07-24 02:07:23 | INFO     | src.data.preprocessor | Validation target: min=-1.646776795387268, max=-0.5816271305084229, mean=-1.0886571407318115
2026-07-24 02:07:23 | INFO     | src.data.preprocessor | Test target: min=-1.1580467224121094, max=1.9002104997634888, mean=0.25129449367523193
2026-07-24 02:07:23 | INFO     | src.data.preprocessor | Saving preprocessing artifacts...
2026-07-24 02:07:23 | INFO     | src.data.preprocessor | Metadata saved.
2026-07-24 02:07:23 | INFO     | src.data.preprocessor | Preprocessing pipeline completed successfully.
2026-07-24 02:07:23 | INFO     | __main__ | Step 3/6 : Building LSTM sequences
2026-07-24 02:07:23 | INFO     | src.models.sequence_builder | Building LSTM sequence datasets...
2026-07-24 02:07:23 | INFO     | src.models.sequence_builder | Creating sequences (window=12)...
2026-07-24 02:07:23 | INFO     | src.models.sequence_builder | Generated 181 sequences.
2026-07-24 02:07:23 | INFO     | src.models.sequence_builder | Sequence shape: (181, 12, 6)
2026-07-24 02:07:23 | INFO     | src.models.sequence_builder | Creating sequences (window=12)...
2026-07-24 02:07:23 | INFO     | src.models.sequence_builder | Generated 29 sequences.
2026-07-24 02:07:23 | INFO     | src.models.sequence_builder | Sequence shape: (29, 12, 6)
2026-07-24 02:07:23 | INFO     | src.models.sequence_builder | Creating sequences (window=12)...
2026-07-24 02:07:23 | INFO     | src.models.sequence_builder | Generated 30 sequences.
2026-07-24 02:07:23 | INFO     | src.models.sequence_builder | Sequence shape: (30, 12, 6)
2026-07-24 02:07:23 | INFO     | src.models.sequence_builder | Sequence generation completed successfully.
2026-07-24 02:07:23 | INFO     | src.models.sequence_builder | Input size: 6
2026-07-24 02:07:23 | INFO     | __main__ | Step 4/6 : Initialising trainer
2026-07-24 02:07:23 | INFO     | src.models.trainer | Initialising trainer...
2026-07-24 02:07:24 | INFO     | src.models.trainer | Training device: mps
2026-07-24 02:07:24 | INFO     | src.data.dataset | Dataset created with 181 samples.
2026-07-24 02:07:24 | INFO     | src.data.dataset | Dataset created with 29 samples.
2026-07-24 02:07:24 | INFO     | src.data.dataset | Dataset created with 30 samples.
2026-07-24 02:07:25 | INFO     | src.models.trainer | Trainer initialised successfully.
2026-07-24 02:07:25 | INFO     | src.models.trainer | No previous checkpoint found.
2026-07-24 02:07:25 | INFO     | __main__ | Step 5/6 : Training model
2026-07-24 02:07:25 | INFO     | src.models.trainer | Starting training...
2026-07-24 02:07:26 | INFO     | src.models.trainer | Batch labels: min=-8033561.5, max=1.4115649200565948e+22
2026-07-24 02:07:26 | INFO     | src.models.trainer | Prediction min: 0.022279001772403717
2026-07-24 02:07:26 | INFO     | src.models.trainer | Prediction max: 0.04307767003774643
2026-07-24 02:07:26 | INFO     | src.models.trainer | Prediction mean: 0.03303390368819237
2026-07-24 02:07:26 | INFO     | src.models.trainer | Target min: -8033561.5
2026-07-24 02:07:26 | INFO     | src.models.trainer | Target max: 1.4115649200565948e+22
2026-07-24 02:07:26 | INFO     | src.utils.checkpoint | Checkpoint saved to /Users/paulettamaunge/Documents/GitHub/Hackathon_PolyglotPioneers/models/checkpoints/last_checkpoint.pth
2026-07-24 02:07:26 | INFO     | src.utils.checkpoint | Checkpoint saved to /Users/paulettamaunge/Documents/GitHub/Hackathon_PolyglotPioneers/models/checkpoints/best_lstm_model.pth
2026-07-24 02:07:26 | INFO     | src.utils.checkpoint | Training history saved to /Users/paulettamaunge/Documents/GitHub/Hackathon_PolyglotPioneers/models/training_history.json
2026-07-24 02:07:26 | INFO     | src.models.trainer | Epoch 1/100 | Train=0.936606 | Validation=inf | MAE=486746524157446782976.000000 | RMSE=2621210251887725510656.000000 | R²=-0.0357
2026-07-24 02:07:26 | INFO     | src.models.trainer | Batch labels: min=-8033561.5, max=1.412602549410741e+22
2026-07-24 02:07:26 | INFO     | src.models.trainer | Prediction min: -0.11036307364702225
2026-07-24 02:07:26 | INFO     | src.models.trainer | Prediction max: -0.07643496245145798
2026-07-24 02:07:26 | INFO     | src.models.trainer | Prediction mean: -0.09331244230270386
2026-07-24 02:07:26 | INFO     | src.models.trainer | Target min: -8033561.5
2026-07-24 02:07:26 | INFO     | src.models.trainer | Target max: 1.412602549410741e+22
2026-07-24 02:07:26 | INFO     | src.utils.checkpoint | Checkpoint saved to /Users/paulettamaunge/Documents/GitHub/Hackathon_PolyglotPioneers/models/checkpoints/last_checkpoint.pth
2026-07-24 02:07:26 | INFO     | src.utils.checkpoint | Training history saved to /Users/paulettamaunge/Documents/GitHub/Hackathon_PolyglotPioneers/models/training_history.json
2026-07-24 02:07:26 | INFO     | src.models.trainer | Epoch 2/100 | Train=0.739740 | Validation=inf | MAE=487104327383014440960.000000 | RMSE=2623137081225931390976.000000 | R²=-0.0357
2026-07-24 02:07:26 | INFO     | src.models.trainer | Batch labels: min=-8033561.5, max=1.4126169609295486e+22
2026-07-24 02:07:26 | INFO     | src.models.trainer | Prediction min: -0.21697500348091125
2026-07-24 02:07:26 | INFO     | src.models.trainer | Prediction max: -0.1591886579990387
2026-07-24 02:07:26 | INFO     | src.models.trainer | Prediction mean: -0.18401707708835602
2026-07-24 02:07:26 | INFO     | src.models.trainer | Target min: -8033561.5
2026-07-24 02:07:26 | INFO     | src.models.trainer | Target max: 1.4126169609295486e+22
2026-07-24 02:07:26 | INFO     | src.utils.checkpoint | Checkpoint saved to /Users/paulettamaunge/Documents/GitHub/Hackathon_PolyglotPioneers/models/checkpoints/last_checkpoint.pth
2026-07-24 02:07:26 | INFO     | src.utils.checkpoint | Training history saved to /Users/paulettamaunge/Documents/GitHub/Hackathon_PolyglotPioneers/models/training_history.json
2026-07-24 02:07:26 | INFO     | src.models.trainer | Epoch 3/100 | Train=0.549977 | Validation=inf | MAE=487109296872258404352.000000 | RMSE=2623163842744517918720.000000 | R²=-0.0357
2026-07-24 02:07:26 | INFO     | src.models.trainer | Batch labels: min=0.0, max=0.0
2026-07-24 02:07:26 | INFO     | src.models.trainer | Prediction min: -0.27036115527153015
2026-07-24 02:07:26 | INFO     | src.models.trainer | Prediction max: -0.19967088103294373
2026-07-24 02:07:26 | INFO     | src.models.trainer | Prediction mean: -0.2254450023174286
2026-07-24 02:07:26 | INFO     | src.models.trainer | Target min: 0.0
2026-07-24 02:07:26 | INFO     | src.models.trainer | Target max: 0.0
2026-07-24 02:07:26 | INFO     | src.utils.checkpoint | Checkpoint saved to /Users/paulettamaunge/Documents/GitHub/Hackathon_PolyglotPioneers/models/checkpoints/last_checkpoint.pth
2026-07-24 02:07:26 | INFO     | src.utils.checkpoint | Checkpoint saved to /Users/paulettamaunge/Documents/GitHub/Hackathon_PolyglotPioneers/models/checkpoints/best_lstm_model.pth
2026-07-24 02:07:26 | INFO     | src.utils.checkpoint | Training history saved to /Users/paulettamaunge/Documents/GitHub/Hackathon_PolyglotPioneers/models/training_history.json
2026-07-24 02:07:26 | INFO     | src.models.trainer | Epoch 4/100 | Train=0.428605 | Validation=0.051113 | MAE=0.225445 | RMSE=0.226083 | R²=0.0000
2026-07-24 02:07:26 | INFO     | src.models.trainer | Batch labels: min=-8033561.5, max=1.4125737263731258e+22
2026-07-24 02:07:26 | INFO     | src.models.trainer | Prediction min: -0.3579165041446686
2026-07-24 02:07:26 | INFO     | src.models.trainer | Prediction max: -0.2975240647792816
2026-07-24 02:07:26 | INFO     | src.models.trainer | Prediction mean: -0.314003050327301
2026-07-24 02:07:26 | INFO     | src.models.trainer | Target min: -8033561.5
2026-07-24 02:07:26 | INFO     | src.models.trainer | Target max: 1.4125737263731258e+22
2026-07-24 02:07:26 | INFO     | src.utils.checkpoint | Checkpoint saved to /Users/paulettamaunge/Documents/GitHub/Hackathon_PolyglotPioneers/models/checkpoints/last_checkpoint.pth
2026-07-24 02:07:26 | INFO     | src.utils.checkpoint | Training history saved to /Users/paulettamaunge/Documents/GitHub/Hackathon_PolyglotPioneers/models/training_history.json
2026-07-24 02:07:26 | INFO     | src.models.trainer | Epoch 5/100 | Train=0.329462 | Validation=inf | MAE=487094388404526448640.000000 | RMSE=2623083558188759384064.000000 | R²=-0.0357
2026-07-24 02:07:26 | INFO     | src.models.trainer | Batch labels: min=-8033561.5, max=1.4126457839671637e+22
2026-07-24 02:07:26 | INFO     | src.models.trainer | Prediction min: -0.3135380148887634
2026-07-24 02:07:26 | INFO     | src.models.trainer | Prediction max: -0.25089794397354126
2026-07-24 02:07:26 | INFO     | src.models.trainer | Prediction mean: -0.2684032917022705
2026-07-24 02:07:26 | INFO     | src.models.trainer | Target min: -8033561.5
2026-07-24 02:07:26 | INFO     | src.models.trainer | Target max: 1.4126457839671637e+22
2026-07-24 02:07:26 | INFO     | src.utils.checkpoint | Checkpoint saved to /Users/paulettamaunge/Documents/GitHub/Hackathon_PolyglotPioneers/models/checkpoints/last_checkpoint.pth
2026-07-24 02:07:26 | INFO     | src.utils.checkpoint | Training history saved to /Users/paulettamaunge/Documents/GitHub/Hackathon_PolyglotPioneers/models/training_history.json
2026-07-24 02:07:26 | INFO     | src.models.trainer | Epoch 6/100 | Train=0.274793 | Validation=inf | MAE=487119235850746396672.000000 | RMSE=2623217365781689925632.000000 | R²=-0.0357
2026-07-24 02:07:27 | INFO     | src.models.trainer | Batch labels: min=-8033561.5, max=1.4125737263731258e+22
2026-07-24 02:07:27 | INFO     | src.models.trainer | Prediction min: -0.2994701862335205
2026-07-24 02:07:27 | INFO     | src.models.trainer | Prediction max: -0.22922350466251373
2026-07-24 02:07:27 | INFO     | src.models.trainer | Prediction mean: -0.25269827246665955
2026-07-24 02:07:27 | INFO     | src.models.trainer | Target min: -8033561.5
2026-07-24 02:07:27 | INFO     | src.models.trainer | Target max: 1.4125737263731258e+22
2026-07-24 02:07:27 | INFO     | src.utils.checkpoint | Checkpoint saved to /Users/paulettamaunge/Documents/GitHub/Hackathon_PolyglotPioneers/models/checkpoints/last_checkpoint.pth
2026-07-24 02:07:27 | INFO     | src.utils.checkpoint | Training history saved to /Users/paulettamaunge/Documents/GitHub/Hackathon_PolyglotPioneers/models/training_history.json
2026-07-24 02:07:27 | INFO     | src.models.trainer | Epoch 7/100 | Train=0.242333 | Validation=inf | MAE=487094388404526448640.000000 | RMSE=2623083558188759384064.000000 | R²=-0.0357
2026-07-24 02:07:27 | INFO     | src.models.trainer | Batch labels: min=-8033561.5, max=1.4126457839671637e+22
2026-07-24 02:07:27 | INFO     | src.models.trainer | Prediction min: -0.39105507731437683
2026-07-24 02:07:27 | INFO     | src.models.trainer | Prediction max: -0.3134872317314148
2026-07-24 02:07:27 | INFO     | src.models.trainer | Prediction mean: -0.34270286560058594
2026-07-24 02:07:27 | INFO     | src.models.trainer | Target min: -8033561.5
2026-07-24 02:07:27 | INFO     | src.models.trainer | Target max: 1.4126457839671637e+22
2026-07-24 02:07:27 | INFO     | src.utils.checkpoint | Checkpoint saved to /Users/paulettamaunge/Documents/GitHub/Hackathon_PolyglotPioneers/models/checkpoints/last_checkpoint.pth
2026-07-24 02:07:27 | INFO     | src.utils.checkpoint | Training history saved to /Users/paulettamaunge/Documents/GitHub/Hackathon_PolyglotPioneers/models/training_history.json
2026-07-24 02:07:27 | INFO     | src.models.trainer | Epoch 8/100 | Train=0.201784 | Validation=inf | MAE=487119235850746396672.000000 | RMSE=2623217365781689925632.000000 | R²=-0.0357
2026-07-24 02:07:27 | INFO     | src.models.trainer | Batch labels: min=-8033561.5, max=1.4126169609295486e+22
2026-07-24 02:07:27 | INFO     | src.models.trainer | Prediction min: -0.4516960084438324
2026-07-24 02:07:27 | INFO     | src.models.trainer | Prediction max: -0.3601396977901459
2026-07-24 02:07:27 | INFO     | src.models.trainer | Prediction mean: -0.39471396803855896
2026-07-24 02:07:27 | INFO     | src.models.trainer | Target min: -8033561.5
2026-07-24 02:07:27 | INFO     | src.models.trainer | Target max: 1.4126169609295486e+22
2026-07-24 02:07:27 | INFO     | src.utils.checkpoint | Checkpoint saved to /Users/paulettamaunge/Documents/GitHub/Hackathon_PolyglotPioneers/models/checkpoints/last_checkpoint.pth
2026-07-24 02:07:27 | INFO     | src.utils.checkpoint | Training history saved to /Users/paulettamaunge/Documents/GitHub/Hackathon_PolyglotPioneers/models/training_history.json
2026-07-24 02:07:27 | INFO     | src.models.trainer | Epoch 9/100 | Train=0.175735 | Validation=inf | MAE=487109296872258404352.000000 | RMSE=2623163842744517918720.000000 | R²=-0.0357
2026-07-24 02:07:27 | INFO     | src.models.trainer | Batch labels: min=-8033561.5, max=1.4125737263731258e+22
2026-07-24 02:07:27 | INFO     | src.models.trainer | Prediction min: -0.5048459768295288
2026-07-24 02:07:27 | INFO     | src.models.trainer | Prediction max: -0.4070892333984375
2026-07-24 02:07:27 | INFO     | src.models.trainer | Prediction mean: -0.4459518790245056
2026-07-24 02:07:27 | INFO     | src.models.trainer | Target min: -8033561.5
2026-07-24 02:07:27 | INFO     | src.models.trainer | Target max: 1.4125737263731258e+22
2026-07-24 02:07:27 | INFO     | src.models.trainer | Learning rate changed from 0.001000 to 0.000500
2026-07-24 02:07:27 | INFO     | src.utils.checkpoint | Checkpoint saved to /Users/paulettamaunge/Documents/GitHub/Hackathon_PolyglotPioneers/models/checkpoints/last_checkpoint.pth
2026-07-24 02:07:27 | INFO     | src.utils.checkpoint | Training history saved to /Users/paulettamaunge/Documents/GitHub/Hackathon_PolyglotPioneers/models/training_history.json
2026-07-24 02:07:27 | INFO     | src.models.trainer | Epoch 10/100 | Train=0.163781 | Validation=inf | MAE=487094388404526448640.000000 | RMSE=2623083558188759384064.000000 | R²=-0.0357
2026-07-24 02:07:27 | INFO     | src.models.trainer | Batch labels: min=-8033561.5, max=1.4126457839671637e+22
2026-07-24 02:07:27 | INFO     | src.models.trainer | Prediction min: -0.4930008351802826
2026-07-24 02:07:27 | INFO     | src.models.trainer | Prediction max: -0.391036719083786
2026-07-24 02:07:27 | INFO     | src.models.trainer | Prediction mean: -0.43135398626327515
2026-07-24 02:07:27 | INFO     | src.models.trainer | Target min: -8033561.5
2026-07-24 02:07:27 | INFO     | src.models.trainer | Target max: 1.4126457839671637e+22
2026-07-24 02:07:27 | INFO     | src.utils.checkpoint | Checkpoint saved to /Users/paulettamaunge/Documents/GitHub/Hackathon_PolyglotPioneers/models/checkpoints/last_checkpoint.pth
2026-07-24 02:07:27 | INFO     | src.utils.checkpoint | Training history saved to /Users/paulettamaunge/Documents/GitHub/Hackathon_PolyglotPioneers/models/training_history.json
2026-07-24 02:07:27 | INFO     | src.models.trainer | Epoch 11/100 | Train=0.137699 | Validation=inf | MAE=487119235850746396672.000000 | RMSE=2623217365781689925632.000000 | R²=-0.0357
2026-07-24 02:07:27 | INFO     | src.models.trainer | Batch labels: min=-8033561.5, max=1.412602549410741e+22
2026-07-24 02:07:27 | INFO     | src.models.trainer | Prediction min: -0.4692755937576294
2026-07-24 02:07:27 | INFO     | src.models.trainer | Prediction max: -0.36496806144714355
2026-07-24 02:07:27 | INFO     | src.models.trainer | Prediction mean: -0.4062117636203766
2026-07-24 02:07:27 | INFO     | src.models.trainer | Target min: -8033561.5
2026-07-24 02:07:27 | INFO     | src.models.trainer | Target max: 1.412602549410741e+22
2026-07-24 02:07:27 | INFO     | src.utils.checkpoint | Checkpoint saved to /Users/paulettamaunge/Documents/GitHub/Hackathon_PolyglotPioneers/models/checkpoints/last_checkpoint.pth
2026-07-24 02:07:27 | INFO     | src.utils.checkpoint | Training history saved to /Users/paulettamaunge/Documents/GitHub/Hackathon_PolyglotPioneers/models/training_history.json
2026-07-24 02:07:27 | INFO     | src.models.trainer | Epoch 12/100 | Train=0.144435 | Validation=inf | MAE=487104327383014440960.000000 | RMSE=2623137081225931390976.000000 | R²=-0.0357
2026-07-24 02:07:27 | INFO     | src.models.trainer | Batch labels: min=-8033561.5, max=1.4126457839671637e+22
2026-07-24 02:07:27 | INFO     | src.models.trainer | Prediction min: -0.48073339462280273
2026-07-24 02:07:27 | INFO     | src.models.trainer | Prediction max: -0.3786489963531494
2026-07-24 02:07:27 | INFO     | src.models.trainer | Prediction mean: -0.419960081577301
2026-07-24 02:07:27 | INFO     | src.models.trainer | Target min: -8033561.5
2026-07-24 02:07:27 | INFO     | src.models.trainer | Target max: 1.4126457839671637e+22
2026-07-24 02:07:27 | INFO     | src.utils.checkpoint | Checkpoint saved to /Users/paulettamaunge/Documents/GitHub/Hackathon_PolyglotPioneers/models/checkpoints/last_checkpoint.pth
2026-07-24 02:07:27 | INFO     | src.utils.checkpoint | Training history saved to /Users/paulettamaunge/Documents/GitHub/Hackathon_PolyglotPioneers/models/training_history.json
2026-07-24 02:07:27 | INFO     | src.models.trainer | Epoch 13/100 | Train=0.125734 | Validation=inf | MAE=487119235850746396672.000000 | RMSE=2623217365781689925632.000000 | R²=-0.0357
2026-07-24 02:07:28 | INFO     | src.models.trainer | Batch labels: min=-8033561.5, max=1.4126313724483562e+22
2026-07-24 02:07:28 | INFO     | src.models.trainer | Prediction min: -0.45239463448524475
2026-07-24 02:07:28 | INFO     | src.models.trainer | Prediction max: -0.3460395038127899
2026-07-24 02:07:28 | INFO     | src.models.trainer | Prediction mean: -0.3879890441894531
2026-07-24 02:07:28 | INFO     | src.models.trainer | Target min: -8033561.5
2026-07-24 02:07:28 | INFO     | src.models.trainer | Target max: 1.4126313724483562e+22
2026-07-24 02:07:28 | INFO     | src.utils.checkpoint | Checkpoint saved to /Users/paulettamaunge/Documents/GitHub/Hackathon_PolyglotPioneers/models/checkpoints/last_checkpoint.pth
2026-07-24 02:07:28 | INFO     | src.utils.checkpoint | Training history saved to /Users/paulettamaunge/Documents/GitHub/Hackathon_PolyglotPioneers/models/training_history.json
2026-07-24 02:07:28 | INFO     | src.models.trainer | Epoch 14/100 | Train=0.129533 | Validation=inf | MAE=487114266361502433280.000000 | RMSE=2623190604263103922176.000000 | R²=-0.0357
2026-07-24 02:07:28 | INFO     | src.models.trainer | Batch labels: min=-8033561.5, max=1.4126169609295486e+22
2026-07-24 02:07:28 | INFO     | src.models.trainer | Prediction min: -0.474061518907547
2026-07-24 02:07:28 | INFO     | src.models.trainer | Prediction max: -0.3641491234302521
2026-07-24 02:07:28 | INFO     | src.models.trainer | Prediction mean: -0.4067891538143158
2026-07-24 02:07:28 | INFO     | src.models.trainer | Target min: -8033561.5
2026-07-24 02:07:28 | INFO     | src.models.trainer | Target max: 1.4126169609295486e+22
2026-07-24 02:07:28 | INFO     | src.utils.checkpoint | Checkpoint saved to /Users/paulettamaunge/Documents/GitHub/Hackathon_PolyglotPioneers/models/checkpoints/last_checkpoint.pth
2026-07-24 02:07:28 | INFO     | src.utils.checkpoint | Training history saved to /Users/paulettamaunge/Documents/GitHub/Hackathon_PolyglotPioneers/models/training_history.json
2026-07-24 02:07:28 | INFO     | src.models.trainer | Epoch 15/100 | Train=0.119662 | Validation=inf | MAE=487109296872258404352.000000 | RMSE=2623163842744517918720.000000 | R²=-0.0357
2026-07-24 02:07:28 | INFO     | src.models.trainer | Batch labels: min=-8033561.5, max=1.4126457839671637e+22
2026-07-24 02:07:28 | INFO     | src.models.trainer | Prediction min: -0.5211232304573059
2026-07-24 02:07:28 | INFO     | src.models.trainer | Prediction max: -0.40836456418037415
2026-07-24 02:07:28 | INFO     | src.models.trainer | Prediction mean: -0.4517895579338074
2026-07-24 02:07:28 | INFO     | src.models.trainer | Target min: -8033561.5
2026-07-24 02:07:28 | INFO     | src.models.trainer | Target max: 1.4126457839671637e+22
2026-07-24 02:07:28 | INFO     | src.models.trainer | Learning rate changed from 0.000500 to 0.000250
2026-07-24 02:07:28 | INFO     | src.utils.checkpoint | Checkpoint saved to /Users/paulettamaunge/Documents/GitHub/Hackathon_PolyglotPioneers/models/checkpoints/last_checkpoint.pth
2026-07-24 02:07:28 | INFO     | src.utils.checkpoint | Training history saved to /Users/paulettamaunge/Documents/GitHub/Hackathon_PolyglotPioneers/models/training_history.json
2026-07-24 02:07:28 | INFO     | src.models.trainer | Epoch 16/100 | Train=0.108069 | Validation=inf | MAE=487119235850746396672.000000 | RMSE=2623217365781689925632.000000 | R²=-0.0357
2026-07-24 02:07:28 | INFO     | src.models.trainer | Batch labels: min=-8033561.5, max=1.4126313724483562e+22
2026-07-24 02:07:28 | INFO     | src.models.trainer | Prediction min: -0.5297247767448425
2026-07-24 02:07:28 | INFO     | src.models.trainer | Prediction max: -0.41604962944984436
2026-07-24 02:07:28 | INFO     | src.models.trainer | Prediction mean: -0.45956701040267944
2026-07-24 02:07:28 | INFO     | src.models.trainer | Target min: -8033561.5
2026-07-24 02:07:28 | INFO     | src.models.trainer | Target max: 1.4126313724483562e+22
2026-07-24 02:07:28 | INFO     | src.utils.checkpoint | Checkpoint saved to /Users/paulettamaunge/Documents/GitHub/Hackathon_PolyglotPioneers/models/checkpoints/last_checkpoint.pth
2026-07-24 02:07:28 | INFO     | src.utils.checkpoint | Training history saved to /Users/paulettamaunge/Documents/GitHub/Hackathon_PolyglotPioneers/models/training_history.json
2026-07-24 02:07:28 | INFO     | src.models.trainer | Epoch 17/100 | Train=0.104598 | Validation=inf | MAE=487114266361502433280.000000 | RMSE=2623190604263103922176.000000 | R²=-0.0357
2026-07-24 02:07:28 | INFO     | src.models.trainer | Batch labels: min=-8033561.5, max=1.4125737263731258e+22
2026-07-24 02:07:28 | INFO     | src.models.trainer | Prediction min: -0.5238618850708008
2026-07-24 02:07:28 | INFO     | src.models.trainer | Prediction max: -0.40975314378738403
2026-07-24 02:07:28 | INFO     | src.models.trainer | Prediction mean: -0.45317620038986206
2026-07-24 02:07:28 | INFO     | src.models.trainer | Target min: -8033561.5
2026-07-24 02:07:28 | INFO     | src.models.trainer | Target max: 1.4125737263731258e+22
2026-07-24 02:07:28 | INFO     | src.utils.checkpoint | Checkpoint saved to /Users/paulettamaunge/Documents/GitHub/Hackathon_PolyglotPioneers/models/checkpoints/last_checkpoint.pth
2026-07-24 02:07:28 | INFO     | src.utils.checkpoint | Training history saved to /Users/paulettamaunge/Documents/GitHub/Hackathon_PolyglotPioneers/models/training_history.json
2026-07-24 02:07:28 | INFO     | src.models.trainer | Epoch 18/100 | Train=0.082497 | Validation=inf | MAE=487094388404526448640.000000 | RMSE=2623083558188759384064.000000 | R²=-0.0357
2026-07-24 02:07:28 | INFO     | src.models.trainer | Batch labels: min=-8033561.5, max=1.412602549410741e+22
2026-07-24 02:07:28 | INFO     | src.models.trainer | Prediction min: -0.5169765949249268
2026-07-24 02:07:28 | INFO     | src.models.trainer | Prediction max: -0.40257370471954346
2026-07-24 02:07:28 | INFO     | src.models.trainer | Prediction mean: -0.44591033458709717
2026-07-24 02:07:28 | INFO     | src.models.trainer | Target min: -8033561.5
2026-07-24 02:07:28 | INFO     | src.models.trainer | Target max: 1.412602549410741e+22
2026-07-24 02:07:28 | INFO     | src.utils.checkpoint | Checkpoint saved to /Users/paulettamaunge/Documents/GitHub/Hackathon_PolyglotPioneers/models/checkpoints/last_checkpoint.pth
2026-07-24 02:07:28 | INFO     | src.utils.checkpoint | Training history saved to /Users/paulettamaunge/Documents/GitHub/Hackathon_PolyglotPioneers/models/training_history.json
2026-07-24 02:07:28 | INFO     | src.models.trainer | Epoch 19/100 | Train=0.083758 | Validation=inf | MAE=487104327383014440960.000000 | RMSE=2623137081225931390976.000000 | R²=-0.0357
2026-07-24 02:07:28 | INFO     | src.models.trainer | Early stopping triggered.
2026-07-24 02:07:28 | INFO     | src.models.trainer | Training finished. Best epoch: 4
2026-07-24 02:07:28 | INFO     | __main__ | Loading best model...
2026-07-24 02:07:28 | INFO     | src.utils.checkpoint | Checkpoint loaded from /Users/paulettamaunge/Documents/GitHub/Hackathon_PolyglotPioneers/models/checkpoints/best_lstm_model.pth
2026-07-24 02:07:28 | INFO     | src.models.trainer | Best model loaded.
2026-07-24 02:07:28 | INFO     | __main__ | Step 6/6 : Evaluating model
2026-07-24 02:07:28 | INFO     | src.models.trainer | Test metrics: {'mae': 0.7032082475721836, 'mse': 0.8157460679874027, 'rmse': 0.9031866185830051, 'r2': -0.036788654766435114}
2026-07-24 02:07:28 | INFO     | __main__ | ================================================================================
2026-07-24 02:07:28 | INFO     | __main__ | FINAL TEST RESULTS
2026-07-24 02:07:28 | INFO     | __main__ | ================================================================================
2026-07-24 02:07:28 | INFO     | __main__ | MAE     : 0.703208
2026-07-24 02:07:28 | INFO     | __main__ | MSE     : 0.815746
2026-07-24 02:07:28 | INFO     | __main__ | RMSE    : 0.903187
2026-07-24 02:07:28 | INFO     | __main__ | R2      : -0.036789
2026-07-24 02:07:28 | INFO     | __main__ | ================================================================================
2026-07-24 02:07:28 | INFO     | __main__ | FORECASTING PIPELINE COMPLETED SUCCESSFULLY
2026-07-24 02:07:28 | INFO     | __main__ | ================================================================================
2026-07-24 02:19:08 | INFO     | __main__ | ================================================================================
2026-07-24 02:19:08 | INFO     | __main__ | FORECASTING PIPELINE STARTED
2026-07-24 02:19:08 | INFO     | __main__ | ================================================================================
2026-07-24 02:19:08 | INFO     | __main__ | Step 1/6 : Loading dataset
2026-07-24 02:19:08 | INFO     | src.data.data_loader | Loading dataset...
2026-07-24 02:19:08 | INFO     | src.data.data_loader | Dataset loaded successfully (276 rows × 10 columns)
2026-07-24 02:19:08 | INFO     | src.data.data_loader | Validating dataset...
2026-07-24 02:19:08 | INFO     | src.data.data_loader | No missing values detected.
2026-07-24 02:19:08 | INFO     | src.data.data_loader | Sorting by 'year_month'.
2026-07-24 02:19:08 | INFO     | src.data.data_loader | Discovered 6 input features.
2026-07-24 02:19:08 | INFO     | src.data.data_loader | ============================================================
2026-07-24 02:19:08 | INFO     | src.data.data_loader | Dataset Summary
2026-07-24 02:19:08 | INFO     | src.data.data_loader | ============================================================
2026-07-24 02:19:08 | INFO     | src.data.data_loader | Rows      : 276
2026-07-24 02:19:08 | INFO     | src.data.data_loader | Columns   : 10
2026-07-24 02:19:08 | INFO     | src.data.data_loader | Features  : 6
2026-07-24 02:19:08 | INFO     | src.data.data_loader | Target    : FAO_23014
2026-07-24 02:19:08 | INFO     | src.data.data_loader | ============================================================
2026-07-24 02:19:08 | INFO     | __main__ | Step 2/6 : Preprocessing dataset
2026-07-24 02:19:08 | INFO     | src.data.preprocessor | Splitting dataset chronologically...
2026-07-24 02:19:08 | INFO     | src.data.preprocessor | Train rows      : 193
2026-07-24 02:19:08 | INFO     | src.data.preprocessor | Validation rows : 41
2026-07-24 02:19:08 | INFO     | src.data.preprocessor | Test rows       : 42
2026-07-24 02:19:08 | INFO     | src.data.preprocessor | Fitting feature scaler on training data...
2026-07-24 02:19:08 | INFO     | src.data.preprocessor | Fitting target scaler on training data...
2026-07-24 02:19:08 | INFO     | src.data.preprocessor | Saving preprocessing artifacts...
2026-07-24 02:19:08 | INFO     | src.data.preprocessor | Metadata saved.
2026-07-24 02:19:08 | INFO     | src.data.preprocessor | Preprocessing pipeline completed successfully.
2026-07-24 02:19:08 | INFO     | __main__ | Step 3/6 : Building LSTM sequences
2026-07-24 02:19:08 | INFO     | src.models.sequence_builder | Building LSTM sequence datasets...
2026-07-24 02:19:08 | INFO     | src.models.sequence_builder | Creating sequences (window=12)...
2026-07-24 02:19:08 | INFO     | src.models.sequence_builder | Generated 181 sequences.
2026-07-24 02:19:08 | INFO     | src.models.sequence_builder | Sequence shape: (181, 12, 6)
2026-07-24 02:19:08 | INFO     | src.models.sequence_builder | Creating sequences (window=12)...
2026-07-24 02:19:08 | INFO     | src.models.sequence_builder | Generated 29 sequences.
2026-07-24 02:19:08 | INFO     | src.models.sequence_builder | Sequence shape: (29, 12, 6)
2026-07-24 02:19:08 | INFO     | src.models.sequence_builder | Creating sequences (window=12)...
2026-07-24 02:19:08 | INFO     | src.models.sequence_builder | Generated 30 sequences.
2026-07-24 02:19:08 | INFO     | src.models.sequence_builder | Sequence shape: (30, 12, 6)
2026-07-24 02:19:08 | INFO     | src.models.sequence_builder | y_train_seq min=-1.262985348701477, max=3.2605814933776855
2026-07-24 02:19:08 | INFO     | src.models.sequence_builder | y_val_seq min=-1.646776795387268, max=-0.7225300669670105
2026-07-24 02:19:08 | INFO     | src.models.sequence_builder | y_test_seq min=-1.1580467224121094, max=1.9002104997634888
2026-07-24 02:19:08 | INFO     | src.models.sequence_builder | y_val_seq NaNs=0, Infs=0
2026-07-24 02:19:08 | INFO     | src.models.sequence_builder | Sequence generation completed successfully.
2026-07-24 02:19:08 | INFO     | src.models.sequence_builder | Input size: 6
2026-07-24 02:19:08 | INFO     | __main__ | Step 4/6 : Initialising trainer
2026-07-24 02:19:08 | INFO     | src.models.trainer | Initialising trainer...
2026-07-24 02:19:08 | INFO     | src.models.trainer | Training device: mps
2026-07-24 02:19:08 | INFO     | src.data.dataset | Dataset created with 181 samples.
2026-07-24 02:19:08 | INFO     | src.data.dataset | Dataset created with 29 samples.
2026-07-24 02:19:08 | INFO     | src.data.dataset | Dataset created with 30 samples.
2026-07-24 02:19:09 | INFO     | src.models.trainer | Trainer initialised successfully.
2026-07-24 02:19:09 | INFO     | src.utils.checkpoint | Checkpoint loaded from /Users/paulettamaunge/Documents/GitHub/Hackathon_PolyglotPioneers/models/checkpoints/last_checkpoint.pth
2026-07-24 02:19:09 | INFO     | src.models.trainer | Resuming from epoch 19
2026-07-24 02:19:09 | INFO     | __main__ | Step 5/6 : Training model
2026-07-24 02:19:09 | INFO     | src.models.trainer | Starting training...
2026-07-24 02:19:10 | INFO     | src.utils.checkpoint | Checkpoint saved to /Users/paulettamaunge/Documents/GitHub/Hackathon_PolyglotPioneers/models/checkpoints/last_checkpoint.pth
2026-07-24 02:19:10 | INFO     | src.utils.checkpoint | Checkpoint saved to /Users/paulettamaunge/Documents/GitHub/Hackathon_PolyglotPioneers/models/checkpoints/best_lstm_model.pth
2026-07-24 02:19:10 | INFO     | src.utils.checkpoint | Training history saved to /Users/paulettamaunge/Documents/GitHub/Hackathon_PolyglotPioneers/models/training_history.json
2026-07-24 02:19:10 | INFO     | src.models.trainer | Epoch 20/100 | Train=0.080082 | Validation=19661164544.000000 | MAE=26038.304990 | RMSE=140218.276711 | R²=-0.0357
2026-07-24 02:19:10 | INFO     | src.utils.checkpoint | Checkpoint saved to /Users/paulettamaunge/Documents/GitHub/Hackathon_PolyglotPioneers/models/checkpoints/last_checkpoint.pth
2026-07-24 02:19:10 | INFO     | src.utils.checkpoint | Checkpoint saved to /Users/paulettamaunge/Documents/GitHub/Hackathon_PolyglotPioneers/models/checkpoints/best_lstm_model.pth
2026-07-24 02:19:10 | INFO     | src.utils.checkpoint | Training history saved to /Users/paulettamaunge/Documents/GitHub/Hackathon_PolyglotPioneers/models/training_history.json
2026-07-24 02:19:10 | INFO     | src.models.trainer | Epoch 21/100 | Train=0.069347 | Validation=19651168256.000000 | MAE=26031.682818 | RMSE=140182.623679 | R²=-0.0357
2026-07-24 02:19:10 | INFO     | src.models.trainer | Learning rate changed from 0.000250 to 0.000125
2026-07-24 02:19:10 | INFO     | src.utils.checkpoint | Checkpoint saved to /Users/paulettamaunge/Documents/GitHub/Hackathon_PolyglotPioneers/models/checkpoints/last_checkpoint.pth
2026-07-24 02:19:10 | INFO     | src.utils.checkpoint | Checkpoint saved to /Users/paulettamaunge/Documents/GitHub/Hackathon_PolyglotPioneers/models/checkpoints/best_lstm_model.pth
2026-07-24 02:19:10 | INFO     | src.utils.checkpoint | Training history saved to /Users/paulettamaunge/Documents/GitHub/Hackathon_PolyglotPioneers/models/training_history.json
2026-07-24 02:19:10 | INFO     | src.models.trainer | Epoch 22/100 | Train=0.068876 | Validation=19650750464.000000 | MAE=26031.416263 | RMSE=140181.136569 | R²=-0.0357
2026-07-24 02:19:10 | INFO     | src.utils.checkpoint | Checkpoint saved to /Users/paulettamaunge/Documents/GitHub/Hackathon_PolyglotPioneers/models/checkpoints/last_checkpoint.pth
2026-07-24 02:19:10 | INFO     | src.utils.checkpoint | Training history saved to /Users/paulettamaunge/Documents/GitHub/Hackathon_PolyglotPioneers/models/training_history.json
2026-07-24 02:19:10 | INFO     | src.models.trainer | Epoch 23/100 | Train=0.077626 | Validation=19652415488.000000 | MAE=26032.523042 | RMSE=140187.078286 | R²=-0.0357
2026-07-24 02:19:10 | INFO     | src.utils.checkpoint | Checkpoint saved to /Users/paulettamaunge/Documents/GitHub/Hackathon_PolyglotPioneers/models/checkpoints/last_checkpoint.pth
2026-07-24 02:19:10 | INFO     | src.utils.checkpoint | Training history saved to /Users/paulettamaunge/Documents/GitHub/Hackathon_PolyglotPioneers/models/training_history.json
2026-07-24 02:19:10 | INFO     | src.models.trainer | Epoch 24/100 | Train=0.073194 | Validation=19651166208.000000 | MAE=26031.693127 | RMSE=140182.622098 | R²=-0.0357
2026-07-24 02:19:10 | INFO     | src.utils.checkpoint | Checkpoint saved to /Users/paulettamaunge/Documents/GitHub/Hackathon_PolyglotPioneers/models/checkpoints/last_checkpoint.pth
2026-07-24 02:19:10 | INFO     | src.utils.checkpoint | Training history saved to /Users/paulettamaunge/Documents/GitHub/Hackathon_PolyglotPioneers/models/training_history.json
2026-07-24 02:19:10 | INFO     | src.models.trainer | Epoch 25/100 | Train=0.070962 | Validation=19650750464.000000 | MAE=26031.415346 | RMSE=140181.136993 | R²=-0.0357
2026-07-24 02:19:10 | INFO     | src.utils.checkpoint | Checkpoint saved to /Users/paulettamaunge/Documents/GitHub/Hackathon_PolyglotPioneers/models/checkpoints/last_checkpoint.pth
2026-07-24 02:19:10 | INFO     | src.utils.checkpoint | Training history saved to /Users/paulettamaunge/Documents/GitHub/Hackathon_PolyglotPioneers/models/training_history.json
2026-07-24 02:19:10 | INFO     | src.models.trainer | Epoch 26/100 | Train=0.069661 | Validation=19651166208.000000 | MAE=26031.687499 | RMSE=140182.623366 | R²=-0.0357
2026-07-24 02:19:11 | INFO     | src.utils.checkpoint | Checkpoint saved to /Users/paulettamaunge/Documents/GitHub/Hackathon_PolyglotPioneers/models/checkpoints/last_checkpoint.pth
2026-07-24 02:19:11 | INFO     | src.utils.checkpoint | Training history saved to /Users/paulettamaunge/Documents/GitHub/Hackathon_PolyglotPioneers/models/training_history.json
2026-07-24 02:19:11 | INFO     | src.models.trainer | Epoch 27/100 | Train=0.058997 | Validation=19650752512.000000 | MAE=26031.407655 | RMSE=140181.138522 | R²=-0.0357
2026-07-24 02:19:11 | INFO     | src.models.trainer | Learning rate changed from 0.000125 to 0.000063
2026-07-24 02:19:11 | INFO     | src.utils.checkpoint | Checkpoint saved to /Users/paulettamaunge/Documents/GitHub/Hackathon_PolyglotPioneers/models/checkpoints/last_checkpoint.pth
2026-07-24 02:19:11 | INFO     | src.utils.checkpoint | Training history saved to /Users/paulettamaunge/Documents/GitHub/Hackathon_PolyglotPioneers/models/training_history.json
2026-07-24 02:19:11 | INFO     | src.models.trainer | Epoch 28/100 | Train=0.062109 | Validation=19652417536.000000 | MAE=26032.510366 | RMSE=140187.081067 | R²=-0.0357
2026-07-24 02:19:11 | INFO     | src.utils.checkpoint | Checkpoint saved to /Users/paulettamaunge/Documents/GitHub/Hackathon_PolyglotPioneers/models/checkpoints/last_checkpoint.pth
2026-07-24 02:19:11 | INFO     | src.utils.checkpoint | Training history saved to /Users/paulettamaunge/Documents/GitHub/Hackathon_PolyglotPioneers/models/training_history.json
2026-07-24 02:19:11 | INFO     | src.models.trainer | Epoch 29/100 | Train=0.068391 | Validation=19651168256.000000 | MAE=26031.683516 | RMSE=140182.624335 | R²=-0.0357
2026-07-24 02:19:11 | INFO     | src.utils.checkpoint | Checkpoint saved to /Users/paulettamaunge/Documents/GitHub/Hackathon_PolyglotPioneers/models/checkpoints/last_checkpoint.pth
2026-07-24 02:19:11 | INFO     | src.utils.checkpoint | Training history saved to /Users/paulettamaunge/Documents/GitHub/Hackathon_PolyglotPioneers/models/training_history.json
2026-07-24 02:19:11 | INFO     | src.models.trainer | Epoch 30/100 | Train=0.057862 | Validation=19651586048.000000 | MAE=26031.962405 | RMSE=140184.109423 | R²=-0.0357
2026-07-24 02:19:11 | INFO     | src.utils.checkpoint | Checkpoint saved to /Users/paulettamaunge/Documents/GitHub/Hackathon_PolyglotPioneers/models/checkpoints/last_checkpoint.pth
2026-07-24 02:19:11 | INFO     | src.utils.checkpoint | Training history saved to /Users/paulettamaunge/Documents/GitHub/Hackathon_PolyglotPioneers/models/training_history.json
2026-07-24 02:19:11 | INFO     | src.models.trainer | Epoch 31/100 | Train=0.066958 | Validation=19652415488.000000 | MAE=26032.516302 | RMSE=140187.080207 | R²=-0.0357
2026-07-24 02:19:11 | INFO     | src.utils.checkpoint | Checkpoint saved to /Users/paulettamaunge/Documents/GitHub/Hackathon_PolyglotPioneers/models/checkpoints/last_checkpoint.pth
2026-07-24 02:19:11 | INFO     | src.utils.checkpoint | Training history saved to /Users/paulettamaunge/Documents/GitHub/Hackathon_PolyglotPioneers/models/training_history.json
2026-07-24 02:19:11 | INFO     | src.models.trainer | Epoch 32/100 | Train=0.065246 | Validation=19651166208.000000 | MAE=26031.692684 | RMSE=140182.622846 | R²=-0.0357
2026-07-24 02:19:11 | INFO     | src.utils.checkpoint | Checkpoint saved to /Users/paulettamaunge/Documents/GitHub/Hackathon_PolyglotPioneers/models/checkpoints/last_checkpoint.pth
2026-07-24 02:19:11 | INFO     | src.utils.checkpoint | Training history saved to /Users/paulettamaunge/Documents/GitHub/Hackathon_PolyglotPioneers/models/training_history.json
2026-07-24 02:19:11 | INFO     | src.models.trainer | Epoch 33/100 | Train=0.069296 | Validation=19652415488.000000 | MAE=26032.520186 | RMSE=140187.079586 | R²=-0.0357
2026-07-24 02:19:12 | INFO     | src.models.trainer | Learning rate changed from 0.000063 to 0.000031
2026-07-24 02:19:12 | INFO     | src.utils.checkpoint | Checkpoint saved to /Users/paulettamaunge/Documents/GitHub/Hackathon_PolyglotPioneers/models/checkpoints/last_checkpoint.pth
2026-07-24 02:19:12 | INFO     | src.utils.checkpoint | Training history saved to /Users/paulettamaunge/Documents/GitHub/Hackathon_PolyglotPioneers/models/training_history.json
2026-07-24 02:19:12 | INFO     | src.models.trainer | Epoch 34/100 | Train=0.066179 | Validation=19652415488.000000 | MAE=26032.522800 | RMSE=140187.079160 | R²=-0.0357
2026-07-24 02:19:12 | INFO     | src.utils.checkpoint | Checkpoint saved to /Users/paulettamaunge/Documents/GitHub/Hackathon_PolyglotPioneers/models/checkpoints/last_checkpoint.pth
2026-07-24 02:19:12 | INFO     | src.utils.checkpoint | Training history saved to /Users/paulettamaunge/Documents/GitHub/Hackathon_PolyglotPioneers/models/training_history.json
2026-07-24 02:19:12 | INFO     | src.models.trainer | Epoch 35/100 | Train=0.067902 | Validation=19651581952.000000 | MAE=26031.972442 | RMSE=140184.107819 | R²=-0.0357
2026-07-24 02:19:12 | INFO     | src.utils.checkpoint | Checkpoint saved to /Users/paulettamaunge/Documents/GitHub/Hackathon_PolyglotPioneers/models/checkpoints/last_checkpoint.pth
2026-07-24 02:19:12 | INFO     | src.utils.checkpoint | Training history saved to /Users/paulettamaunge/Documents/GitHub/Hackathon_PolyglotPioneers/models/training_history.json
2026-07-24 02:19:12 | INFO     | src.models.trainer | Epoch 36/100 | Train=0.071107 | Validation=19652415488.000000 | MAE=26032.524758 | RMSE=140187.078868 | R²=-0.0357
2026-07-24 02:19:12 | INFO     | src.utils.checkpoint | Checkpoint saved to /Users/paulettamaunge/Documents/GitHub/Hackathon_PolyglotPioneers/models/checkpoints/last_checkpoint.pth
2026-07-24 02:19:12 | INFO     | src.utils.checkpoint | Training history saved to /Users/paulettamaunge/Documents/GitHub/Hackathon_PolyglotPioneers/models/training_history.json
2026-07-24 02:19:12 | INFO     | src.models.trainer | Epoch 37/100 | Train=0.060665 | Validation=19651166208.000000 | MAE=26031.697185 | RMSE=140182.622217 | R²=-0.0357
2026-07-24 02:19:12 | INFO     | src.models.trainer | Early stopping triggered.
2026-07-24 02:19:12 | INFO     | src.models.trainer | Training finished. Best epoch: 22
2026-07-24 02:19:12 | INFO     | __main__ | Loading best model...
2026-07-24 02:19:12 | INFO     | src.utils.checkpoint | Checkpoint loaded from /Users/paulettamaunge/Documents/GitHub/Hackathon_PolyglotPioneers/models/checkpoints/best_lstm_model.pth
2026-07-24 02:19:12 | INFO     | src.models.trainer | Best model loaded.
2026-07-24 02:19:12 | INFO     | __main__ | Step 6/6 : Evaluating model
2026-07-24 02:19:12 | INFO     | src.models.trainer | Test metrics: {'mae': 0.8998729011664788, 'mse': 1.3173721299178978, 'rmse': 1.1477683258906815, 'r2': -0.674340253670046}
2026-07-24 02:19:12 | INFO     | __main__ | ================================================================================
2026-07-24 02:19:12 | INFO     | __main__ | FINAL TEST RESULTS
2026-07-24 02:19:12 | INFO     | __main__ | ================================================================================
2026-07-24 02:19:12 | INFO     | __main__ | MAE     : 0.899873
2026-07-24 02:19:12 | INFO     | __main__ | MSE     : 1.317372
2026-07-24 02:19:12 | INFO     | __main__ | RMSE    : 1.147768
2026-07-24 02:19:12 | INFO     | __main__ | R2      : -0.674340
2026-07-24 02:19:12 | INFO     | __main__ | ================================================================================
2026-07-24 02:19:12 | INFO     | __main__ | FORECASTING PIPELINE COMPLETED SUCCESSFULLY
2026-07-24 02:19:12 | INFO     | __main__ | ================================================================================
2026-07-24 02:20:41 | INFO     | src.data.data_loader | Loading dataset...
2026-07-24 02:20:41 | INFO     | src.data.data_loader | Dataset loaded successfully (276 rows × 10 columns)
2026-07-24 02:20:41 | INFO     | src.data.data_loader | Validating dataset...
2026-07-24 02:20:41 | INFO     | src.data.data_loader | No missing values detected.
2026-07-24 02:20:41 | INFO     | src.data.data_loader | Sorting by 'year_month'.
2026-07-24 02:20:41 | INFO     | src.data.data_loader | Discovered 6 input features.
2026-07-24 02:20:41 | INFO     | src.data.data_loader | ============================================================
2026-07-24 02:20:41 | INFO     | src.data.data_loader | Dataset Summary
2026-07-24 02:20:41 | INFO     | src.data.data_loader | ============================================================
2026-07-24 02:20:41 | INFO     | src.data.data_loader | Rows      : 276
2026-07-24 02:20:41 | INFO     | src.data.data_loader | Columns   : 10
2026-07-24 02:20:41 | INFO     | src.data.data_loader | Features  : 6
2026-07-24 02:20:41 | INFO     | src.data.data_loader | Target    : FAO_23014
2026-07-24 02:20:41 | INFO     | src.data.data_loader | ============================================================
2026-07-24 02:20:41 | INFO     | src.data.preprocessor | Splitting dataset chronologically...
2026-07-24 02:20:41 | INFO     | src.data.preprocessor | Train rows      : 193
2026-07-24 02:20:41 | INFO     | src.data.preprocessor | Validation rows : 41
2026-07-24 02:20:41 | INFO     | src.data.preprocessor | Test rows       : 42
2026-07-24 02:20:41 | INFO     | src.data.preprocessor | Fitting feature scaler on training data...
2026-07-24 02:20:41 | INFO     | src.data.preprocessor | Fitting target scaler on training data...
2026-07-24 02:20:41 | INFO     | src.data.preprocessor | Saving preprocessing artifacts...
2026-07-24 02:20:41 | INFO     | src.data.preprocessor | Metadata saved.
2026-07-24 02:20:41 | INFO     | src.data.preprocessor | Preprocessing pipeline completed successfully.
2026-07-24 02:20:41 | INFO     | src.models.sequence_builder | Building LSTM sequence datasets...
2026-07-24 02:20:41 | INFO     | src.models.sequence_builder | Creating sequences (window=12)...
2026-07-24 02:20:41 | INFO     | src.models.sequence_builder | Generated 181 sequences.
2026-07-24 02:20:41 | INFO     | src.models.sequence_builder | Sequence shape: (181, 12, 6)
2026-07-24 02:20:41 | INFO     | src.models.sequence_builder | Creating sequences (window=12)...
2026-07-24 02:20:41 | INFO     | src.models.sequence_builder | Generated 29 sequences.
2026-07-24 02:20:41 | INFO     | src.models.sequence_builder | Sequence shape: (29, 12, 6)
2026-07-24 02:20:41 | INFO     | src.models.sequence_builder | Creating sequences (window=12)...
2026-07-24 02:20:41 | INFO     | src.models.sequence_builder | Generated 30 sequences.
2026-07-24 02:20:41 | INFO     | src.models.sequence_builder | Sequence shape: (30, 12, 6)
2026-07-24 02:20:41 | INFO     | src.models.sequence_builder | y_train_seq min=-1.262985348701477, max=3.2605814933776855
2026-07-24 02:20:41 | INFO     | src.models.sequence_builder | y_val_seq min=-1.646776795387268, max=-0.7225300669670105
2026-07-24 02:20:41 | INFO     | src.models.sequence_builder | y_test_seq min=-1.1580467224121094, max=1.9002104997634888
2026-07-24 02:20:41 | INFO     | src.models.sequence_builder | y_val_seq NaNs=0, Infs=0
2026-07-24 02:20:41 | INFO     | src.models.sequence_builder | Sequence generation completed successfully.
2026-07-24 02:20:41 | INFO     | src.models.sequence_builder | Input size: 6
2026-07-24 02:20:41 | INFO     | src.models.trainer | Initialising trainer...
2026-07-24 02:20:41 | INFO     | src.models.trainer | Training device: mps
2026-07-24 02:20:41 | INFO     | src.data.dataset | Dataset created with 181 samples.
2026-07-24 02:20:41 | INFO     | src.data.dataset | Dataset created with 29 samples.
2026-07-24 02:20:41 | INFO     | src.data.dataset | Dataset created with 30 samples.
2026-07-24 02:20:42 | INFO     | src.models.trainer | Trainer initialised successfully.
2026-07-24 02:21:09 | INFO     | src.data.data_loader | Loading dataset...
2026-07-24 02:21:09 | INFO     | src.data.data_loader | Dataset loaded successfully (276 rows × 10 columns)
2026-07-24 02:21:09 | INFO     | src.data.data_loader | Validating dataset...
2026-07-24 02:21:09 | INFO     | src.data.data_loader | No missing values detected.
2026-07-24 02:21:09 | INFO     | src.data.data_loader | Sorting by 'year_month'.
2026-07-24 02:21:09 | INFO     | src.data.data_loader | Discovered 6 input features.
2026-07-24 02:21:09 | INFO     | src.data.data_loader | ============================================================
2026-07-24 02:21:09 | INFO     | src.data.data_loader | Dataset Summary
2026-07-24 02:21:09 | INFO     | src.data.data_loader | ============================================================
2026-07-24 02:21:09 | INFO     | src.data.data_loader | Rows      : 276
2026-07-24 02:21:09 | INFO     | src.data.data_loader | Columns   : 10
2026-07-24 02:21:09 | INFO     | src.data.data_loader | Features  : 6
2026-07-24 02:21:09 | INFO     | src.data.data_loader | Target    : FAO_23014
2026-07-24 02:21:09 | INFO     | src.data.data_loader | ============================================================
2026-07-24 02:21:09 | INFO     | src.data.preprocessor | Splitting dataset chronologically...
2026-07-24 02:21:09 | INFO     | src.data.preprocessor | Train rows      : 193
2026-07-24 02:21:09 | INFO     | src.data.preprocessor | Validation rows : 41
2026-07-24 02:21:09 | INFO     | src.data.preprocessor | Test rows       : 42
2026-07-24 02:21:09 | INFO     | src.data.preprocessor | Fitting feature scaler on training data...
2026-07-24 02:21:09 | INFO     | src.data.preprocessor | Fitting target scaler on training data...
2026-07-24 02:21:09 | INFO     | src.data.preprocessor | Saving preprocessing artifacts...
2026-07-24 02:21:09 | INFO     | src.data.preprocessor | Metadata saved.
2026-07-24 02:21:09 | INFO     | src.data.preprocessor | Preprocessing pipeline completed successfully.
2026-07-24 02:21:09 | INFO     | src.models.sequence_builder | Building LSTM sequence datasets...
2026-07-24 02:21:09 | INFO     | src.models.sequence_builder | Creating sequences (window=12)...
2026-07-24 02:21:09 | INFO     | src.models.sequence_builder | Generated 181 sequences.
2026-07-24 02:21:09 | INFO     | src.models.sequence_builder | Sequence shape: (181, 12, 6)
2026-07-24 02:21:09 | INFO     | src.models.sequence_builder | Creating sequences (window=12)...
2026-07-24 02:21:09 | INFO     | src.models.sequence_builder | Generated 29 sequences.
2026-07-24 02:21:09 | INFO     | src.models.sequence_builder | Sequence shape: (29, 12, 6)
2026-07-24 02:21:09 | INFO     | src.models.sequence_builder | Creating sequences (window=12)...
2026-07-24 02:21:09 | INFO     | src.models.sequence_builder | Generated 30 sequences.
2026-07-24 02:21:09 | INFO     | src.models.sequence_builder | Sequence shape: (30, 12, 6)
2026-07-24 02:21:09 | INFO     | src.models.sequence_builder | y_train_seq min=-1.262985348701477, max=3.2605814933776855
2026-07-24 02:21:09 | INFO     | src.models.sequence_builder | y_val_seq min=-1.646776795387268, max=-0.7225300669670105
2026-07-24 02:21:09 | INFO     | src.models.sequence_builder | y_test_seq min=-1.1580467224121094, max=1.9002104997634888
2026-07-24 02:21:09 | INFO     | src.models.sequence_builder | y_val_seq NaNs=0, Infs=0
2026-07-24 02:21:09 | INFO     | src.models.sequence_builder | Sequence generation completed successfully.
2026-07-24 02:21:09 | INFO     | src.models.sequence_builder | Input size: 6
2026-07-24 02:21:09 | INFO     | src.models.trainer | Initialising trainer...
2026-07-24 02:21:09 | INFO     | src.models.trainer | Training device: mps
2026-07-24 02:21:09 | INFO     | src.data.dataset | Dataset created with 181 samples.
2026-07-24 02:21:09 | INFO     | src.data.dataset | Dataset created with 29 samples.
2026-07-24 02:21:09 | INFO     | src.data.dataset | Dataset created with 30 samples.
2026-07-24 02:21:10 | INFO     | src.models.trainer | Trainer initialised successfully.
2026-07-24 02:22:13 | INFO     | __main__ | ================================================================================
2026-07-24 02:22:13 | INFO     | __main__ | FORECASTING PIPELINE STARTED
2026-07-24 02:22:13 | INFO     | __main__ | ================================================================================
2026-07-24 02:22:13 | INFO     | __main__ | Step 1/6 : Loading dataset
2026-07-24 02:22:13 | INFO     | src.data.data_loader | Loading dataset...
2026-07-24 02:22:13 | INFO     | src.data.data_loader | Dataset loaded successfully (276 rows × 10 columns)
2026-07-24 02:22:13 | INFO     | src.data.data_loader | Validating dataset...
2026-07-24 02:22:13 | INFO     | src.data.data_loader | No missing values detected.
2026-07-24 02:22:13 | INFO     | src.data.data_loader | Sorting by 'year_month'.
2026-07-24 02:22:13 | INFO     | src.data.data_loader | Discovered 6 input features.
2026-07-24 02:22:13 | INFO     | src.data.data_loader | ============================================================
2026-07-24 02:22:13 | INFO     | src.data.data_loader | Dataset Summary
2026-07-24 02:22:13 | INFO     | src.data.data_loader | ============================================================
2026-07-24 02:22:13 | INFO     | src.data.data_loader | Rows      : 276
2026-07-24 02:22:13 | INFO     | src.data.data_loader | Columns   : 10
2026-07-24 02:22:13 | INFO     | src.data.data_loader | Features  : 6
2026-07-24 02:22:13 | INFO     | src.data.data_loader | Target    : FAO_23014
2026-07-24 02:22:13 | INFO     | src.data.data_loader | ============================================================
2026-07-24 02:22:13 | INFO     | __main__ | Step 2/6 : Preprocessing dataset
2026-07-24 02:22:13 | INFO     | src.data.preprocessor | Splitting dataset chronologically...
2026-07-24 02:22:13 | INFO     | src.data.preprocessor | Train rows      : 193
2026-07-24 02:22:13 | INFO     | src.data.preprocessor | Validation rows : 41
2026-07-24 02:22:13 | INFO     | src.data.preprocessor | Test rows       : 42
2026-07-24 02:22:13 | INFO     | src.data.preprocessor | Fitting feature scaler on training data...
2026-07-24 02:22:13 | INFO     | src.data.preprocessor | Fitting target scaler on training data...
2026-07-24 02:22:13 | INFO     | src.data.preprocessor | Saving preprocessing artifacts...
2026-07-24 02:22:13 | INFO     | src.data.preprocessor | Metadata saved.
2026-07-24 02:22:13 | INFO     | src.data.preprocessor | Preprocessing pipeline completed successfully.
2026-07-24 02:22:13 | INFO     | __main__ | Step 3/6 : Building LSTM sequences
2026-07-24 02:22:13 | INFO     | src.models.sequence_builder | Building LSTM sequence datasets...
2026-07-24 02:22:13 | INFO     | src.models.sequence_builder | Creating sequences (window=12)...
2026-07-24 02:22:13 | INFO     | src.models.sequence_builder | Generated 181 sequences.
2026-07-24 02:22:13 | INFO     | src.models.sequence_builder | Sequence shape: (181, 12, 6)
2026-07-24 02:22:13 | INFO     | src.models.sequence_builder | Creating sequences (window=12)...
2026-07-24 02:22:13 | INFO     | src.models.sequence_builder | Generated 29 sequences.
2026-07-24 02:22:13 | INFO     | src.models.sequence_builder | Sequence shape: (29, 12, 6)
2026-07-24 02:22:13 | INFO     | src.models.sequence_builder | Creating sequences (window=12)...
2026-07-24 02:22:13 | INFO     | src.models.sequence_builder | Generated 30 sequences.
2026-07-24 02:22:13 | INFO     | src.models.sequence_builder | Sequence shape: (30, 12, 6)
2026-07-24 02:22:13 | INFO     | src.models.sequence_builder | y_train_seq min=-1.262985348701477, max=3.2605814933776855
2026-07-24 02:22:13 | INFO     | src.models.sequence_builder | y_val_seq min=-1.646776795387268, max=-0.7225300669670105
2026-07-24 02:22:13 | INFO     | src.models.sequence_builder | y_test_seq min=-1.1580467224121094, max=1.9002104997634888
2026-07-24 02:22:13 | INFO     | src.models.sequence_builder | y_val_seq NaNs=0, Infs=0
2026-07-24 02:22:13 | INFO     | src.models.sequence_builder | Sequence generation completed successfully.
2026-07-24 02:22:13 | INFO     | src.models.sequence_builder | Input size: 6
2026-07-24 02:22:13 | INFO     | __main__ | Step 4/6 : Initialising trainer
2026-07-24 02:22:13 | INFO     | src.models.trainer | Initialising trainer...
2026-07-24 02:22:13 | INFO     | src.models.trainer | Training device: mps
2026-07-24 02:22:13 | INFO     | src.data.dataset | Dataset created with 181 samples.
2026-07-24 02:22:13 | INFO     | src.data.dataset | Dataset created with 29 samples.
2026-07-24 02:22:13 | INFO     | src.data.dataset | Dataset created with 30 samples.
2026-07-24 02:22:14 | INFO     | src.models.trainer | Trainer initialised successfully.
2026-07-24 02:22:14 | INFO     | src.models.trainer | No previous checkpoint found.
2026-07-24 02:22:14 | INFO     | __main__ | Step 5/6 : Training model
2026-07-24 02:22:14 | INFO     | src.models.trainer | Starting training...
2026-07-24 02:22:15 | INFO     | src.utils.checkpoint | Checkpoint saved to /Users/paulettamaunge/Documents/GitHub/Hackathon_PolyglotPioneers/models/checkpoints/last_checkpoint.pth
2026-07-24 02:22:15 | INFO     | src.utils.checkpoint | Checkpoint saved to /Users/paulettamaunge/Documents/GitHub/Hackathon_PolyglotPioneers/models/checkpoints/best_lstm_model.pth
2026-07-24 02:22:15 | INFO     | src.utils.checkpoint | Training history saved to /Users/paulettamaunge/Documents/GitHub/Hackathon_PolyglotPioneers/models/training_history.json
2026-07-24 02:22:15 | INFO     | src.models.trainer | Epoch 1/100 | Train=0.936606 | Validation=inf | MAE=3771995439079282455158456320.000000 | RMSE=20312817091201614465049034752.000000 | R²=-0.0357
2026-07-24 02:22:15 | INFO     | src.utils.checkpoint | Checkpoint saved to /Users/paulettamaunge/Documents/GitHub/Hackathon_PolyglotPioneers/models/checkpoints/last_checkpoint.pth
2026-07-24 02:22:15 | INFO     | src.utils.checkpoint | Training history saved to /Users/paulettamaunge/Documents/GitHub/Hackathon_PolyglotPioneers/models/training_history.json
2026-07-24 02:22:15 | INFO     | src.models.trainer | Epoch 2/100 | Train=0.739740 | Validation=inf | MAE=3771995439079282455158456320.000000 | RMSE=20312817091201614465049034752.000000 | R²=-0.0357
2026-07-24 02:22:15 | INFO     | src.utils.checkpoint | Checkpoint saved to /Users/paulettamaunge/Documents/GitHub/Hackathon_PolyglotPioneers/models/checkpoints/last_checkpoint.pth
2026-07-24 02:22:15 | INFO     | src.utils.checkpoint | Training history saved to /Users/paulettamaunge/Documents/GitHub/Hackathon_PolyglotPioneers/models/training_history.json
2026-07-24 02:22:15 | INFO     | src.models.trainer | Epoch 3/100 | Train=0.549977 | Validation=inf | MAE=3771995439079282455158456320.000000 | RMSE=20312817091201614465049034752.000000 | R²=-0.0357
2026-07-24 02:22:15 | INFO     | src.utils.checkpoint | Checkpoint saved to /Users/paulettamaunge/Documents/GitHub/Hackathon_PolyglotPioneers/models/checkpoints/last_checkpoint.pth
2026-07-24 02:22:15 | INFO     | src.utils.checkpoint | Training history saved to /Users/paulettamaunge/Documents/GitHub/Hackathon_PolyglotPioneers/models/training_history.json
2026-07-24 02:22:15 | INFO     | src.models.trainer | Epoch 4/100 | Train=0.428605 | Validation=inf | MAE=3771995439079282455158456320.000000 | RMSE=20312817091201614465049034752.000000 | R²=-0.0357
2026-07-24 02:22:15 | INFO     | src.utils.checkpoint | Checkpoint saved to /Users/paulettamaunge/Documents/GitHub/Hackathon_PolyglotPioneers/models/checkpoints/last_checkpoint.pth
2026-07-24 02:22:15 | INFO     | src.utils.checkpoint | Training history saved to /Users/paulettamaunge/Documents/GitHub/Hackathon_PolyglotPioneers/models/training_history.json
2026-07-24 02:22:15 | INFO     | src.models.trainer | Epoch 5/100 | Train=0.329462 | Validation=inf | MAE=3771995439079282455158456320.000000 | RMSE=20312817091201614465049034752.000000 | R²=-0.0357
2026-07-24 02:22:15 | INFO     | src.models.trainer | Learning rate changed from 0.001000 to 0.000500
2026-07-24 02:22:15 | INFO     | src.utils.checkpoint | Checkpoint saved to /Users/paulettamaunge/Documents/GitHub/Hackathon_PolyglotPioneers/models/checkpoints/last_checkpoint.pth
2026-07-24 02:22:15 | INFO     | src.utils.checkpoint | Training history saved to /Users/paulettamaunge/Documents/GitHub/Hackathon_PolyglotPioneers/models/training_history.json
2026-07-24 02:22:15 | INFO     | src.models.trainer | Epoch 6/100 | Train=0.274793 | Validation=inf | MAE=3771995439079282455158456320.000000 | RMSE=20312817091201614465049034752.000000 | R²=-0.0357
2026-07-24 02:22:15 | INFO     | src.utils.checkpoint | Checkpoint saved to /Users/paulettamaunge/Documents/GitHub/Hackathon_PolyglotPioneers/models/checkpoints/last_checkpoint.pth
2026-07-24 02:22:15 | INFO     | src.utils.checkpoint | Training history saved to /Users/paulettamaunge/Documents/GitHub/Hackathon_PolyglotPioneers/models/training_history.json
2026-07-24 02:22:15 | INFO     | src.models.trainer | Epoch 7/100 | Train=0.243236 | Validation=inf | MAE=3771995439079282455158456320.000000 | RMSE=20312817091201614465049034752.000000 | R²=-0.0357
2026-07-24 02:22:15 | INFO     | src.utils.checkpoint | Checkpoint saved to /Users/paulettamaunge/Documents/GitHub/Hackathon_PolyglotPioneers/models/checkpoints/last_checkpoint.pth
2026-07-24 02:22:15 | INFO     | src.utils.checkpoint | Training history saved to /Users/paulettamaunge/Documents/GitHub/Hackathon_PolyglotPioneers/models/training_history.json
2026-07-24 02:22:15 | INFO     | src.models.trainer | Epoch 8/100 | Train=0.215051 | Validation=inf | MAE=3771995439079282455158456320.000000 | RMSE=20312817091201614465049034752.000000 | R²=-0.0357
2026-07-24 02:22:15 | INFO     | src.utils.checkpoint | Checkpoint saved to /Users/paulettamaunge/Documents/GitHub/Hackathon_PolyglotPioneers/models/checkpoints/last_checkpoint.pth
2026-07-24 02:22:15 | INFO     | src.utils.checkpoint | Training history saved to /Users/paulettamaunge/Documents/GitHub/Hackathon_PolyglotPioneers/models/training_history.json
2026-07-24 02:22:15 | INFO     | src.models.trainer | Epoch 9/100 | Train=0.190013 | Validation=inf | MAE=3771995439079282455158456320.000000 | RMSE=20312817091201614465049034752.000000 | R²=-0.0357
2026-07-24 02:22:16 | INFO     | src.utils.checkpoint | Checkpoint saved to /Users/paulettamaunge/Documents/GitHub/Hackathon_PolyglotPioneers/models/checkpoints/last_checkpoint.pth
2026-07-24 02:22:16 | INFO     | src.utils.checkpoint | Training history saved to /Users/paulettamaunge/Documents/GitHub/Hackathon_PolyglotPioneers/models/training_history.json
2026-07-24 02:22:16 | INFO     | src.models.trainer | Epoch 10/100 | Train=0.183033 | Validation=inf | MAE=3771995439079282455158456320.000000 | RMSE=20312817091201614465049034752.000000 | R²=-0.0357
2026-07-24 02:22:16 | INFO     | src.utils.checkpoint | Checkpoint saved to /Users/paulettamaunge/Documents/GitHub/Hackathon_PolyglotPioneers/models/checkpoints/last_checkpoint.pth
2026-07-24 02:22:16 | INFO     | src.utils.checkpoint | Training history saved to /Users/paulettamaunge/Documents/GitHub/Hackathon_PolyglotPioneers/models/training_history.json
2026-07-24 02:22:16 | INFO     | src.models.trainer | Epoch 11/100 | Train=0.164964 | Validation=inf | MAE=3771995439079282455158456320.000000 | RMSE=20312817091201614465049034752.000000 | R²=-0.0357
2026-07-24 02:22:16 | INFO     | src.models.trainer | Learning rate changed from 0.000500 to 0.000250
2026-07-24 02:22:16 | INFO     | src.utils.checkpoint | Checkpoint saved to /Users/paulettamaunge/Documents/GitHub/Hackathon_PolyglotPioneers/models/checkpoints/last_checkpoint.pth
2026-07-24 02:22:16 | INFO     | src.utils.checkpoint | Training history saved to /Users/paulettamaunge/Documents/GitHub/Hackathon_PolyglotPioneers/models/training_history.json
2026-07-24 02:22:16 | INFO     | src.models.trainer | Epoch 12/100 | Train=0.164809 | Validation=inf | MAE=3771995439079282455158456320.000000 | RMSE=20312817091201614465049034752.000000 | R²=-0.0357
2026-07-24 02:22:16 | INFO     | src.utils.checkpoint | Checkpoint saved to /Users/paulettamaunge/Documents/GitHub/Hackathon_PolyglotPioneers/models/checkpoints/last_checkpoint.pth
2026-07-24 02:22:16 | INFO     | src.utils.checkpoint | Training history saved to /Users/paulettamaunge/Documents/GitHub/Hackathon_PolyglotPioneers/models/training_history.json
2026-07-24 02:22:16 | INFO     | src.models.trainer | Epoch 13/100 | Train=0.143854 | Validation=inf | MAE=3771995439079282455158456320.000000 | RMSE=20312817091201614465049034752.000000 | R²=-0.0357
2026-07-24 02:22:16 | INFO     | src.utils.checkpoint | Checkpoint saved to /Users/paulettamaunge/Documents/GitHub/Hackathon_PolyglotPioneers/models/checkpoints/last_checkpoint.pth
2026-07-24 02:22:16 | INFO     | src.utils.checkpoint | Training history saved to /Users/paulettamaunge/Documents/GitHub/Hackathon_PolyglotPioneers/models/training_history.json
2026-07-24 02:22:16 | INFO     | src.models.trainer | Epoch 14/100 | Train=0.151300 | Validation=inf | MAE=3771995439079282455158456320.000000 | RMSE=20312817091201614465049034752.000000 | R²=-0.0357
2026-07-24 02:22:16 | INFO     | src.utils.checkpoint | Checkpoint saved to /Users/paulettamaunge/Documents/GitHub/Hackathon_PolyglotPioneers/models/checkpoints/last_checkpoint.pth
2026-07-24 02:22:16 | INFO     | src.utils.checkpoint | Training history saved to /Users/paulettamaunge/Documents/GitHub/Hackathon_PolyglotPioneers/models/training_history.json
2026-07-24 02:22:16 | INFO     | src.models.trainer | Epoch 15/100 | Train=0.147845 | Validation=inf | MAE=3771995439079282455158456320.000000 | RMSE=20312817091201614465049034752.000000 | R²=-0.0357
2026-07-24 02:22:16 | INFO     | src.utils.checkpoint | Checkpoint saved to /Users/paulettamaunge/Documents/GitHub/Hackathon_PolyglotPioneers/models/checkpoints/last_checkpoint.pth
2026-07-24 02:22:16 | INFO     | src.utils.checkpoint | Training history saved to /Users/paulettamaunge/Documents/GitHub/Hackathon_PolyglotPioneers/models/training_history.json
2026-07-24 02:22:16 | INFO     | src.models.trainer | Epoch 16/100 | Train=0.141373 | Validation=inf | MAE=3771995439079282455158456320.000000 | RMSE=20312817091201614465049034752.000000 | R²=-0.0357
2026-07-24 02:22:16 | INFO     | src.models.trainer | Early stopping triggered.
2026-07-24 02:22:16 | INFO     | src.models.trainer | Training finished. Best epoch: 1
2026-07-24 02:22:16 | INFO     | __main__ | Loading best model...
2026-07-24 02:22:16 | INFO     | src.utils.checkpoint | Checkpoint loaded from /Users/paulettamaunge/Documents/GitHub/Hackathon_PolyglotPioneers/models/checkpoints/best_lstm_model.pth
2026-07-24 02:22:16 | INFO     | src.models.trainer | Best model loaded.
2026-07-24 02:22:16 | INFO     | __main__ | Step 6/6 : Evaluating model
2026-07-24 02:22:16 | INFO     | src.models.trainer | Test metrics: {'mae': 0.7677729779233535, 'mse': 0.9732500782648273, 'rmse': 0.9865343776396377, 'r2': -0.23697150252289112}
2026-07-24 02:22:16 | INFO     | __main__ | ================================================================================
2026-07-24 02:22:16 | INFO     | __main__ | FINAL TEST RESULTS
2026-07-24 02:22:16 | INFO     | __main__ | ================================================================================
2026-07-24 02:22:16 | INFO     | __main__ | MAE     : 0.767773
2026-07-24 02:22:16 | INFO     | __main__ | MSE     : 0.973250
2026-07-24 02:22:16 | INFO     | __main__ | RMSE    : 0.986534
2026-07-24 02:22:16 | INFO     | __main__ | R2      : -0.236972
2026-07-24 02:22:16 | INFO     | __main__ | ================================================================================
2026-07-24 02:22:16 | INFO     | __main__ | FORECASTING PIPELINE COMPLETED SUCCESSFULLY
2026-07-24 02:22:16 | INFO     | __main__ | ================================================================================
2026-07-24 02:24:03 | INFO     | src.data.data_loader | Loading dataset...
2026-07-24 02:24:03 | INFO     | src.data.data_loader | Dataset loaded successfully (276 rows × 10 columns)
2026-07-24 02:24:03 | INFO     | src.data.data_loader | Validating dataset...
2026-07-24 02:24:03 | INFO     | src.data.data_loader | No missing values detected.
2026-07-24 02:24:03 | INFO     | src.data.data_loader | Sorting by 'year_month'.
2026-07-24 02:24:03 | INFO     | src.data.data_loader | Discovered 6 input features.
2026-07-24 02:24:03 | INFO     | src.data.data_loader | ============================================================
2026-07-24 02:24:03 | INFO     | src.data.data_loader | Dataset Summary
2026-07-24 02:24:03 | INFO     | src.data.data_loader | ============================================================
2026-07-24 02:24:03 | INFO     | src.data.data_loader | Rows      : 276
2026-07-24 02:24:03 | INFO     | src.data.data_loader | Columns   : 10
2026-07-24 02:24:03 | INFO     | src.data.data_loader | Features  : 6
2026-07-24 02:24:03 | INFO     | src.data.data_loader | Target    : FAO_23014
2026-07-24 02:24:03 | INFO     | src.data.data_loader | ============================================================
2026-07-24 02:24:03 | INFO     | src.data.preprocessor | Splitting dataset chronologically...
2026-07-24 02:24:03 | INFO     | src.data.preprocessor | Train rows      : 193
2026-07-24 02:24:03 | INFO     | src.data.preprocessor | Validation rows : 41
2026-07-24 02:24:03 | INFO     | src.data.preprocessor | Test rows       : 42
2026-07-24 02:24:03 | INFO     | src.data.preprocessor | Fitting feature scaler on training data...
2026-07-24 02:24:03 | INFO     | src.data.preprocessor | Fitting target scaler on training data...
2026-07-24 02:24:03 | INFO     | src.data.preprocessor | Saving preprocessing artifacts...
2026-07-24 02:24:03 | INFO     | src.data.preprocessor | Metadata saved.
2026-07-24 02:24:03 | INFO     | src.data.preprocessor | Preprocessing pipeline completed successfully.
2026-07-24 02:24:03 | INFO     | src.models.sequence_builder | Building LSTM sequence datasets...
2026-07-24 02:24:03 | INFO     | src.models.sequence_builder | Creating sequences (window=12)...
2026-07-24 02:24:03 | INFO     | src.models.sequence_builder | Generated 181 sequences.
2026-07-24 02:24:03 | INFO     | src.models.sequence_builder | Sequence shape: (181, 12, 6)
2026-07-24 02:24:03 | INFO     | src.models.sequence_builder | Creating sequences (window=12)...
2026-07-24 02:24:03 | INFO     | src.models.sequence_builder | Generated 29 sequences.
2026-07-24 02:24:03 | INFO     | src.models.sequence_builder | Sequence shape: (29, 12, 6)
2026-07-24 02:24:03 | INFO     | src.models.sequence_builder | Creating sequences (window=12)...
2026-07-24 02:24:03 | INFO     | src.models.sequence_builder | Generated 30 sequences.
2026-07-24 02:24:03 | INFO     | src.models.sequence_builder | Sequence shape: (30, 12, 6)
2026-07-24 02:24:03 | INFO     | src.models.sequence_builder | y_train_seq min=-1.262985348701477, max=3.2605814933776855
2026-07-24 02:24:03 | INFO     | src.models.sequence_builder | y_val_seq min=-1.646776795387268, max=-0.7225300669670105
2026-07-24 02:24:03 | INFO     | src.models.sequence_builder | y_test_seq min=-1.1580467224121094, max=1.9002104997634888
2026-07-24 02:24:03 | INFO     | src.models.sequence_builder | y_val_seq NaNs=0, Infs=0
2026-07-24 02:24:03 | INFO     | src.models.sequence_builder | Sequence generation completed successfully.
2026-07-24 02:24:03 | INFO     | src.models.sequence_builder | Input size: 6
2026-07-24 02:24:03 | INFO     | src.models.trainer | Initialising trainer...
2026-07-24 02:24:03 | INFO     | src.models.trainer | Training device: mps
2026-07-24 02:24:03 | INFO     | src.data.dataset | Dataset created with 181 samples.
2026-07-24 02:24:03 | INFO     | src.data.dataset | Dataset created with 29 samples.
2026-07-24 02:24:03 | INFO     | src.data.dataset | Dataset created with 30 samples.
2026-07-24 02:24:04 | INFO     | src.models.trainer | Trainer initialised successfully.
2026-07-24 02:25:10 | INFO     | src.data.data_loader | Loading dataset...
2026-07-24 02:25:10 | INFO     | src.data.data_loader | Dataset loaded successfully (276 rows × 10 columns)
2026-07-24 02:25:10 | INFO     | src.data.data_loader | Validating dataset...
2026-07-24 02:25:10 | INFO     | src.data.data_loader | No missing values detected.
2026-07-24 02:25:10 | INFO     | src.data.data_loader | Sorting by 'year_month'.
2026-07-24 02:25:10 | INFO     | src.data.data_loader | Discovered 6 input features.
2026-07-24 02:25:10 | INFO     | src.data.data_loader | ============================================================
2026-07-24 02:25:10 | INFO     | src.data.data_loader | Dataset Summary
2026-07-24 02:25:10 | INFO     | src.data.data_loader | ============================================================
2026-07-24 02:25:10 | INFO     | src.data.data_loader | Rows      : 276
2026-07-24 02:25:10 | INFO     | src.data.data_loader | Columns   : 10
2026-07-24 02:25:10 | INFO     | src.data.data_loader | Features  : 6
2026-07-24 02:25:10 | INFO     | src.data.data_loader | Target    : FAO_23014
2026-07-24 02:25:10 | INFO     | src.data.data_loader | ============================================================
2026-07-24 02:25:10 | INFO     | src.data.preprocessor | Splitting dataset chronologically...
2026-07-24 02:25:10 | INFO     | src.data.preprocessor | Train rows      : 193
2026-07-24 02:25:10 | INFO     | src.data.preprocessor | Validation rows : 41
2026-07-24 02:25:10 | INFO     | src.data.preprocessor | Test rows       : 42
2026-07-24 02:25:10 | INFO     | src.data.preprocessor | Fitting feature scaler on training data...
2026-07-24 02:25:10 | INFO     | src.data.preprocessor | Fitting target scaler on training data...
2026-07-24 02:25:10 | INFO     | src.data.preprocessor | Saving preprocessing artifacts...
2026-07-24 02:25:10 | INFO     | src.data.preprocessor | Metadata saved.
2026-07-24 02:25:10 | INFO     | src.data.preprocessor | Preprocessing pipeline completed successfully.
2026-07-24 02:25:10 | INFO     | src.models.sequence_builder | Building LSTM sequence datasets...
2026-07-24 02:25:10 | INFO     | src.models.sequence_builder | Creating sequences (window=12)...
2026-07-24 02:25:10 | INFO     | src.models.sequence_builder | Generated 181 sequences.
2026-07-24 02:25:10 | INFO     | src.models.sequence_builder | Sequence shape: (181, 12, 6)
2026-07-24 02:25:10 | INFO     | src.models.sequence_builder | Creating sequences (window=12)...
2026-07-24 02:25:10 | INFO     | src.models.sequence_builder | Generated 29 sequences.
2026-07-24 02:25:10 | INFO     | src.models.sequence_builder | Sequence shape: (29, 12, 6)
2026-07-24 02:25:10 | INFO     | src.models.sequence_builder | Creating sequences (window=12)...
2026-07-24 02:25:10 | INFO     | src.models.sequence_builder | Generated 30 sequences.
2026-07-24 02:25:10 | INFO     | src.models.sequence_builder | Sequence shape: (30, 12, 6)
2026-07-24 02:25:10 | INFO     | src.models.sequence_builder | y_train_seq min=-1.262985348701477, max=3.2605814933776855
2026-07-24 02:25:10 | INFO     | src.models.sequence_builder | y_val_seq min=-1.646776795387268, max=-0.7225300669670105
2026-07-24 02:25:10 | INFO     | src.models.sequence_builder | y_test_seq min=-1.1580467224121094, max=1.9002104997634888
2026-07-24 02:25:10 | INFO     | src.models.sequence_builder | y_val_seq NaNs=0, Infs=0
2026-07-24 02:25:10 | INFO     | src.models.sequence_builder | Sequence generation completed successfully.
2026-07-24 02:25:10 | INFO     | src.models.sequence_builder | Input size: 6
2026-07-24 02:25:10 | INFO     | src.models.trainer | Initialising trainer...
2026-07-24 02:25:10 | INFO     | src.models.trainer | Training device: mps
2026-07-24 02:25:10 | INFO     | src.data.dataset | Dataset created with 181 samples.
2026-07-24 02:25:10 | INFO     | src.data.dataset | Dataset created with 29 samples.
2026-07-24 02:25:10 | INFO     | src.data.dataset | Dataset created with 30 samples.
2026-07-24 02:25:11 | INFO     | src.models.trainer | Trainer initialised successfully.
2026-07-24 02:26:57 | INFO     | src.data.data_loader | Loading dataset...
2026-07-24 02:26:57 | INFO     | src.data.data_loader | Dataset loaded successfully (276 rows × 10 columns)
2026-07-24 02:26:57 | INFO     | src.data.data_loader | Validating dataset...
2026-07-24 02:26:57 | INFO     | src.data.data_loader | No missing values detected.
2026-07-24 02:26:57 | INFO     | src.data.data_loader | Sorting by 'year_month'.
2026-07-24 02:26:57 | INFO     | src.data.data_loader | Discovered 6 input features.
2026-07-24 02:26:57 | INFO     | src.data.data_loader | ============================================================
2026-07-24 02:26:57 | INFO     | src.data.data_loader | Dataset Summary
2026-07-24 02:26:57 | INFO     | src.data.data_loader | ============================================================
2026-07-24 02:26:57 | INFO     | src.data.data_loader | Rows      : 276
2026-07-24 02:26:57 | INFO     | src.data.data_loader | Columns   : 10
2026-07-24 02:26:57 | INFO     | src.data.data_loader | Features  : 6
2026-07-24 02:26:57 | INFO     | src.data.data_loader | Target    : FAO_23014
2026-07-24 02:26:57 | INFO     | src.data.data_loader | ============================================================
2026-07-24 02:26:57 | INFO     | src.data.preprocessor | Splitting dataset chronologically...
2026-07-24 02:26:57 | INFO     | src.data.preprocessor | Train rows      : 193
2026-07-24 02:26:57 | INFO     | src.data.preprocessor | Validation rows : 41
2026-07-24 02:26:57 | INFO     | src.data.preprocessor | Test rows       : 42
2026-07-24 02:26:57 | INFO     | src.data.preprocessor | Fitting feature scaler on training data...
2026-07-24 02:26:57 | INFO     | src.data.preprocessor | Fitting target scaler on training data...
2026-07-24 02:26:57 | INFO     | src.data.preprocessor | Saving preprocessing artifacts...
2026-07-24 02:26:57 | INFO     | src.data.preprocessor | Metadata saved.
2026-07-24 02:26:57 | INFO     | src.data.preprocessor | Preprocessing pipeline completed successfully.
2026-07-24 02:26:57 | INFO     | src.models.sequence_builder | Building LSTM sequence datasets...
2026-07-24 02:26:57 | INFO     | src.models.sequence_builder | Creating sequences (window=12)...
2026-07-24 02:26:57 | INFO     | src.models.sequence_builder | Generated 181 sequences.
2026-07-24 02:26:57 | INFO     | src.models.sequence_builder | Sequence shape: (181, 12, 6)
2026-07-24 02:26:57 | INFO     | src.models.sequence_builder | Creating sequences (window=12)...
2026-07-24 02:26:57 | INFO     | src.models.sequence_builder | Generated 29 sequences.
2026-07-24 02:26:57 | INFO     | src.models.sequence_builder | Sequence shape: (29, 12, 6)
2026-07-24 02:26:57 | INFO     | src.models.sequence_builder | Creating sequences (window=12)...
2026-07-24 02:26:57 | INFO     | src.models.sequence_builder | Generated 30 sequences.
2026-07-24 02:26:57 | INFO     | src.models.sequence_builder | Sequence shape: (30, 12, 6)
2026-07-24 02:26:57 | INFO     | src.models.sequence_builder | y_train_seq min=-1.262985348701477, max=3.2605814933776855
2026-07-24 02:26:57 | INFO     | src.models.sequence_builder | y_val_seq min=-1.646776795387268, max=-0.7225300669670105
2026-07-24 02:26:57 | INFO     | src.models.sequence_builder | y_test_seq min=-1.1580467224121094, max=1.9002104997634888
2026-07-24 02:26:57 | INFO     | src.models.sequence_builder | y_val_seq NaNs=0, Infs=0
2026-07-24 02:26:57 | INFO     | src.models.sequence_builder | Sequence generation completed successfully.
2026-07-24 02:26:57 | INFO     | src.models.sequence_builder | Input size: 6
2026-07-24 02:26:57 | INFO     | src.models.trainer | Initialising trainer...
2026-07-24 02:26:57 | INFO     | src.models.trainer | Training device: mps
2026-07-24 02:26:57 | INFO     | src.data.dataset | Dataset created with 181 samples.
2026-07-24 02:26:57 | INFO     | src.data.dataset | Dataset created with 29 samples.
2026-07-24 02:26:57 | INFO     | src.data.dataset | Dataset created with 30 samples.
2026-07-24 02:26:58 | INFO     | src.models.trainer | Trainer initialised successfully.
2026-07-24 02:27:47 | INFO     | src.data.data_loader | Loading dataset...
2026-07-24 02:27:47 | INFO     | src.data.data_loader | Dataset loaded successfully (276 rows × 10 columns)
2026-07-24 02:27:47 | INFO     | src.data.data_loader | Validating dataset...
2026-07-24 02:27:47 | INFO     | src.data.data_loader | No missing values detected.
2026-07-24 02:27:47 | INFO     | src.data.data_loader | Sorting by 'year_month'.
2026-07-24 02:27:47 | INFO     | src.data.data_loader | Discovered 6 input features.
2026-07-24 02:27:47 | INFO     | src.data.data_loader | ============================================================
2026-07-24 02:27:47 | INFO     | src.data.data_loader | Dataset Summary
2026-07-24 02:27:47 | INFO     | src.data.data_loader | ============================================================
2026-07-24 02:27:47 | INFO     | src.data.data_loader | Rows      : 276
2026-07-24 02:27:47 | INFO     | src.data.data_loader | Columns   : 10
2026-07-24 02:27:47 | INFO     | src.data.data_loader | Features  : 6
2026-07-24 02:27:47 | INFO     | src.data.data_loader | Target    : FAO_23014
2026-07-24 02:27:47 | INFO     | src.data.data_loader | ============================================================
2026-07-24 02:27:47 | INFO     | src.data.preprocessor | Splitting dataset chronologically...
2026-07-24 02:27:47 | INFO     | src.data.preprocessor | Train rows      : 193
2026-07-24 02:27:47 | INFO     | src.data.preprocessor | Validation rows : 41
2026-07-24 02:27:47 | INFO     | src.data.preprocessor | Test rows       : 42
2026-07-24 02:27:47 | INFO     | src.data.preprocessor | Fitting feature scaler on training data...
2026-07-24 02:27:47 | INFO     | src.data.preprocessor | Fitting target scaler on training data...
2026-07-24 02:27:47 | INFO     | src.data.preprocessor | Saving preprocessing artifacts...
2026-07-24 02:27:47 | INFO     | src.data.preprocessor | Metadata saved.
2026-07-24 02:27:47 | INFO     | src.data.preprocessor | Preprocessing pipeline completed successfully.
2026-07-24 02:27:47 | INFO     | src.models.sequence_builder | Building LSTM sequence datasets...
2026-07-24 02:27:47 | INFO     | src.models.sequence_builder | Creating sequences (window=12)...
2026-07-24 02:27:47 | INFO     | src.models.sequence_builder | Generated 181 sequences.
2026-07-24 02:27:47 | INFO     | src.models.sequence_builder | Sequence shape: (181, 12, 6)
2026-07-24 02:27:47 | INFO     | src.models.sequence_builder | Creating sequences (window=12)...
2026-07-24 02:27:47 | INFO     | src.models.sequence_builder | Generated 29 sequences.
2026-07-24 02:27:47 | INFO     | src.models.sequence_builder | Sequence shape: (29, 12, 6)
2026-07-24 02:27:47 | INFO     | src.models.sequence_builder | Creating sequences (window=12)...
2026-07-24 02:27:47 | INFO     | src.models.sequence_builder | Generated 30 sequences.
2026-07-24 02:27:47 | INFO     | src.models.sequence_builder | Sequence shape: (30, 12, 6)
2026-07-24 02:27:47 | INFO     | src.models.sequence_builder | y_train_seq min=-1.262985348701477, max=3.2605814933776855
2026-07-24 02:27:47 | INFO     | src.models.sequence_builder | y_val_seq min=-1.646776795387268, max=-0.7225300669670105
2026-07-24 02:27:47 | INFO     | src.models.sequence_builder | y_test_seq min=-1.1580467224121094, max=1.9002104997634888
2026-07-24 02:27:47 | INFO     | src.models.sequence_builder | y_val_seq NaNs=0, Infs=0
2026-07-24 02:27:47 | INFO     | src.models.sequence_builder | Sequence generation completed successfully.
2026-07-24 02:27:47 | INFO     | src.models.sequence_builder | Input size: 6
2026-07-24 02:27:47 | INFO     | src.models.trainer | Initialising trainer...
2026-07-24 02:27:47 | INFO     | src.models.trainer | Training device: mps
2026-07-24 02:27:47 | INFO     | src.data.dataset | Dataset created with 181 samples.
2026-07-24 02:27:47 | INFO     | src.data.dataset | Dataset created with 29 samples.
2026-07-24 02:27:47 | INFO     | src.data.dataset | Dataset created with 30 samples.
2026-07-24 02:27:48 | INFO     | src.models.trainer | Trainer initialised successfully.
2026-07-24 02:36:03 | INFO     | __main__ | ================================================================================
2026-07-24 02:36:03 | INFO     | __main__ | FORECASTING PIPELINE STARTED
2026-07-24 02:36:03 | INFO     | __main__ | ================================================================================
2026-07-24 02:36:03 | INFO     | __main__ | Step 1/6 : Loading dataset
2026-07-24 02:36:03 | INFO     | src.data.data_loader | Loading dataset...
2026-07-24 02:36:03 | INFO     | src.data.data_loader | Dataset loaded successfully (276 rows × 10 columns)
2026-07-24 02:36:03 | INFO     | src.data.data_loader | Validating dataset...
2026-07-24 02:36:03 | INFO     | src.data.data_loader | No missing values detected.
2026-07-24 02:36:03 | INFO     | src.data.data_loader | Sorting by 'year_month'.
2026-07-24 02:36:03 | INFO     | src.data.data_loader | Discovered 6 input features.
2026-07-24 02:36:03 | INFO     | src.data.data_loader | ============================================================
2026-07-24 02:36:03 | INFO     | src.data.data_loader | Dataset Summary
2026-07-24 02:36:03 | INFO     | src.data.data_loader | ============================================================
2026-07-24 02:36:03 | INFO     | src.data.data_loader | Rows      : 276
2026-07-24 02:36:03 | INFO     | src.data.data_loader | Columns   : 10
2026-07-24 02:36:03 | INFO     | src.data.data_loader | Features  : 6
2026-07-24 02:36:03 | INFO     | src.data.data_loader | Target    : FAO_23014
2026-07-24 02:36:03 | INFO     | src.data.data_loader | ============================================================
2026-07-24 02:36:03 | INFO     | __main__ | Step 2/6 : Preprocessing dataset
2026-07-24 02:36:03 | INFO     | src.data.preprocessor | Splitting dataset chronologically...
2026-07-24 02:36:03 | INFO     | src.data.preprocessor | Train rows      : 193
2026-07-24 02:36:03 | INFO     | src.data.preprocessor | Validation rows : 41
2026-07-24 02:36:03 | INFO     | src.data.preprocessor | Test rows       : 42
2026-07-24 02:36:03 | INFO     | src.data.preprocessor | Fitting feature scaler on training data...
2026-07-24 02:36:03 | INFO     | src.data.preprocessor | Fitting target scaler on training data...
2026-07-24 02:36:03 | INFO     | src.data.preprocessor | Saving preprocessing artifacts...
2026-07-24 02:36:03 | INFO     | src.data.preprocessor | Metadata saved.
2026-07-24 02:36:03 | INFO     | src.data.preprocessor | Preprocessing pipeline completed successfully.
2026-07-24 02:36:03 | INFO     | __main__ | Step 3/6 : Building LSTM sequences
2026-07-24 02:36:03 | INFO     | src.models.sequence_builder | Building LSTM sequence datasets...
2026-07-24 02:36:03 | INFO     | src.models.sequence_builder | Creating sequences (window=12)...
2026-07-24 02:36:03 | INFO     | src.models.sequence_builder | Generated 181 sequences.
2026-07-24 02:36:03 | INFO     | src.models.sequence_builder | Sequence shape: (181, 12, 6)
2026-07-24 02:36:03 | INFO     | src.models.sequence_builder | Creating sequences (window=12)...
2026-07-24 02:36:03 | INFO     | src.models.sequence_builder | Generated 29 sequences.
2026-07-24 02:36:03 | INFO     | src.models.sequence_builder | Sequence shape: (29, 12, 6)
2026-07-24 02:36:03 | INFO     | src.models.sequence_builder | Creating sequences (window=12)...
2026-07-24 02:36:03 | INFO     | src.models.sequence_builder | Generated 30 sequences.
2026-07-24 02:36:03 | INFO     | src.models.sequence_builder | Sequence shape: (30, 12, 6)
2026-07-24 02:36:03 | INFO     | src.models.sequence_builder | y_train_seq min=-1.262985348701477, max=3.2605814933776855
2026-07-24 02:36:03 | INFO     | src.models.sequence_builder | y_val_seq min=-1.646776795387268, max=-0.7225300669670105
2026-07-24 02:36:03 | INFO     | src.models.sequence_builder | y_test_seq min=-1.1580467224121094, max=1.9002104997634888
2026-07-24 02:36:03 | INFO     | src.models.sequence_builder | y_val_seq NaNs=0, Infs=0
2026-07-24 02:36:03 | INFO     | src.models.sequence_builder | Sequence generation completed successfully.
2026-07-24 02:36:03 | INFO     | src.models.sequence_builder | Input size: 6
2026-07-24 02:36:03 | INFO     | __main__ | Step 4/6 : Initialising trainer
2026-07-24 02:36:03 | INFO     | src.models.trainer | Initialising trainer...
2026-07-24 02:36:03 | WARNING  | src.models.trainer | MPS backend detected; falling back to CPU because it can produce unstable training results on this project.
2026-07-24 02:36:03 | INFO     | src.models.trainer | Training device: cpu
2026-07-24 02:36:03 | INFO     | src.models.trainer | SequenceData y_train: min=-1.262985348701477, max=3.2605814933776855
2026-07-24 02:36:03 | INFO     | src.models.trainer | SequenceData y_validation: min=-1.646776795387268, max=-0.7225300669670105
2026-07-24 02:36:03 | INFO     | src.models.trainer | SequenceData y_test: min=-1.1580467224121094, max=1.9002104997634888
2026-07-24 02:36:03 | INFO     | src.data.dataset | Dataset created with 181 samples.
2026-07-24 02:36:03 | INFO     | src.data.dataset | Dataset created with 29 samples.
2026-07-24 02:36:03 | INFO     | src.data.dataset | Dataset created with 30 samples.
2026-07-24 02:36:04 | INFO     | src.models.trainer | Trainer initialised successfully.
2026-07-24 02:36:04 | INFO     | src.utils.checkpoint | Checkpoint loaded from /Users/paulettamaunge/Documents/GitHub/Hackathon_PolyglotPioneers/models/checkpoints/last_checkpoint.pth
2026-07-24 02:36:04 | INFO     | src.models.trainer | Resuming from epoch 16
2026-07-24 02:36:04 | INFO     | __main__ | Step 5/6 : Training model
2026-07-24 02:36:04 | INFO     | src.models.trainer | Starting training...
2026-07-24 02:36:04 | INFO     | src.utils.checkpoint | Checkpoint saved to /Users/paulettamaunge/Documents/GitHub/Hackathon_PolyglotPioneers/models/checkpoints/last_checkpoint.pth
2026-07-24 02:36:04 | INFO     | src.utils.checkpoint | Checkpoint saved to /Users/paulettamaunge/Documents/GitHub/Hackathon_PolyglotPioneers/models/checkpoints/best_lstm_model.pth
2026-07-24 02:36:04 | INFO     | src.utils.checkpoint | Training history saved to /Users/paulettamaunge/Documents/GitHub/Hackathon_PolyglotPioneers/models/training_history.json
2026-07-24 02:36:04 | INFO     | src.models.trainer | Epoch 17/100 | Train=0.437579 | Validation=0.569713 | MAE=0.681865 | RMSE=0.754794 | R²=-4.9597
2026-07-24 02:36:04 | INFO     | src.utils.checkpoint | Checkpoint saved to /Users/paulettamaunge/Documents/GitHub/Hackathon_PolyglotPioneers/models/checkpoints/last_checkpoint.pth
2026-07-24 02:36:04 | INFO     | src.utils.checkpoint | Checkpoint saved to /Users/paulettamaunge/Documents/GitHub/Hackathon_PolyglotPioneers/models/checkpoints/best_lstm_model.pth
2026-07-24 02:36:04 | INFO     | src.utils.checkpoint | Training history saved to /Users/paulettamaunge/Documents/GitHub/Hackathon_PolyglotPioneers/models/training_history.json
2026-07-24 02:36:04 | INFO     | src.models.trainer | Epoch 18/100 | Train=0.325345 | Validation=0.356536 | MAE=0.504777 | RMSE=0.597106 | R²=-2.7297
2026-07-24 02:36:04 | INFO     | src.utils.checkpoint | Checkpoint saved to /Users/paulettamaunge/Documents/GitHub/Hackathon_PolyglotPioneers/models/checkpoints/last_checkpoint.pth
2026-07-24 02:36:04 | INFO     | src.utils.checkpoint | Checkpoint saved to /Users/paulettamaunge/Documents/GitHub/Hackathon_PolyglotPioneers/models/checkpoints/best_lstm_model.pth
2026-07-24 02:36:04 | INFO     | src.utils.checkpoint | Training history saved to /Users/paulettamaunge/Documents/GitHub/Hackathon_PolyglotPioneers/models/training_history.json
2026-07-24 02:36:04 | INFO     | src.models.trainer | Epoch 19/100 | Train=0.229520 | Validation=0.205578 | MAE=0.381610 | RMSE=0.453407 | R²=-1.1505
2026-07-24 02:36:04 | INFO     | src.utils.checkpoint | Checkpoint saved to /Users/paulettamaunge/Documents/GitHub/Hackathon_PolyglotPioneers/models/checkpoints/last_checkpoint.pth
2026-07-24 02:36:04 | INFO     | src.utils.checkpoint | Checkpoint saved to /Users/paulettamaunge/Documents/GitHub/Hackathon_PolyglotPioneers/models/checkpoints/best_lstm_model.pth
2026-07-24 02:36:04 | INFO     | src.utils.checkpoint | Training history saved to /Users/paulettamaunge/Documents/GitHub/Hackathon_PolyglotPioneers/models/training_history.json
2026-07-24 02:36:04 | INFO     | src.models.trainer | Epoch 20/100 | Train=0.199248 | Validation=0.131471 | MAE=0.322175 | RMSE=0.362589 | R²=-0.3753
2026-07-24 02:36:04 | INFO     | src.utils.checkpoint | Checkpoint saved to /Users/paulettamaunge/Documents/GitHub/Hackathon_PolyglotPioneers/models/checkpoints/last_checkpoint.pth
2026-07-24 02:36:04 | INFO     | src.utils.checkpoint | Checkpoint saved to /Users/paulettamaunge/Documents/GitHub/Hackathon_PolyglotPioneers/models/checkpoints/best_lstm_model.pth
2026-07-24 02:36:04 | INFO     | src.utils.checkpoint | Training history saved to /Users/paulettamaunge/Documents/GitHub/Hackathon_PolyglotPioneers/models/training_history.json
2026-07-24 02:36:04 | INFO     | src.models.trainer | Epoch 21/100 | Train=0.185807 | Validation=0.113006 | MAE=0.303871 | RMSE=0.336163 | R²=-0.1821
2026-07-24 02:36:04 | INFO     | src.utils.checkpoint | Checkpoint saved to /Users/paulettamaunge/Documents/GitHub/Hackathon_PolyglotPioneers/models/checkpoints/last_checkpoint.pth
2026-07-24 02:36:04 | INFO     | src.utils.checkpoint | Checkpoint saved to /Users/paulettamaunge/Documents/GitHub/Hackathon_PolyglotPioneers/models/checkpoints/best_lstm_model.pth
2026-07-24 02:36:04 | INFO     | src.utils.checkpoint | Training history saved to /Users/paulettamaunge/Documents/GitHub/Hackathon_PolyglotPioneers/models/training_history.json
2026-07-24 02:36:04 | INFO     | src.models.trainer | Epoch 22/100 | Train=0.166691 | Validation=0.105943 | MAE=0.295331 | RMSE=0.325489 | R²=-0.1083
2026-07-24 02:36:05 | INFO     | src.utils.checkpoint | Checkpoint saved to /Users/paulettamaunge/Documents/GitHub/Hackathon_PolyglotPioneers/models/checkpoints/last_checkpoint.pth
2026-07-24 02:36:05 | INFO     | src.utils.checkpoint | Checkpoint saved to /Users/paulettamaunge/Documents/GitHub/Hackathon_PolyglotPioneers/models/checkpoints/best_lstm_model.pth
2026-07-24 02:36:05 | INFO     | src.utils.checkpoint | Training history saved to /Users/paulettamaunge/Documents/GitHub/Hackathon_PolyglotPioneers/models/training_history.json
2026-07-24 02:36:05 | INFO     | src.models.trainer | Epoch 23/100 | Train=0.164908 | Validation=0.104210 | MAE=0.292621 | RMSE=0.322816 | R²=-0.0901
2026-07-24 02:36:05 | INFO     | src.utils.checkpoint | Checkpoint saved to /Users/paulettamaunge/Documents/GitHub/Hackathon_PolyglotPioneers/models/checkpoints/last_checkpoint.pth
2026-07-24 02:36:05 | INFO     | src.utils.checkpoint | Training history saved to /Users/paulettamaunge/Documents/GitHub/Hackathon_PolyglotPioneers/models/training_history.json
2026-07-24 02:36:05 | INFO     | src.models.trainer | Epoch 24/100 | Train=0.151853 | Validation=0.105739 | MAE=0.294902 | RMSE=0.325175 | R²=-0.1061
2026-07-24 02:36:05 | INFO     | src.utils.checkpoint | Checkpoint saved to /Users/paulettamaunge/Documents/GitHub/Hackathon_PolyglotPioneers/models/checkpoints/last_checkpoint.pth
2026-07-24 02:36:05 | INFO     | src.utils.checkpoint | Training history saved to /Users/paulettamaunge/Documents/GitHub/Hackathon_PolyglotPioneers/models/training_history.json
2026-07-24 02:36:05 | INFO     | src.models.trainer | Epoch 25/100 | Train=0.149228 | Validation=0.110363 | MAE=0.300584 | RMSE=0.332210 | R²=-0.1545
2026-07-24 02:36:05 | INFO     | src.utils.checkpoint | Checkpoint saved to /Users/paulettamaunge/Documents/GitHub/Hackathon_PolyglotPioneers/models/checkpoints/last_checkpoint.pth
2026-07-24 02:36:05 | INFO     | src.utils.checkpoint | Training history saved to /Users/paulettamaunge/Documents/GitHub/Hackathon_PolyglotPioneers/models/training_history.json
2026-07-24 02:36:05 | INFO     | src.models.trainer | Epoch 26/100 | Train=0.135809 | Validation=0.115385 | MAE=0.306478 | RMSE=0.339683 | R²=-0.2070
2026-07-24 02:36:05 | INFO     | src.utils.checkpoint | Checkpoint saved to /Users/paulettamaunge/Documents/GitHub/Hackathon_PolyglotPioneers/models/checkpoints/last_checkpoint.pth
2026-07-24 02:36:05 | INFO     | src.utils.checkpoint | Training history saved to /Users/paulettamaunge/Documents/GitHub/Hackathon_PolyglotPioneers/models/training_history.json
2026-07-24 02:36:05 | INFO     | src.models.trainer | Epoch 27/100 | Train=0.133689 | Validation=0.119265 | MAE=0.310446 | RMSE=0.345348 | R²=-0.2476
2026-07-24 02:36:05 | INFO     | src.utils.checkpoint | Checkpoint saved to /Users/paulettamaunge/Documents/GitHub/Hackathon_PolyglotPioneers/models/checkpoints/last_checkpoint.pth
2026-07-24 02:36:05 | INFO     | src.utils.checkpoint | Training history saved to /Users/paulettamaunge/Documents/GitHub/Hackathon_PolyglotPioneers/models/training_history.json
2026-07-24 02:36:05 | INFO     | src.models.trainer | Epoch 28/100 | Train=0.143234 | Validation=0.119684 | MAE=0.310965 | RMSE=0.345954 | R²=-0.2520
2026-07-24 02:36:05 | INFO     | src.models.trainer | Learning rate changed from 0.000250 to 0.000125
2026-07-24 02:36:05 | INFO     | src.utils.checkpoint | Checkpoint saved to /Users/paulettamaunge/Documents/GitHub/Hackathon_PolyglotPioneers/models/checkpoints/last_checkpoint.pth
2026-07-24 02:36:05 | INFO     | src.utils.checkpoint | Training history saved to /Users/paulettamaunge/Documents/GitHub/Hackathon_PolyglotPioneers/models/training_history.json
2026-07-24 02:36:05 | INFO     | src.models.trainer | Epoch 29/100 | Train=0.124519 | Validation=0.118541 | MAE=0.309550 | RMSE=0.344299 | R²=-0.2400
2026-07-24 02:36:05 | INFO     | src.utils.checkpoint | Checkpoint saved to /Users/paulettamaunge/Documents/GitHub/Hackathon_PolyglotPioneers/models/checkpoints/last_checkpoint.pth
2026-07-24 02:36:05 | INFO     | src.utils.checkpoint | Training history saved to /Users/paulettamaunge/Documents/GitHub/Hackathon_PolyglotPioneers/models/training_history.json
2026-07-24 02:36:05 | INFO     | src.models.trainer | Epoch 30/100 | Train=0.121162 | Validation=0.119546 | MAE=0.310792 | RMSE=0.345754 | R²=-0.2506
2026-07-24 02:36:05 | INFO     | src.utils.checkpoint | Checkpoint saved to /Users/paulettamaunge/Documents/GitHub/Hackathon_PolyglotPioneers/models/checkpoints/last_checkpoint.pth
2026-07-24 02:36:05 | INFO     | src.utils.checkpoint | Training history saved to /Users/paulettamaunge/Documents/GitHub/Hackathon_PolyglotPioneers/models/training_history.json
2026-07-24 02:36:05 | INFO     | src.models.trainer | Epoch 31/100 | Train=0.119233 | Validation=0.119739 | MAE=0.311059 | RMSE=0.346033 | R²=-0.2526
2026-07-24 02:36:05 | INFO     | src.utils.checkpoint | Checkpoint saved to /Users/paulettamaunge/Documents/GitHub/Hackathon_PolyglotPioneers/models/checkpoints/last_checkpoint.pth
2026-07-24 02:36:05 | INFO     | src.utils.checkpoint | Training history saved to /Users/paulettamaunge/Documents/GitHub/Hackathon_PolyglotPioneers/models/training_history.json
2026-07-24 02:36:05 | INFO     | src.models.trainer | Epoch 32/100 | Train=0.125504 | Validation=0.119789 | MAE=0.311136 | RMSE=0.346106 | R²=-0.2531
2026-07-24 02:36:05 | INFO     | src.utils.checkpoint | Checkpoint saved to /Users/paulettamaunge/Documents/GitHub/Hackathon_PolyglotPioneers/models/checkpoints/last_checkpoint.pth
2026-07-24 02:36:05 | INFO     | src.utils.checkpoint | Training history saved to /Users/paulettamaunge/Documents/GitHub/Hackathon_PolyglotPioneers/models/training_history.json
2026-07-24 02:36:05 | INFO     | src.models.trainer | Epoch 33/100 | Train=0.114006 | Validation=0.120290 | MAE=0.311751 | RMSE=0.346829 | R²=-0.2583
2026-07-24 02:36:05 | INFO     | src.utils.checkpoint | Checkpoint saved to /Users/paulettamaunge/Documents/GitHub/Hackathon_PolyglotPioneers/models/checkpoints/last_checkpoint.pth
2026-07-24 02:36:05 | INFO     | src.utils.checkpoint | Training history saved to /Users/paulettamaunge/Documents/GitHub/Hackathon_PolyglotPioneers/models/training_history.json
2026-07-24 02:36:05 | INFO     | src.models.trainer | Epoch 34/100 | Train=0.122120 | Validation=0.121211 | MAE=0.312867 | RMSE=0.348154 | R²=-0.2680
2026-07-24 02:36:05 | INFO     | src.models.trainer | Learning rate changed from 0.000125 to 0.000063
2026-07-24 02:36:05 | INFO     | src.utils.checkpoint | Checkpoint saved to /Users/paulettamaunge/Documents/GitHub/Hackathon_PolyglotPioneers/models/checkpoints/last_checkpoint.pth
2026-07-24 02:36:05 | INFO     | src.utils.checkpoint | Training history saved to /Users/paulettamaunge/Documents/GitHub/Hackathon_PolyglotPioneers/models/training_history.json
2026-07-24 02:36:05 | INFO     | src.models.trainer | Epoch 35/100 | Train=0.111617 | Validation=0.120080 | MAE=0.311548 | RMSE=0.346525 | R²=-0.2561
2026-07-24 02:36:05 | INFO     | src.utils.checkpoint | Checkpoint saved to /Users/paulettamaunge/Documents/GitHub/Hackathon_PolyglotPioneers/models/checkpoints/last_checkpoint.pth
2026-07-24 02:36:05 | INFO     | src.utils.checkpoint | Training history saved to /Users/paulettamaunge/Documents/GitHub/Hackathon_PolyglotPioneers/models/training_history.json
2026-07-24 02:36:05 | INFO     | src.models.trainer | Epoch 36/100 | Train=0.109635 | Validation=0.119614 | MAE=0.310988 | RMSE=0.345852 | R²=-0.2513
2026-07-24 02:36:05 | INFO     | src.utils.checkpoint | Checkpoint saved to /Users/paulettamaunge/Documents/GitHub/Hackathon_PolyglotPioneers/models/checkpoints/last_checkpoint.pth
2026-07-24 02:36:05 | INFO     | src.utils.checkpoint | Training history saved to /Users/paulettamaunge/Documents/GitHub/Hackathon_PolyglotPioneers/models/training_history.json
2026-07-24 02:36:05 | INFO     | src.models.trainer | Epoch 37/100 | Train=0.116161 | Validation=0.119661 | MAE=0.311049 | RMSE=0.345920 | R²=-0.2518
2026-07-24 02:36:05 | INFO     | src.utils.checkpoint | Checkpoint saved to /Users/paulettamaunge/Documents/GitHub/Hackathon_PolyglotPioneers/models/checkpoints/last_checkpoint.pth
2026-07-24 02:36:05 | INFO     | src.utils.checkpoint | Training history saved to /Users/paulettamaunge/Documents/GitHub/Hackathon_PolyglotPioneers/models/training_history.json
2026-07-24 02:36:05 | INFO     | src.models.trainer | Epoch 38/100 | Train=0.123858 | Validation=0.119041 | MAE=0.310280 | RMSE=0.345023 | R²=-0.2453
2026-07-24 02:36:05 | INFO     | src.models.trainer | Early stopping triggered.
2026-07-24 02:36:05 | INFO     | src.models.trainer | Training finished. Best epoch: 23
2026-07-24 02:36:05 | INFO     | __main__ | Loading best model...
2026-07-24 02:36:05 | INFO     | src.utils.checkpoint | Checkpoint loaded from /Users/paulettamaunge/Documents/GitHub/Hackathon_PolyglotPioneers/models/checkpoints/best_lstm_model.pth
2026-07-24 02:36:05 | INFO     | src.models.trainer | Best model loaded.
2026-07-24 02:36:05 | INFO     | __main__ | Step 6/6 : Evaluating model
2026-07-24 02:36:05 | INFO     | src.models.trainer | Test metrics: {'mae': 1.4321095698823532, 'mse': 2.7551731841145246, 'rmse': 1.6598714360198277, 'r2': -2.501742038737925}
2026-07-24 02:36:05 | INFO     | __main__ | ================================================================================
2026-07-24 02:36:05 | INFO     | __main__ | FINAL TEST RESULTS
2026-07-24 02:36:05 | INFO     | __main__ | ================================================================================
2026-07-24 02:36:05 | INFO     | __main__ | MAE     : 1.432110
2026-07-24 02:36:05 | INFO     | __main__ | MSE     : 2.755173
2026-07-24 02:36:05 | INFO     | __main__ | RMSE    : 1.659871
2026-07-24 02:36:05 | INFO     | __main__ | R2      : -2.501742
2026-07-24 02:36:05 | INFO     | __main__ | ================================================================================
2026-07-24 02:36:05 | INFO     | __main__ | FORECASTING PIPELINE COMPLETED SUCCESSFULLY
2026-07-24 02:36:05 | INFO     | __main__ | ================================================================================
2026-07-24 02:46:27 | INFO     | __main__ | ================================================================================
2026-07-24 02:46:27 | INFO     | __main__ | FORECASTING PIPELINE STARTED
2026-07-24 02:46:27 | INFO     | __main__ | ================================================================================
2026-07-24 02:46:27 | INFO     | __main__ | Step 1/6 : Loading dataset
2026-07-24 02:46:27 | INFO     | src.data.data_loader | Loading dataset...
2026-07-24 02:46:27 | INFO     | src.data.data_loader | Dataset loaded successfully (276 rows × 10 columns)
2026-07-24 02:46:27 | INFO     | src.data.data_loader | Validating dataset...
2026-07-24 02:46:27 | INFO     | src.data.data_loader | No missing values detected.
2026-07-24 02:46:27 | INFO     | src.data.data_loader | Sorting by 'year_month'.
2026-07-24 02:46:27 | INFO     | src.data.data_loader | Discovered 6 input features.
2026-07-24 02:46:27 | INFO     | src.data.data_loader | ============================================================
2026-07-24 02:46:27 | INFO     | src.data.data_loader | Dataset Summary
2026-07-24 02:46:27 | INFO     | src.data.data_loader | ============================================================
2026-07-24 02:46:27 | INFO     | src.data.data_loader | Rows      : 276
2026-07-24 02:46:27 | INFO     | src.data.data_loader | Columns   : 10
2026-07-24 02:46:27 | INFO     | src.data.data_loader | Features  : 6
2026-07-24 02:46:27 | INFO     | src.data.data_loader | Target    : FAO_23014
2026-07-24 02:46:27 | INFO     | src.data.data_loader | ============================================================
2026-07-24 02:46:27 | INFO     | __main__ | Step 2/6 : Preprocessing dataset
2026-07-24 02:46:27 | INFO     | src.data.preprocessor | Splitting dataset chronologically...
2026-07-24 02:46:27 | INFO     | src.data.preprocessor | Train rows      : 193
2026-07-24 02:46:27 | INFO     | src.data.preprocessor | Validation rows : 41
2026-07-24 02:46:27 | INFO     | src.data.preprocessor | Test rows       : 42
2026-07-24 02:46:27 | INFO     | src.data.preprocessor | Fitting feature scaler on training data...
2026-07-24 02:46:27 | INFO     | src.data.preprocessor | Fitting target scaler on training data...
2026-07-24 02:46:27 | INFO     | src.data.preprocessor | Saving preprocessing artifacts...
2026-07-24 02:46:27 | INFO     | src.data.preprocessor | Metadata saved.
2026-07-24 02:46:27 | INFO     | src.data.preprocessor | Preprocessing pipeline completed successfully.
2026-07-24 02:46:27 | INFO     | __main__ | Step 3/6 : Building LSTM sequences
2026-07-24 02:46:27 | INFO     | src.models.sequence_builder | Building LSTM sequence datasets...
2026-07-24 02:46:27 | INFO     | src.models.sequence_builder | Creating sequences (window=12)...
2026-07-24 02:46:27 | INFO     | src.models.sequence_builder | Generated 181 sequences.
2026-07-24 02:46:27 | INFO     | src.models.sequence_builder | Sequence shape: (181, 12, 6)
2026-07-24 02:46:27 | INFO     | src.models.sequence_builder | Creating sequences (window=12)...
2026-07-24 02:46:27 | INFO     | src.models.sequence_builder | Generated 29 sequences.
2026-07-24 02:46:27 | INFO     | src.models.sequence_builder | Sequence shape: (29, 12, 6)
2026-07-24 02:46:27 | INFO     | src.models.sequence_builder | Creating sequences (window=12)...
2026-07-24 02:46:27 | INFO     | src.models.sequence_builder | Generated 30 sequences.
2026-07-24 02:46:27 | INFO     | src.models.sequence_builder | Sequence shape: (30, 12, 6)
2026-07-24 02:46:27 | INFO     | src.models.sequence_builder | y_train_seq min=-1.262985348701477, max=3.2605814933776855
2026-07-24 02:46:27 | INFO     | src.models.sequence_builder | y_val_seq min=-1.646776795387268, max=-0.7225300669670105
2026-07-24 02:46:27 | INFO     | src.models.sequence_builder | y_test_seq min=-1.1580467224121094, max=1.9002104997634888
2026-07-24 02:46:27 | INFO     | src.models.sequence_builder | y_val_seq NaNs=0, Infs=0
2026-07-24 02:46:27 | INFO     | src.models.sequence_builder | Sequence generation completed successfully.
2026-07-24 02:46:27 | INFO     | src.models.sequence_builder | Input size: 6
2026-07-24 02:46:27 | INFO     | __main__ | Step 4/6 : Initialising trainer
2026-07-24 02:46:27 | INFO     | src.models.trainer | Initialising trainer...
2026-07-24 02:46:27 | WARNING  | src.models.trainer | MPS backend detected; falling back to CPU because it can produce unstable training results on this project.
2026-07-24 02:46:27 | INFO     | src.models.trainer | Training device: cpu
2026-07-24 02:46:27 | INFO     | src.models.trainer | SequenceData y_train: min=-1.262985348701477, max=3.2605814933776855
2026-07-24 02:46:27 | INFO     | src.models.trainer | SequenceData y_validation: min=-1.646776795387268, max=-0.7225300669670105
2026-07-24 02:46:27 | INFO     | src.models.trainer | SequenceData y_test: min=-1.1580467224121094, max=1.9002104997634888
2026-07-24 02:46:27 | INFO     | src.data.dataset | Dataset created with 181 samples.
2026-07-24 02:46:27 | INFO     | src.data.dataset | Dataset created with 29 samples.
2026-07-24 02:46:27 | INFO     | src.data.dataset | Dataset created with 30 samples.
2026-07-24 02:46:28 | INFO     | src.models.trainer | Trainer initialised successfully.
2026-07-24 02:46:28 | INFO     | src.utils.checkpoint | Checkpoint loaded from /Users/paulettamaunge/Documents/GitHub/Hackathon_PolyglotPioneers/models/checkpoints/last_checkpoint.pth
2026-07-24 02:46:28 | INFO     | src.models.trainer | Resuming from epoch 38
2026-07-24 02:46:28 | INFO     | __main__ | Step 5/6 : Training model
2026-07-24 02:46:28 | INFO     | src.models.trainer | Starting training...
2026-07-24 02:46:28 | INFO     | src.utils.checkpoint | Checkpoint saved to /Users/paulettamaunge/Documents/GitHub/Hackathon_PolyglotPioneers/models/checkpoints/last_checkpoint.pth
2026-07-24 02:46:28 | INFO     | src.utils.checkpoint | Checkpoint saved to /Users/paulettamaunge/Documents/GitHub/Hackathon_PolyglotPioneers/models/checkpoints/best_lstm_model.pth
2026-07-24 02:46:28 | INFO     | src.utils.checkpoint | Training history saved to /Users/paulettamaunge/Documents/GitHub/Hackathon_PolyglotPioneers/models/training_history.json
2026-07-24 02:46:28 | INFO     | src.models.trainer | Epoch 39/100 | Train=0.111285 | Validation=0.118549 | MAE=0.309665 | RMSE=0.344310 | R²=-0.2401
2026-07-24 02:46:28 | INFO     | src.utils.checkpoint | Checkpoint saved to /Users/paulettamaunge/Documents/GitHub/Hackathon_PolyglotPioneers/models/checkpoints/last_checkpoint.pth
2026-07-24 02:46:28 | INFO     | src.utils.checkpoint | Training history saved to /Users/paulettamaunge/Documents/GitHub/Hackathon_PolyglotPioneers/models/training_history.json
2026-07-24 02:46:28 | INFO     | src.models.trainer | Epoch 40/100 | Train=0.098804 | Validation=0.118586 | MAE=0.309714 | RMSE=0.344363 | R²=-0.2405
2026-07-24 02:46:28 | INFO     | src.models.trainer | Learning rate changed from 0.000063 to 0.000031
2026-07-24 02:46:28 | INFO     | src.utils.checkpoint | Checkpoint saved to /Users/paulettamaunge/Documents/GitHub/Hackathon_PolyglotPioneers/models/checkpoints/last_checkpoint.pth
2026-07-24 02:46:28 | INFO     | src.utils.checkpoint | Checkpoint saved to /Users/paulettamaunge/Documents/GitHub/Hackathon_PolyglotPioneers/models/checkpoints/best_lstm_model.pth
2026-07-24 02:46:28 | INFO     | src.utils.checkpoint | Training history saved to /Users/paulettamaunge/Documents/GitHub/Hackathon_PolyglotPioneers/models/training_history.json
2026-07-24 02:46:28 | INFO     | src.models.trainer | Epoch 41/100 | Train=0.102926 | Validation=0.118136 | MAE=0.309150 | RMSE=0.343709 | R²=-0.2358
2026-07-24 02:46:28 | INFO     | src.utils.checkpoint | Checkpoint saved to /Users/paulettamaunge/Documents/GitHub/Hackathon_PolyglotPioneers/models/checkpoints/last_checkpoint.pth
2026-07-24 02:46:28 | INFO     | src.utils.checkpoint | Checkpoint saved to /Users/paulettamaunge/Documents/GitHub/Hackathon_PolyglotPioneers/models/checkpoints/best_lstm_model.pth
2026-07-24 02:46:28 | INFO     | src.utils.checkpoint | Training history saved to /Users/paulettamaunge/Documents/GitHub/Hackathon_PolyglotPioneers/models/training_history.json
2026-07-24 02:46:28 | INFO     | src.models.trainer | Epoch 42/100 | Train=0.106453 | Validation=0.118071 | MAE=0.309082 | RMSE=0.343615 | R²=-0.2351
2026-07-24 02:46:28 | INFO     | src.utils.checkpoint | Checkpoint saved to /Users/paulettamaunge/Documents/GitHub/Hackathon_PolyglotPioneers/models/checkpoints/last_checkpoint.pth
2026-07-24 02:46:28 | INFO     | src.utils.checkpoint | Checkpoint saved to /Users/paulettamaunge/Documents/GitHub/Hackathon_PolyglotPioneers/models/checkpoints/best_lstm_model.pth
2026-07-24 02:46:28 | INFO     | src.utils.checkpoint | Training history saved to /Users/paulettamaunge/Documents/GitHub/Hackathon_PolyglotPioneers/models/training_history.json
2026-07-24 02:46:28 | INFO     | src.models.trainer | Epoch 43/100 | Train=0.105091 | Validation=0.117854 | MAE=0.308856 | RMSE=0.343299 | R²=-0.2329
2026-07-24 02:46:28 | INFO     | src.utils.checkpoint | Checkpoint saved to /Users/paulettamaunge/Documents/GitHub/Hackathon_PolyglotPioneers/models/checkpoints/last_checkpoint.pth
2026-07-24 02:46:28 | INFO     | src.utils.checkpoint | Checkpoint saved to /Users/paulettamaunge/Documents/GitHub/Hackathon_PolyglotPioneers/models/checkpoints/best_lstm_model.pth
2026-07-24 02:46:28 | INFO     | src.utils.checkpoint | Training history saved to /Users/paulettamaunge/Documents/GitHub/Hackathon_PolyglotPioneers/models/training_history.json
2026-07-24 02:46:28 | INFO     | src.models.trainer | Epoch 44/100 | Train=0.102749 | Validation=0.117737 | MAE=0.308732 | RMSE=0.343128 | R²=-0.2316
2026-07-24 02:46:28 | INFO     | src.utils.checkpoint | Checkpoint saved to /Users/paulettamaunge/Documents/GitHub/Hackathon_PolyglotPioneers/models/checkpoints/last_checkpoint.pth
2026-07-24 02:46:28 | INFO     | src.utils.checkpoint | Training history saved to /Users/paulettamaunge/Documents/GitHub/Hackathon_PolyglotPioneers/models/training_history.json
2026-07-24 02:46:28 | INFO     | src.models.trainer | Epoch 45/100 | Train=0.103846 | Validation=0.118242 | MAE=0.309276 | RMSE=0.343863 | R²=-0.2369
2026-07-24 02:46:28 | INFO     | src.utils.checkpoint | Checkpoint saved to /Users/paulettamaunge/Documents/GitHub/Hackathon_PolyglotPioneers/models/checkpoints/last_checkpoint.pth
2026-07-24 02:46:28 | INFO     | src.utils.checkpoint | Training history saved to /Users/paulettamaunge/Documents/GitHub/Hackathon_PolyglotPioneers/models/training_history.json
2026-07-24 02:46:28 | INFO     | src.models.trainer | Epoch 46/100 | Train=0.103170 | Validation=0.118530 | MAE=0.309652 | RMSE=0.344282 | R²=-0.2399
2026-07-24 02:46:28 | INFO     | src.models.trainer | Learning rate changed from 0.000031 to 0.000016
2026-07-24 02:46:28 | INFO     | src.utils.checkpoint | Checkpoint saved to /Users/paulettamaunge/Documents/GitHub/Hackathon_PolyglotPioneers/models/checkpoints/last_checkpoint.pth
2026-07-24 02:46:28 | INFO     | src.utils.checkpoint | Training history saved to /Users/paulettamaunge/Documents/GitHub/Hackathon_PolyglotPioneers/models/training_history.json
2026-07-24 02:46:28 | INFO     | src.models.trainer | Epoch 47/100 | Train=0.104503 | Validation=0.118501 | MAE=0.309611 | RMSE=0.344239 | R²=-0.2396
2026-07-24 02:46:28 | INFO     | src.utils.checkpoint | Checkpoint saved to /Users/paulettamaunge/Documents/GitHub/Hackathon_PolyglotPioneers/models/checkpoints/last_checkpoint.pth
2026-07-24 02:46:28 | INFO     | src.utils.checkpoint | Training history saved to /Users/paulettamaunge/Documents/GitHub/Hackathon_PolyglotPioneers/models/training_history.json
2026-07-24 02:46:28 | INFO     | src.models.trainer | Epoch 48/100 | Train=0.094520 | Validation=0.118436 | MAE=0.309525 | RMSE=0.344145 | R²=-0.2389
2026-07-24 02:46:28 | INFO     | src.utils.checkpoint | Checkpoint saved to /Users/paulettamaunge/Documents/GitHub/Hackathon_PolyglotPioneers/models/checkpoints/last_checkpoint.pth
2026-07-24 02:46:28 | INFO     | src.utils.checkpoint | Training history saved to /Users/paulettamaunge/Documents/GitHub/Hackathon_PolyglotPioneers/models/training_history.json
2026-07-24 02:46:28 | INFO     | src.models.trainer | Epoch 49/100 | Train=0.097920 | Validation=0.118553 | MAE=0.309677 | RMSE=0.344315 | R²=-0.2402
2026-07-24 02:46:28 | INFO     | src.utils.checkpoint | Checkpoint saved to /Users/paulettamaunge/Documents/GitHub/Hackathon_PolyglotPioneers/models/checkpoints/last_checkpoint.pth
2026-07-24 02:46:28 | INFO     | src.utils.checkpoint | Training history saved to /Users/paulettamaunge/Documents/GitHub/Hackathon_PolyglotPioneers/models/training_history.json
2026-07-24 02:46:28 | INFO     | src.models.trainer | Epoch 50/100 | Train=0.111840 | Validation=0.118656 | MAE=0.309811 | RMSE=0.344465 | R²=-0.2412
2026-07-24 02:46:28 | INFO     | src.utils.checkpoint | Checkpoint saved to /Users/paulettamaunge/Documents/GitHub/Hackathon_PolyglotPioneers/models/checkpoints/last_checkpoint.pth
2026-07-24 02:46:28 | INFO     | src.utils.checkpoint | Training history saved to /Users/paulettamaunge/Documents/GitHub/Hackathon_PolyglotPioneers/models/training_history.json
2026-07-24 02:46:29 | INFO     | src.models.trainer | Epoch 51/100 | Train=0.098152 | Validation=0.118717 | MAE=0.309890 | RMSE=0.344554 | R²=-0.2419
2026-07-24 02:46:29 | INFO     | src.utils.checkpoint | Checkpoint saved to /Users/paulettamaunge/Documents/GitHub/Hackathon_PolyglotPioneers/models/checkpoints/last_checkpoint.pth
2026-07-24 02:46:29 | INFO     | src.utils.checkpoint | Training history saved to /Users/paulettamaunge/Documents/GitHub/Hackathon_PolyglotPioneers/models/training_history.json
2026-07-24 02:46:29 | INFO     | src.models.trainer | Epoch 52/100 | Train=0.098512 | Validation=0.118793 | MAE=0.309988 | RMSE=0.344664 | R²=-0.2427
2026-07-24 02:46:29 | INFO     | src.models.trainer | Learning rate changed from 0.000016 to 0.000008
2026-07-24 02:46:29 | INFO     | src.utils.checkpoint | Checkpoint saved to /Users/paulettamaunge/Documents/GitHub/Hackathon_PolyglotPioneers/models/checkpoints/last_checkpoint.pth
2026-07-24 02:46:29 | INFO     | src.utils.checkpoint | Training history saved to /Users/paulettamaunge/Documents/GitHub/Hackathon_PolyglotPioneers/models/training_history.json
2026-07-24 02:46:29 | INFO     | src.models.trainer | Epoch 53/100 | Train=0.098318 | Validation=0.118769 | MAE=0.309958 | RMSE=0.344629 | R²=-0.2424
2026-07-24 02:46:29 | INFO     | src.utils.checkpoint | Checkpoint saved to /Users/paulettamaunge/Documents/GitHub/Hackathon_PolyglotPioneers/models/checkpoints/last_checkpoint.pth
2026-07-24 02:46:29 | INFO     | src.utils.checkpoint | Training history saved to /Users/paulettamaunge/Documents/GitHub/Hackathon_PolyglotPioneers/models/training_history.json
2026-07-24 02:46:29 | INFO     | src.models.trainer | Epoch 54/100 | Train=0.105637 | Validation=0.118776 | MAE=0.309967 | RMSE=0.344640 | R²=-0.2425
2026-07-24 02:46:29 | INFO     | src.utils.checkpoint | Checkpoint saved to /Users/paulettamaunge/Documents/GitHub/Hackathon_PolyglotPioneers/models/checkpoints/last_checkpoint.pth
2026-07-24 02:46:29 | INFO     | src.utils.checkpoint | Training history saved to /Users/paulettamaunge/Documents/GitHub/Hackathon_PolyglotPioneers/models/training_history.json
2026-07-24 02:46:29 | INFO     | src.models.trainer | Epoch 55/100 | Train=0.097629 | Validation=0.118827 | MAE=0.310031 | RMSE=0.344712 | R²=-0.2430
2026-07-24 02:46:29 | INFO     | src.utils.checkpoint | Checkpoint saved to /Users/paulettamaunge/Documents/GitHub/Hackathon_PolyglotPioneers/models/checkpoints/last_checkpoint.pth
2026-07-24 02:46:29 | INFO     | src.utils.checkpoint | Training history saved to /Users/paulettamaunge/Documents/GitHub/Hackathon_PolyglotPioneers/models/training_history.json
2026-07-24 02:46:29 | INFO     | src.models.trainer | Epoch 56/100 | Train=0.106872 | Validation=0.118901 | MAE=0.310127 | RMSE=0.344820 | R²=-0.2438
2026-07-24 02:46:29 | INFO     | src.utils.checkpoint | Checkpoint saved to /Users/paulettamaunge/Documents/GitHub/Hackathon_PolyglotPioneers/models/checkpoints/last_checkpoint.pth
2026-07-24 02:46:29 | INFO     | src.utils.checkpoint | Training history saved to /Users/paulettamaunge/Documents/GitHub/Hackathon_PolyglotPioneers/models/training_history.json
2026-07-24 02:46:29 | INFO     | src.models.trainer | Epoch 57/100 | Train=0.098166 | Validation=0.118881 | MAE=0.310102 | RMSE=0.344791 | R²=-0.2436
2026-07-24 02:46:29 | INFO     | src.utils.checkpoint | Checkpoint saved to /Users/paulettamaunge/Documents/GitHub/Hackathon_PolyglotPioneers/models/checkpoints/last_checkpoint.pth
2026-07-24 02:46:29 | INFO     | src.utils.checkpoint | Training history saved to /Users/paulettamaunge/Documents/GitHub/Hackathon_PolyglotPioneers/models/training_history.json
2026-07-24 02:46:29 | INFO     | src.models.trainer | Epoch 58/100 | Train=0.099408 | Validation=0.118884 | MAE=0.310107 | RMSE=0.344796 | R²=-0.2436
2026-07-24 02:46:29 | INFO     | src.models.trainer | Learning rate changed from 0.000008 to 0.000004
2026-07-24 02:46:29 | INFO     | src.utils.checkpoint | Checkpoint saved to /Users/paulettamaunge/Documents/GitHub/Hackathon_PolyglotPioneers/models/checkpoints/last_checkpoint.pth
2026-07-24 02:46:29 | INFO     | src.utils.checkpoint | Training history saved to /Users/paulettamaunge/Documents/GitHub/Hackathon_PolyglotPioneers/models/training_history.json
2026-07-24 02:46:29 | INFO     | src.models.trainer | Epoch 59/100 | Train=0.106235 | Validation=0.118948 | MAE=0.310189 | RMSE=0.344888 | R²=-0.2443
2026-07-24 02:46:29 | INFO     | src.models.trainer | Early stopping triggered.
2026-07-24 02:46:29 | INFO     | src.models.trainer | Training finished. Best epoch: 44
2026-07-24 02:46:29 | INFO     | __main__ | Loading best model...
2026-07-24 02:46:29 | INFO     | src.utils.checkpoint | Checkpoint loaded from /Users/paulettamaunge/Documents/GitHub/Hackathon_PolyglotPioneers/models/checkpoints/best_lstm_model.pth
2026-07-24 02:46:29 | INFO     | src.models.trainer | Best model loaded.
2026-07-24 02:46:29 | INFO     | __main__ | Step 6/6 : Evaluating model
2026-07-24 02:46:29 | INFO     | src.models.trainer | Predictions: min=-1.1931, max=-0.8651, mean=-1.0485
2026-07-24 02:46:29 | INFO     | src.models.trainer | Targets: min=-1.1580, max=1.9002, mean=0.4756
2026-07-24 02:46:29 | INFO     | src.models.trainer | First 10 predictions: [-1.1245881 -1.1266271 -1.1252348 -1.1233474 -1.144839  -1.1591194
 -1.1757917 -1.1930902 -1.1777234 -1.1631806]
2026-07-24 02:46:29 | INFO     | src.models.trainer | First 10 targets: [-0.18336818 -0.2226519  -0.21740645 -0.1309263  -0.14575772 -0.05156028
 -0.08376345 -0.14006779 -0.7410532  -1.1580467 ]
2026-07-24 02:46:29 | INFO     | src.models.trainer | Test metrics: {'mae': 1.5240205321460962, 'mse': 3.0658521704338693, 'rmse': 1.7509575010358958, 'r2': -2.896605662273291}
2026-07-24 02:46:29 | INFO     | __main__ | ================================================================================
2026-07-24 02:46:29 | INFO     | __main__ | FINAL TEST RESULTS
2026-07-24 02:46:29 | INFO     | __main__ | ================================================================================
2026-07-24 02:46:29 | INFO     | __main__ | MAE     : 1.524021
2026-07-24 02:46:29 | INFO     | __main__ | MSE     : 3.065852
2026-07-24 02:46:29 | INFO     | __main__ | RMSE    : 1.750958
2026-07-24 02:46:29 | INFO     | __main__ | R2      : -2.896606
2026-07-24 02:46:29 | INFO     | __main__ | ================================================================================
2026-07-24 02:46:29 | INFO     | __main__ | FORECASTING PIPELINE COMPLETED SUCCESSFULLY
2026-07-24 02:46:29 | INFO     | __main__ | ================================================================================
2026-07-24 02:48:30 | INFO     | __main__ | ================================================================================
2026-07-24 02:48:30 | INFO     | __main__ | FORECASTING PIPELINE STARTED
2026-07-24 02:48:30 | INFO     | __main__ | ================================================================================
2026-07-24 02:48:30 | INFO     | __main__ | Step 1/6 : Loading dataset
2026-07-24 02:48:30 | INFO     | src.data.data_loader | Loading dataset...
2026-07-24 02:48:30 | INFO     | src.data.data_loader | Dataset loaded successfully (276 rows × 10 columns)
2026-07-24 02:48:30 | INFO     | src.data.data_loader | Validating dataset...
2026-07-24 02:48:30 | INFO     | src.data.data_loader | No missing values detected.
2026-07-24 02:48:30 | INFO     | src.data.data_loader | Sorting by 'year_month'.
2026-07-24 02:48:30 | INFO     | src.data.data_loader | Discovered 6 input features.
2026-07-24 02:48:30 | INFO     | src.data.data_loader | ============================================================
2026-07-24 02:48:30 | INFO     | src.data.data_loader | Dataset Summary
2026-07-24 02:48:30 | INFO     | src.data.data_loader | ============================================================
2026-07-24 02:48:30 | INFO     | src.data.data_loader | Rows      : 276
2026-07-24 02:48:30 | INFO     | src.data.data_loader | Columns   : 10
2026-07-24 02:48:30 | INFO     | src.data.data_loader | Features  : 6
2026-07-24 02:48:30 | INFO     | src.data.data_loader | Target    : FAO_23014
2026-07-24 02:48:30 | INFO     | src.data.data_loader | ============================================================
2026-07-24 02:48:30 | INFO     | __main__ | Step 2/6 : Preprocessing dataset
2026-07-24 02:48:30 | INFO     | src.data.preprocessor | Splitting dataset chronologically...
2026-07-24 02:48:30 | INFO     | src.data.preprocessor | Train rows      : 193
2026-07-24 02:48:30 | INFO     | src.data.preprocessor | Validation rows : 41
2026-07-24 02:48:30 | INFO     | src.data.preprocessor | Test rows       : 42
2026-07-24 02:48:30 | INFO     | src.data.preprocessor | Fitting feature scaler on training data...
2026-07-24 02:48:30 | INFO     | src.data.preprocessor | Fitting target scaler on training data...
2026-07-24 02:48:30 | INFO     | src.data.preprocessor | Saving preprocessing artifacts...
2026-07-24 02:48:30 | INFO     | src.data.preprocessor | Metadata saved.
2026-07-24 02:48:30 | INFO     | src.data.preprocessor | Preprocessing pipeline completed successfully.
2026-07-24 02:48:30 | INFO     | __main__ | Step 3/6 : Building LSTM sequences
2026-07-24 02:48:30 | INFO     | src.models.sequence_builder | Building LSTM sequence datasets...
2026-07-24 02:48:30 | INFO     | src.models.sequence_builder | Creating sequences (window=12)...
2026-07-24 02:48:30 | INFO     | src.models.sequence_builder | Generated 181 sequences.
2026-07-24 02:48:30 | INFO     | src.models.sequence_builder | Sequence shape: (181, 12, 6)
2026-07-24 02:48:30 | INFO     | src.models.sequence_builder | Creating sequences (window=12)...
2026-07-24 02:48:30 | INFO     | src.models.sequence_builder | Generated 29 sequences.
2026-07-24 02:48:30 | INFO     | src.models.sequence_builder | Sequence shape: (29, 12, 6)
2026-07-24 02:48:30 | INFO     | src.models.sequence_builder | Creating sequences (window=12)...
2026-07-24 02:48:30 | INFO     | src.models.sequence_builder | Generated 30 sequences.
2026-07-24 02:48:30 | INFO     | src.models.sequence_builder | Sequence shape: (30, 12, 6)
2026-07-24 02:48:30 | INFO     | src.models.sequence_builder | y_train_seq min=-1.262985348701477, max=3.2605814933776855
2026-07-24 02:48:30 | INFO     | src.models.sequence_builder | y_val_seq min=-1.646776795387268, max=-0.7225300669670105
2026-07-24 02:48:30 | INFO     | src.models.sequence_builder | y_test_seq min=-1.1580467224121094, max=1.9002104997634888
2026-07-24 02:48:30 | INFO     | src.models.sequence_builder | y_val_seq NaNs=0, Infs=0
2026-07-24 02:48:30 | INFO     | src.models.sequence_builder | Sequence generation completed successfully.
2026-07-24 02:48:30 | INFO     | src.models.sequence_builder | Input size: 6
2026-07-24 02:48:30 | INFO     | __main__ | Step 4/6 : Initialising trainer
2026-07-24 02:48:30 | INFO     | src.models.trainer | Initialising trainer...
2026-07-24 02:48:30 | WARNING  | src.models.trainer | MPS backend detected; falling back to CPU because it can produce unstable training results on this project.
2026-07-24 02:48:30 | INFO     | src.models.trainer | Training device: cpu
2026-07-24 02:48:30 | INFO     | src.models.trainer | SequenceData y_train: min=-1.262985348701477, max=3.2605814933776855
2026-07-24 02:48:30 | INFO     | src.models.trainer | SequenceData y_validation: min=-1.646776795387268, max=-0.7225300669670105
2026-07-24 02:48:30 | INFO     | src.models.trainer | SequenceData y_test: min=-1.1580467224121094, max=1.9002104997634888
2026-07-24 02:48:30 | INFO     | src.data.dataset | Dataset created with 181 samples.
2026-07-24 02:48:30 | INFO     | src.data.dataset | Dataset created with 29 samples.
2026-07-24 02:48:30 | INFO     | src.data.dataset | Dataset created with 30 samples.
2026-07-24 02:48:31 | INFO     | src.models.trainer | Trainer initialised successfully.
2026-07-24 02:48:31 | INFO     | src.utils.checkpoint | Checkpoint loaded from /Users/paulettamaunge/Documents/GitHub/Hackathon_PolyglotPioneers/models/checkpoints/last_checkpoint.pth
2026-07-24 02:48:31 | INFO     | src.models.trainer | Resuming from epoch 59
2026-07-24 02:48:31 | INFO     | __main__ | Step 5/6 : Training model
2026-07-24 02:48:31 | INFO     | src.models.trainer | Starting training...
2026-07-24 02:48:31 | INFO     | src.utils.checkpoint | Checkpoint saved to /Users/paulettamaunge/Documents/GitHub/Hackathon_PolyglotPioneers/models/checkpoints/last_checkpoint.pth
2026-07-24 02:48:31 | INFO     | src.utils.checkpoint | Checkpoint saved to /Users/paulettamaunge/Documents/GitHub/Hackathon_PolyglotPioneers/models/checkpoints/best_lstm_model.pth
2026-07-24 02:48:31 | INFO     | src.utils.checkpoint | Training history saved to /Users/paulettamaunge/Documents/GitHub/Hackathon_PolyglotPioneers/models/training_history.json
2026-07-24 02:48:31 | INFO     | src.models.trainer | Epoch 60/100 | Train=0.103381 | Validation=0.118876 | MAE=0.310096 | RMSE=0.344784 | R²=-0.2435
2026-07-24 02:48:31 | INFO     | src.utils.checkpoint | Checkpoint saved to /Users/paulettamaunge/Documents/GitHub/Hackathon_PolyglotPioneers/models/checkpoints/last_checkpoint.pth
2026-07-24 02:48:31 | INFO     | src.utils.checkpoint | Checkpoint saved to /Users/paulettamaunge/Documents/GitHub/Hackathon_PolyglotPioneers/models/checkpoints/best_lstm_model.pth
2026-07-24 02:48:31 | INFO     | src.utils.checkpoint | Training history saved to /Users/paulettamaunge/Documents/GitHub/Hackathon_PolyglotPioneers/models/training_history.json
2026-07-24 02:48:31 | INFO     | src.models.trainer | Epoch 61/100 | Train=0.092191 | Validation=0.118865 | MAE=0.310082 | RMSE=0.344768 | R²=-0.2434
2026-07-24 02:48:31 | INFO     | src.utils.checkpoint | Checkpoint saved to /Users/paulettamaunge/Documents/GitHub/Hackathon_PolyglotPioneers/models/checkpoints/last_checkpoint.pth
2026-07-24 02:48:31 | INFO     | src.utils.checkpoint | Checkpoint saved to /Users/paulettamaunge/Documents/GitHub/Hackathon_PolyglotPioneers/models/checkpoints/best_lstm_model.pth
2026-07-24 02:48:31 | INFO     | src.utils.checkpoint | Training history saved to /Users/paulettamaunge/Documents/GitHub/Hackathon_PolyglotPioneers/models/training_history.json
2026-07-24 02:48:31 | INFO     | src.models.trainer | Epoch 62/100 | Train=0.096992 | Validation=0.118834 | MAE=0.310043 | RMSE=0.344723 | R²=-0.2431
2026-07-24 02:48:31 | INFO     | src.utils.checkpoint | Checkpoint saved to /Users/paulettamaunge/Documents/GitHub/Hackathon_PolyglotPioneers/models/checkpoints/last_checkpoint.pth
2026-07-24 02:48:31 | INFO     | src.utils.checkpoint | Checkpoint saved to /Users/paulettamaunge/Documents/GitHub/Hackathon_PolyglotPioneers/models/checkpoints/best_lstm_model.pth
2026-07-24 02:48:31 | INFO     | src.utils.checkpoint | Training history saved to /Users/paulettamaunge/Documents/GitHub/Hackathon_PolyglotPioneers/models/training_history.json
2026-07-24 02:48:31 | INFO     | src.models.trainer | Epoch 63/100 | Train=0.101830 | Validation=0.118826 | MAE=0.310033 | RMSE=0.344712 | R²=-0.2430
2026-07-24 02:48:31 | INFO     | src.utils.checkpoint | Checkpoint saved to /Users/paulettamaunge/Documents/GitHub/Hackathon_PolyglotPioneers/models/checkpoints/last_checkpoint.pth
2026-07-24 02:48:31 | INFO     | src.utils.checkpoint | Checkpoint saved to /Users/paulettamaunge/Documents/GitHub/Hackathon_PolyglotPioneers/models/checkpoints/best_lstm_model.pth
2026-07-24 02:48:31 | INFO     | src.utils.checkpoint | Training history saved to /Users/paulettamaunge/Documents/GitHub/Hackathon_PolyglotPioneers/models/training_history.json
2026-07-24 02:48:31 | INFO     | src.models.trainer | Epoch 64/100 | Train=0.100491 | Validation=0.118797 | MAE=0.309995 | RMSE=0.344669 | R²=-0.2427
2026-07-24 02:48:32 | INFO     | src.models.trainer | Learning rate changed from 0.000004 to 0.000002
2026-07-24 02:48:32 | INFO     | src.utils.checkpoint | Checkpoint saved to /Users/paulettamaunge/Documents/GitHub/Hackathon_PolyglotPioneers/models/checkpoints/last_checkpoint.pth
2026-07-24 02:48:32 | INFO     | src.utils.checkpoint | Checkpoint saved to /Users/paulettamaunge/Documents/GitHub/Hackathon_PolyglotPioneers/models/checkpoints/best_lstm_model.pth
2026-07-24 02:48:32 | INFO     | src.utils.checkpoint | Training history saved to /Users/paulettamaunge/Documents/GitHub/Hackathon_PolyglotPioneers/models/training_history.json
2026-07-24 02:48:32 | INFO     | src.models.trainer | Epoch 65/100 | Train=0.098772 | Validation=0.118776 | MAE=0.309968 | RMSE=0.344639 | R²=-0.2425
2026-07-24 02:48:32 | INFO     | src.utils.checkpoint | Checkpoint saved to /Users/paulettamaunge/Documents/GitHub/Hackathon_PolyglotPioneers/models/checkpoints/last_checkpoint.pth
2026-07-24 02:48:32 | INFO     | src.utils.checkpoint | Training history saved to /Users/paulettamaunge/Documents/GitHub/Hackathon_PolyglotPioneers/models/training_history.json
2026-07-24 02:48:32 | INFO     | src.models.trainer | Epoch 66/100 | Train=0.100140 | Validation=0.118806 | MAE=0.310006 | RMSE=0.344682 | R²=-0.2428
2026-07-24 02:48:32 | INFO     | src.utils.checkpoint | Checkpoint saved to /Users/paulettamaunge/Documents/GitHub/Hackathon_PolyglotPioneers/models/checkpoints/last_checkpoint.pth
2026-07-24 02:48:32 | INFO     | src.utils.checkpoint | Training history saved to /Users/paulettamaunge/Documents/GitHub/Hackathon_PolyglotPioneers/models/training_history.json
2026-07-24 02:48:32 | INFO     | src.models.trainer | Epoch 67/100 | Train=0.100117 | Validation=0.118823 | MAE=0.310028 | RMSE=0.344706 | R²=-0.2430
2026-07-24 02:48:32 | INFO     | src.utils.checkpoint | Checkpoint saved to /Users/paulettamaunge/Documents/GitHub/Hackathon_PolyglotPioneers/models/checkpoints/last_checkpoint.pth
2026-07-24 02:48:32 | INFO     | src.utils.checkpoint | Training history saved to /Users/paulettamaunge/Documents/GitHub/Hackathon_PolyglotPioneers/models/training_history.json
2026-07-24 02:48:32 | INFO     | src.models.trainer | Epoch 68/100 | Train=0.101826 | Validation=0.118821 | MAE=0.310025 | RMSE=0.344704 | R²=-0.2430
2026-07-24 02:48:32 | INFO     | src.utils.checkpoint | Checkpoint saved to /Users/paulettamaunge/Documents/GitHub/Hackathon_PolyglotPioneers/models/checkpoints/last_checkpoint.pth
2026-07-24 02:48:32 | INFO     | src.utils.checkpoint | Training history saved to /Users/paulettamaunge/Documents/GitHub/Hackathon_PolyglotPioneers/models/training_history.json
2026-07-24 02:48:32 | INFO     | src.models.trainer | Epoch 69/100 | Train=0.092269 | Validation=0.118810 | MAE=0.310012 | RMSE=0.344689 | R²=-0.2429
2026-07-24 02:48:32 | INFO     | src.utils.checkpoint | Checkpoint saved to /Users/paulettamaunge/Documents/GitHub/Hackathon_PolyglotPioneers/models/checkpoints/last_checkpoint.pth
2026-07-24 02:48:32 | INFO     | src.utils.checkpoint | Training history saved to /Users/paulettamaunge/Documents/GitHub/Hackathon_PolyglotPioneers/models/training_history.json
2026-07-24 02:48:32 | INFO     | src.models.trainer | Epoch 70/100 | Train=0.095844 | Validation=0.118820 | MAE=0.310024 | RMSE=0.344703 | R²=-0.2430
2026-07-24 02:48:32 | INFO     | src.models.trainer | Learning rate changed from 0.000002 to 0.000001
2026-07-24 02:48:32 | INFO     | src.utils.checkpoint | Checkpoint saved to /Users/paulettamaunge/Documents/GitHub/Hackathon_PolyglotPioneers/models/checkpoints/last_checkpoint.pth
2026-07-24 02:48:32 | INFO     | src.utils.checkpoint | Training history saved to /Users/paulettamaunge/Documents/GitHub/Hackathon_PolyglotPioneers/models/training_history.json
2026-07-24 02:48:32 | INFO     | src.models.trainer | Epoch 71/100 | Train=0.109843 | Validation=0.118827 | MAE=0.310033 | RMSE=0.344713 | R²=-0.2430
2026-07-24 02:48:32 | INFO     | src.utils.checkpoint | Checkpoint saved to /Users/paulettamaunge/Documents/GitHub/Hackathon_PolyglotPioneers/models/checkpoints/last_checkpoint.pth
2026-07-24 02:48:32 | INFO     | src.utils.checkpoint | Training history saved to /Users/paulettamaunge/Documents/GitHub/Hackathon_PolyglotPioneers/models/training_history.json
2026-07-24 02:48:32 | INFO     | src.models.trainer | Epoch 72/100 | Train=0.096424 | Validation=0.118828 | MAE=0.310034 | RMSE=0.344714 | R²=-0.2430
2026-07-24 02:48:32 | INFO     | src.utils.checkpoint | Checkpoint saved to /Users/paulettamaunge/Documents/GitHub/Hackathon_PolyglotPioneers/models/checkpoints/last_checkpoint.pth
2026-07-24 02:48:32 | INFO     | src.utils.checkpoint | Training history saved to /Users/paulettamaunge/Documents/GitHub/Hackathon_PolyglotPioneers/models/training_history.json
2026-07-24 02:48:32 | INFO     | src.models.trainer | Epoch 73/100 | Train=0.097014 | Validation=0.118830 | MAE=0.310037 | RMSE=0.344717 | R²=-0.2431
2026-07-24 02:48:32 | INFO     | src.utils.checkpoint | Checkpoint saved to /Users/paulettamaunge/Documents/GitHub/Hackathon_PolyglotPioneers/models/checkpoints/last_checkpoint.pth
2026-07-24 02:48:32 | INFO     | src.utils.checkpoint | Training history saved to /Users/paulettamaunge/Documents/GitHub/Hackathon_PolyglotPioneers/models/training_history.json
2026-07-24 02:48:32 | INFO     | src.models.trainer | Epoch 74/100 | Train=0.097002 | Validation=0.118827 | MAE=0.310033 | RMSE=0.344713 | R²=-0.2430
2026-07-24 02:48:32 | INFO     | src.utils.checkpoint | Checkpoint saved to /Users/paulettamaunge/Documents/GitHub/Hackathon_PolyglotPioneers/models/checkpoints/last_checkpoint.pth
2026-07-24 02:48:32 | INFO     | src.utils.checkpoint | Training history saved to /Users/paulettamaunge/Documents/GitHub/Hackathon_PolyglotPioneers/models/training_history.json
2026-07-24 02:48:32 | INFO     | src.models.trainer | Epoch 75/100 | Train=0.104461 | Validation=0.118827 | MAE=0.310033 | RMSE=0.344712 | R²=-0.2430
2026-07-24 02:48:32 | INFO     | src.utils.checkpoint | Checkpoint saved to /Users/paulettamaunge/Documents/GitHub/Hackathon_PolyglotPioneers/models/checkpoints/last_checkpoint.pth
2026-07-24 02:48:32 | INFO     | src.utils.checkpoint | Training history saved to /Users/paulettamaunge/Documents/GitHub/Hackathon_PolyglotPioneers/models/training_history.json
2026-07-24 02:48:32 | INFO     | src.models.trainer | Epoch 76/100 | Train=0.096601 | Validation=0.118832 | MAE=0.310040 | RMSE=0.344721 | R²=-0.2431
2026-07-24 02:48:32 | INFO     | src.models.trainer | Learning rate changed from 0.000001 to 0.000000
2026-07-24 02:48:32 | INFO     | src.utils.checkpoint | Checkpoint saved to /Users/paulettamaunge/Documents/GitHub/Hackathon_PolyglotPioneers/models/checkpoints/last_checkpoint.pth
2026-07-24 02:48:32 | INFO     | src.utils.checkpoint | Training history saved to /Users/paulettamaunge/Documents/GitHub/Hackathon_PolyglotPioneers/models/training_history.json
2026-07-24 02:48:32 | INFO     | src.models.trainer | Epoch 77/100 | Train=0.105840 | Validation=0.118841 | MAE=0.310051 | RMSE=0.344734 | R²=-0.2432
2026-07-24 02:48:32 | INFO     | src.utils.checkpoint | Checkpoint saved to /Users/paulettamaunge/Documents/GitHub/Hackathon_PolyglotPioneers/models/checkpoints/last_checkpoint.pth
2026-07-24 02:48:32 | INFO     | src.utils.checkpoint | Training history saved to /Users/paulettamaunge/Documents/GitHub/Hackathon_PolyglotPioneers/models/training_history.json
2026-07-24 02:48:32 | INFO     | src.models.trainer | Epoch 78/100 | Train=0.097297 | Validation=0.118840 | MAE=0.310050 | RMSE=0.344732 | R²=-0.2432
2026-07-24 02:48:32 | INFO     | src.utils.checkpoint | Checkpoint saved to /Users/paulettamaunge/Documents/GitHub/Hackathon_PolyglotPioneers/models/checkpoints/last_checkpoint.pth
2026-07-24 02:48:32 | INFO     | src.utils.checkpoint | Training history saved to /Users/paulettamaunge/Documents/GitHub/Hackathon_PolyglotPioneers/models/training_history.json
2026-07-24 02:48:32 | INFO     | src.models.trainer | Epoch 79/100 | Train=0.098684 | Validation=0.118841 | MAE=0.310051 | RMSE=0.344732 | R²=-0.2432
2026-07-24 02:48:32 | INFO     | src.utils.checkpoint | Checkpoint saved to /Users/paulettamaunge/Documents/GitHub/Hackathon_PolyglotPioneers/models/checkpoints/last_checkpoint.pth
2026-07-24 02:48:32 | INFO     | src.utils.checkpoint | Training history saved to /Users/paulettamaunge/Documents/GitHub/Hackathon_PolyglotPioneers/models/training_history.json
2026-07-24 02:48:32 | INFO     | src.models.trainer | Epoch 80/100 | Train=0.105586 | Validation=0.118845 | MAE=0.310056 | RMSE=0.344739 | R²=-0.2432
2026-07-24 02:48:32 | INFO     | src.models.trainer | Early stopping triggered.
2026-07-24 02:48:32 | INFO     | src.models.trainer | Training finished. Best epoch: 65
2026-07-24 02:48:32 | INFO     | __main__ | Loading best model...
2026-07-24 02:48:32 | INFO     | src.utils.checkpoint | Checkpoint loaded from /Users/paulettamaunge/Documents/GitHub/Hackathon_PolyglotPioneers/models/checkpoints/best_lstm_model.pth
2026-07-24 02:48:32 | INFO     | src.models.trainer | Best model loaded.
2026-07-24 02:48:32 | INFO     | __main__ | Step 6/6 : Evaluating model
2026-07-24 02:48:32 | INFO     | src.models.trainer | Predictions: min=-1.1917, max=-0.8853, mean=-1.0561
2026-07-24 02:48:32 | INFO     | src.models.trainer | Targets: min=-1.1580, max=1.9002, mean=0.4756
2026-07-24 02:48:32 | INFO     | src.models.trainer | First 10 predictions: [-1.1214734 -1.1231906 -1.1217482 -1.1198775 -1.142142  -1.1566405
 -1.1739347 -1.1917446 -1.1757393 -1.1605686]
2026-07-24 02:48:32 | INFO     | src.models.trainer | First 10 targets: [-0.18336818 -0.2226519  -0.21740645 -0.1309263  -0.14575772 -0.05156028
 -0.08376345 -0.14006779 -0.7410532  -1.1580467 ]
2026-07-24 02:48:32 | INFO     | src.models.trainer | Prediction correlation = 0.2633
2026-07-24 02:48:32 | INFO     | src.models.trainer | Test metrics: {'mae': 1.531628892198205, 'mse': 3.094780442583278, 'rmse': 1.759198807009395, 'r2': -2.9333726238848867}
2026-07-24 02:48:32 | INFO     | __main__ | ================================================================================
2026-07-24 02:48:32 | INFO     | __main__ | FINAL TEST RESULTS
2026-07-24 02:48:32 | INFO     | __main__ | ================================================================================
2026-07-24 02:48:32 | INFO     | __main__ | MAE     : 1.531629
2026-07-24 02:48:32 | INFO     | __main__ | MSE     : 3.094780
2026-07-24 02:48:32 | INFO     | __main__ | RMSE    : 1.759199
2026-07-24 02:48:32 | INFO     | __main__ | R2      : -2.933373
2026-07-24 02:48:32 | INFO     | __main__ | ================================================================================
2026-07-24 02:48:32 | INFO     | __main__ | FORECASTING PIPELINE COMPLETED SUCCESSFULLY
2026-07-24 02:48:32 | INFO     | __main__ | ================================================================================
2026-07-24 03:08:39 | INFO     | __main__ | ================================================================================
2026-07-24 03:08:39 | INFO     | __main__ | FORECASTING PIPELINE STARTED
2026-07-24 03:08:39 | INFO     | __main__ | ================================================================================
2026-07-24 03:08:39 | INFO     | __main__ | Step 1/6 : Loading dataset
2026-07-24 03:08:39 | INFO     | src.data.data_loader | Loading dataset...
2026-07-24 03:08:39 | INFO     | src.data.data_loader | Dataset loaded successfully (276 rows × 10 columns)
2026-07-24 03:08:39 | INFO     | src.data.data_loader | Validating dataset...
2026-07-24 03:08:39 | INFO     | src.data.data_loader | No missing values detected.
2026-07-24 03:08:39 | INFO     | src.data.data_loader | Sorting by 'year_month'.
2026-07-24 03:08:39 | INFO     | src.data.data_loader | Feature columns: ['FAO_23012', 'FAO_23013', 'BDI_std', 'monthly_return_bdi', 'Brent_USD_per_barrel', 'policy_rate']
2026-07-24 03:08:39 | INFO     | src.data.data_loader | ============================================================
2026-07-24 03:08:39 | INFO     | src.data.data_loader | Dataset Summary
2026-07-24 03:08:39 | INFO     | src.data.data_loader | ============================================================
2026-07-24 03:08:39 | INFO     | src.data.data_loader | Rows      : 276
2026-07-24 03:08:39 | INFO     | src.data.data_loader | Columns   : 10
2026-07-24 03:08:39 | INFO     | src.data.data_loader | Features  : 6
2026-07-24 03:08:39 | INFO     | src.data.data_loader | Target    : FAO_23014
2026-07-24 03:08:39 | INFO     | src.data.data_loader | ============================================================
2026-07-24 03:08:39 | INFO     | __main__ | Running persistence baseline...
2026-07-24 03:08:39 | INFO     | __main__ | Step 2/6 : Preprocessing dataset
2026-07-24 03:08:39 | INFO     | src.data.preprocessor | Splitting dataset chronologically...
2026-07-24 03:08:39 | INFO     | src.data.preprocessor | Train rows      : 193
2026-07-24 03:08:39 | INFO     | src.data.preprocessor | Validation rows : 41
2026-07-24 03:08:39 | INFO     | src.data.preprocessor | Test rows       : 42
2026-07-24 03:08:39 | INFO     | src.data.preprocessor | Fitting feature scaler on training data...
2026-07-24 03:08:39 | INFO     | src.data.preprocessor | Fitting target scaler on training data...
2026-07-24 03:08:39 | INFO     | src.data.preprocessor | Saving preprocessing artifacts...
2026-07-24 03:08:39 | INFO     | src.data.preprocessor | Metadata saved.
2026-07-24 03:08:39 | INFO     | src.data.preprocessor | Preprocessing pipeline completed successfully.
2026-07-24 03:08:39 | INFO     | __main__ | Step 3/6 : Building LSTM sequences
2026-07-24 03:08:39 | INFO     | src.models.sequence_builder | Building LSTM sequence datasets...
2026-07-24 03:08:39 | INFO     | src.models.sequence_builder | Creating sequences (window=12)...
2026-07-24 03:08:39 | INFO     | src.models.sequence_builder | Generated 181 sequences.
2026-07-24 03:08:39 | INFO     | src.models.sequence_builder | Sequence shape: (181, 12, 6)
2026-07-24 03:08:39 | INFO     | src.models.sequence_builder | Creating sequences (window=12)...
2026-07-24 03:08:39 | INFO     | src.models.sequence_builder | Generated 29 sequences.
2026-07-24 03:08:39 | INFO     | src.models.sequence_builder | Sequence shape: (29, 12, 6)
2026-07-24 03:08:39 | INFO     | src.models.sequence_builder | Creating sequences (window=12)...
2026-07-24 03:08:39 | INFO     | src.models.sequence_builder | Generated 30 sequences.
2026-07-24 03:08:39 | INFO     | src.models.sequence_builder | Sequence shape: (30, 12, 6)
2026-07-24 03:08:39 | INFO     | src.models.sequence_builder | y_train_seq min=-1.262985348701477, max=3.2605814933776855
2026-07-24 03:08:39 | INFO     | src.models.sequence_builder | y_val_seq min=-1.646776795387268, max=-0.7225300669670105
2026-07-24 03:08:39 | INFO     | src.models.sequence_builder | y_test_seq min=-1.1580467224121094, max=1.9002104997634888
2026-07-24 03:08:39 | INFO     | src.models.sequence_builder | y_val_seq NaNs=0, Infs=0
2026-07-24 03:08:39 | INFO     | src.models.sequence_builder | Sequence generation completed successfully.
2026-07-24 03:08:39 | INFO     | src.models.sequence_builder | Input size: 6
2026-07-24 03:08:39 | INFO     | __main__ | Step 4/6 : Initialising trainer
2026-07-24 03:08:39 | INFO     | src.models.trainer | Initialising trainer...
2026-07-24 03:08:39 | WARNING  | src.models.trainer | MPS backend detected; falling back to CPU because it can produce unstable training results on this project.
2026-07-24 03:08:39 | INFO     | src.models.trainer | Training device: cpu
2026-07-24 03:08:39 | INFO     | src.models.trainer | SequenceData y_train: min=-1.262985348701477, max=3.2605814933776855
2026-07-24 03:08:39 | INFO     | src.models.trainer | SequenceData y_validation: min=-1.646776795387268, max=-0.7225300669670105
2026-07-24 03:08:39 | INFO     | src.models.trainer | SequenceData y_test: min=-1.1580467224121094, max=1.9002104997634888
2026-07-24 03:08:39 | INFO     | src.data.dataset | Dataset created with 181 samples.
2026-07-24 03:08:39 | INFO     | src.data.dataset | Dataset created with 29 samples.
2026-07-24 03:08:39 | INFO     | src.data.dataset | Dataset created with 30 samples.
2026-07-24 03:08:40 | INFO     | src.models.trainer | Trainer initialised successfully.
2026-07-24 03:08:40 | INFO     | src.utils.checkpoint | Checkpoint loaded from /Users/paulettamaunge/Documents/GitHub/Hackathon_PolyglotPioneers/models/checkpoints/last_checkpoint.pth
2026-07-24 03:08:40 | INFO     | src.models.trainer | Resuming from epoch 80
2026-07-24 03:08:40 | INFO     | __main__ | Step 5/6 : Training model
2026-07-24 03:08:40 | INFO     | src.models.trainer | Starting training...
2026-07-24 03:08:40 | INFO     | src.utils.checkpoint | Checkpoint saved to /Users/paulettamaunge/Documents/GitHub/Hackathon_PolyglotPioneers/models/checkpoints/last_checkpoint.pth
2026-07-24 03:08:40 | INFO     | src.utils.checkpoint | Checkpoint saved to /Users/paulettamaunge/Documents/GitHub/Hackathon_PolyglotPioneers/models/checkpoints/best_lstm_model.pth
2026-07-24 03:08:40 | INFO     | src.utils.checkpoint | Training history saved to /Users/paulettamaunge/Documents/GitHub/Hackathon_PolyglotPioneers/models/training_history.json
2026-07-24 03:08:40 | INFO     | src.models.trainer | Epoch 81/100 | Train=0.102849 | Validation=0.118836 | MAE=0.310045 | RMSE=0.344726 | R²=-0.2431
2026-07-24 03:08:40 | INFO     | src.utils.checkpoint | Checkpoint saved to /Users/paulettamaunge/Documents/GitHub/Hackathon_PolyglotPioneers/models/checkpoints/last_checkpoint.pth
2026-07-24 03:08:40 | INFO     | src.utils.checkpoint | Checkpoint saved to /Users/paulettamaunge/Documents/GitHub/Hackathon_PolyglotPioneers/models/checkpoints/best_lstm_model.pth
2026-07-24 03:08:40 | INFO     | src.utils.checkpoint | Training history saved to /Users/paulettamaunge/Documents/GitHub/Hackathon_PolyglotPioneers/models/training_history.json
2026-07-24 03:08:40 | INFO     | src.models.trainer | Epoch 82/100 | Train=0.091688 | Validation=0.118835 | MAE=0.310043 | RMSE=0.344724 | R²=-0.2431
2026-07-24 03:08:40 | INFO     | src.models.trainer | Learning rate changed from 0.000000 to 0.000000
2026-07-24 03:08:40 | INFO     | src.utils.checkpoint | Checkpoint saved to /Users/paulettamaunge/Documents/GitHub/Hackathon_PolyglotPioneers/models/checkpoints/last_checkpoint.pth
2026-07-24 03:08:40 | INFO     | src.utils.checkpoint | Checkpoint saved to /Users/paulettamaunge/Documents/GitHub/Hackathon_PolyglotPioneers/models/checkpoints/best_lstm_model.pth
2026-07-24 03:08:40 | INFO     | src.utils.checkpoint | Training history saved to /Users/paulettamaunge/Documents/GitHub/Hackathon_PolyglotPioneers/models/training_history.json
2026-07-24 03:08:40 | INFO     | src.models.trainer | Epoch 83/100 | Train=0.096526 | Validation=0.118831 | MAE=0.310039 | RMSE=0.344719 | R²=-0.2431
2026-07-24 03:08:40 | INFO     | src.utils.checkpoint | Checkpoint saved to /Users/paulettamaunge/Documents/GitHub/Hackathon_PolyglotPioneers/models/checkpoints/last_checkpoint.pth
2026-07-24 03:08:40 | INFO     | src.utils.checkpoint | Checkpoint saved to /Users/paulettamaunge/Documents/GitHub/Hackathon_PolyglotPioneers/models/checkpoints/best_lstm_model.pth
2026-07-24 03:08:40 | INFO     | src.utils.checkpoint | Training history saved to /Users/paulettamaunge/Documents/GitHub/Hackathon_PolyglotPioneers/models/training_history.json
2026-07-24 03:08:40 | INFO     | src.models.trainer | Epoch 84/100 | Train=0.101439 | Validation=0.118831 | MAE=0.310038 | RMSE=0.344719 | R²=-0.2431
2026-07-24 03:08:40 | INFO     | src.utils.checkpoint | Checkpoint saved to /Users/paulettamaunge/Documents/GitHub/Hackathon_PolyglotPioneers/models/checkpoints/last_checkpoint.pth
2026-07-24 03:08:40 | INFO     | src.utils.checkpoint | Checkpoint saved to /Users/paulettamaunge/Documents/GitHub/Hackathon_PolyglotPioneers/models/checkpoints/best_lstm_model.pth
2026-07-24 03:08:40 | INFO     | src.utils.checkpoint | Training history saved to /Users/paulettamaunge/Documents/GitHub/Hackathon_PolyglotPioneers/models/training_history.json
2026-07-24 03:08:40 | INFO     | src.models.trainer | Epoch 85/100 | Train=0.100109 | Validation=0.118829 | MAE=0.310036 | RMSE=0.344716 | R²=-0.2431
2026-07-24 03:08:40 | INFO     | src.utils.checkpoint | Checkpoint saved to /Users/paulettamaunge/Documents/GitHub/Hackathon_PolyglotPioneers/models/checkpoints/last_checkpoint.pth
2026-07-24 03:08:40 | INFO     | src.utils.checkpoint | Checkpoint saved to /Users/paulettamaunge/Documents/GitHub/Hackathon_PolyglotPioneers/models/checkpoints/best_lstm_model.pth
2026-07-24 03:08:40 | INFO     | src.utils.checkpoint | Training history saved to /Users/paulettamaunge/Documents/GitHub/Hackathon_PolyglotPioneers/models/training_history.json
2026-07-24 03:08:40 | INFO     | src.models.trainer | Epoch 86/100 | Train=0.098457 | Validation=0.118828 | MAE=0.310034 | RMSE=0.344714 | R²=-0.2430
2026-07-24 03:08:40 | INFO     | src.utils.checkpoint | Checkpoint saved to /Users/paulettamaunge/Documents/GitHub/Hackathon_PolyglotPioneers/models/checkpoints/last_checkpoint.pth
2026-07-24 03:08:40 | INFO     | src.utils.checkpoint | Training history saved to /Users/paulettamaunge/Documents/GitHub/Hackathon_PolyglotPioneers/models/training_history.json
2026-07-24 03:08:40 | INFO     | src.models.trainer | Epoch 87/100 | Train=0.099860 | Validation=0.118832 | MAE=0.310039 | RMSE=0.344719 | R²=-0.2431
2026-07-24 03:08:40 | INFO     | src.utils.checkpoint | Checkpoint saved to /Users/paulettamaunge/Documents/GitHub/Hackathon_PolyglotPioneers/models/checkpoints/last_checkpoint.pth
2026-07-24 03:08:40 | INFO     | src.utils.checkpoint | Training history saved to /Users/paulettamaunge/Documents/GitHub/Hackathon_PolyglotPioneers/models/training_history.json
2026-07-24 03:08:40 | INFO     | src.models.trainer | Epoch 88/100 | Train=0.099883 | Validation=0.118834 | MAE=0.310042 | RMSE=0.344723 | R²=-0.2431
2026-07-24 03:08:40 | INFO     | src.models.trainer | Learning rate changed from 0.000000 to 0.000000
2026-07-24 03:08:40 | INFO     | src.utils.checkpoint | Checkpoint saved to /Users/paulettamaunge/Documents/GitHub/Hackathon_PolyglotPioneers/models/checkpoints/last_checkpoint.pth
2026-07-24 03:08:40 | INFO     | src.utils.checkpoint | Training history saved to /Users/paulettamaunge/Documents/GitHub/Hackathon_PolyglotPioneers/models/training_history.json
2026-07-24 03:08:40 | INFO     | src.models.trainer | Epoch 89/100 | Train=0.101598 | Validation=0.118833 | MAE=0.310041 | RMSE=0.344722 | R²=-0.2431
2026-07-24 03:08:41 | INFO     | src.utils.checkpoint | Checkpoint saved to /Users/paulettamaunge/Documents/GitHub/Hackathon_PolyglotPioneers/models/checkpoints/last_checkpoint.pth
2026-07-24 03:08:41 | INFO     | src.utils.checkpoint | Training history saved to /Users/paulettamaunge/Documents/GitHub/Hackathon_PolyglotPioneers/models/training_history.json
2026-07-24 03:08:41 | INFO     | src.models.trainer | Epoch 90/100 | Train=0.092069 | Validation=0.118833 | MAE=0.310041 | RMSE=0.344721 | R²=-0.2431
2026-07-24 03:08:41 | INFO     | src.utils.checkpoint | Checkpoint saved to /Users/paulettamaunge/Documents/GitHub/Hackathon_PolyglotPioneers/models/checkpoints/last_checkpoint.pth
2026-07-24 03:08:41 | INFO     | src.utils.checkpoint | Training history saved to /Users/paulettamaunge/Documents/GitHub/Hackathon_PolyglotPioneers/models/training_history.json
2026-07-24 03:08:41 | INFO     | src.models.trainer | Epoch 91/100 | Train=0.095666 | Validation=0.118833 | MAE=0.310041 | RMSE=0.344722 | R²=-0.2431
2026-07-24 03:08:41 | INFO     | src.utils.checkpoint | Checkpoint saved to /Users/paulettamaunge/Documents/GitHub/Hackathon_PolyglotPioneers/models/checkpoints/last_checkpoint.pth
2026-07-24 03:08:41 | INFO     | src.utils.checkpoint | Training history saved to /Users/paulettamaunge/Documents/GitHub/Hackathon_PolyglotPioneers/models/training_history.json
2026-07-24 03:08:41 | INFO     | src.models.trainer | Epoch 92/100 | Train=0.109678 | Validation=0.118834 | MAE=0.310042 | RMSE=0.344723 | R²=-0.2431
2026-07-24 03:08:41 | INFO     | src.utils.checkpoint | Checkpoint saved to /Users/paulettamaunge/Documents/GitHub/Hackathon_PolyglotPioneers/models/checkpoints/last_checkpoint.pth
2026-07-24 03:08:41 | INFO     | src.utils.checkpoint | Training history saved to /Users/paulettamaunge/Documents/GitHub/Hackathon_PolyglotPioneers/models/training_history.json
2026-07-24 03:08:41 | INFO     | src.models.trainer | Epoch 93/100 | Train=0.096288 | Validation=0.118834 | MAE=0.310042 | RMSE=0.344723 | R²=-0.2431
2026-07-24 03:08:41 | INFO     | src.utils.checkpoint | Checkpoint saved to /Users/paulettamaunge/Documents/GitHub/Hackathon_PolyglotPioneers/models/checkpoints/last_checkpoint.pth
2026-07-24 03:08:41 | INFO     | src.utils.checkpoint | Training history saved to /Users/paulettamaunge/Documents/GitHub/Hackathon_PolyglotPioneers/models/training_history.json
2026-07-24 03:08:41 | INFO     | src.models.trainer | Epoch 94/100 | Train=0.096891 | Validation=0.118834 | MAE=0.310042 | RMSE=0.344723 | R²=-0.2431
2026-07-24 03:08:41 | INFO     | src.models.trainer | Learning rate changed from 0.000000 to 0.000000
2026-07-24 03:08:41 | INFO     | src.utils.checkpoint | Checkpoint saved to /Users/paulettamaunge/Documents/GitHub/Hackathon_PolyglotPioneers/models/checkpoints/last_checkpoint.pth
2026-07-24 03:08:41 | INFO     | src.utils.checkpoint | Training history saved to /Users/paulettamaunge/Documents/GitHub/Hackathon_PolyglotPioneers/models/training_history.json
2026-07-24 03:08:41 | INFO     | src.models.trainer | Epoch 95/100 | Train=0.096890 | Validation=0.118834 | MAE=0.310042 | RMSE=0.344722 | R²=-0.2431
2026-07-24 03:08:41 | INFO     | src.utils.checkpoint | Checkpoint saved to /Users/paulettamaunge/Documents/GitHub/Hackathon_PolyglotPioneers/models/checkpoints/last_checkpoint.pth
2026-07-24 03:08:41 | INFO     | src.utils.checkpoint | Training history saved to /Users/paulettamaunge/Documents/GitHub/Hackathon_PolyglotPioneers/models/training_history.json
2026-07-24 03:08:41 | INFO     | src.models.trainer | Epoch 96/100 | Train=0.104353 | Validation=0.118834 | MAE=0.310042 | RMSE=0.344722 | R²=-0.2431
2026-07-24 03:08:41 | INFO     | src.utils.checkpoint | Checkpoint saved to /Users/paulettamaunge/Documents/GitHub/Hackathon_PolyglotPioneers/models/checkpoints/last_checkpoint.pth
2026-07-24 03:08:41 | INFO     | src.utils.checkpoint | Training history saved to /Users/paulettamaunge/Documents/GitHub/Hackathon_PolyglotPioneers/models/training_history.json
2026-07-24 03:08:41 | INFO     | src.models.trainer | Epoch 97/100 | Train=0.096510 | Validation=0.118834 | MAE=0.310042 | RMSE=0.344723 | R²=-0.2431
2026-07-24 03:08:41 | INFO     | src.utils.checkpoint | Checkpoint saved to /Users/paulettamaunge/Documents/GitHub/Hackathon_PolyglotPioneers/models/checkpoints/last_checkpoint.pth
2026-07-24 03:08:41 | INFO     | src.utils.checkpoint | Training history saved to /Users/paulettamaunge/Documents/GitHub/Hackathon_PolyglotPioneers/models/training_history.json
2026-07-24 03:08:41 | INFO     | src.models.trainer | Epoch 98/100 | Train=0.105752 | Validation=0.118834 | MAE=0.310043 | RMSE=0.344724 | R²=-0.2431
2026-07-24 03:08:41 | INFO     | src.utils.checkpoint | Checkpoint saved to /Users/paulettamaunge/Documents/GitHub/Hackathon_PolyglotPioneers/models/checkpoints/last_checkpoint.pth
2026-07-24 03:08:41 | INFO     | src.utils.checkpoint | Training history saved to /Users/paulettamaunge/Documents/GitHub/Hackathon_PolyglotPioneers/models/training_history.json
2026-07-24 03:08:41 | INFO     | src.models.trainer | Epoch 99/100 | Train=0.097227 | Validation=0.118834 | MAE=0.310043 | RMSE=0.344723 | R²=-0.2431
2026-07-24 03:08:41 | INFO     | src.utils.checkpoint | Checkpoint saved to /Users/paulettamaunge/Documents/GitHub/Hackathon_PolyglotPioneers/models/checkpoints/last_checkpoint.pth
2026-07-24 03:08:41 | INFO     | src.utils.checkpoint | Training history saved to /Users/paulettamaunge/Documents/GitHub/Hackathon_PolyglotPioneers/models/training_history.json
2026-07-24 03:08:41 | INFO     | src.models.trainer | Epoch 100/100 | Train=0.098626 | Validation=0.118834 | MAE=0.310043 | RMSE=0.344724 | R²=-0.2431
2026-07-24 03:08:41 | INFO     | src.models.trainer | Training finished. Best epoch: 86
2026-07-24 03:08:41 | INFO     | __main__ | Loading best model...
2026-07-24 03:08:41 | INFO     | src.utils.checkpoint | Checkpoint loaded from /Users/paulettamaunge/Documents/GitHub/Hackathon_PolyglotPioneers/models/checkpoints/best_lstm_model.pth
2026-07-24 03:08:41 | INFO     | src.models.trainer | Best model loaded.
2026-07-24 03:08:41 | INFO     | __main__ | Step 6/6 : Evaluating model
2026-07-24 03:08:41 | INFO     | src.models.trainer | Predictions: min=-1.1918, max=-0.8868, mean=-1.0567
2026-07-24 03:08:41 | INFO     | src.models.trainer | Targets: min=-1.1580, max=1.9002, mean=0.4756
2026-07-24 03:08:41 | INFO     | src.models.trainer | First 10 predictions: [-1.1213526 -1.1230454 -1.1216003 -1.119732  -1.1420578 -1.1565751
 -1.1739191 -1.1917702 -1.175718  -1.1605014]
2026-07-24 03:08:41 | INFO     | src.models.trainer | First 10 targets: [-0.18336818 -0.2226519  -0.21740645 -0.1309263  -0.14575772 -0.05156028
 -0.08376345 -0.14006779 -0.7410532  -1.1580467 ]
2026-07-24 03:08:41 | INFO     | src.models.trainer | Prediction correlation = 0.2619
2026-07-24 03:08:41 | INFO     | src.models.trainer | Test metrics: {'mae': 1.5322791172812382, 'mse': 3.0972032192112238, 'rmse': 1.7598872745750576, 'r2': -2.936451899923673}
2026-07-24 03:08:41 | INFO     | __main__ | ================================================================================
2026-07-24 03:08:41 | INFO     | __main__ | FINAL TEST RESULTS
2026-07-24 03:08:41 | INFO     | __main__ | ================================================================================
2026-07-24 03:08:41 | INFO     | __main__ | MAE     : 1.532279
2026-07-24 03:08:41 | INFO     | __main__ | MSE     : 3.097203
2026-07-24 03:08:41 | INFO     | __main__ | RMSE    : 1.759887
2026-07-24 03:08:41 | INFO     | __main__ | R2      : -2.936452
2026-07-24 03:08:41 | INFO     | __main__ | ================================================================================
2026-07-24 03:08:41 | INFO     | __main__ | FORECASTING PIPELINE COMPLETED SUCCESSFULLY
2026-07-24 03:08:41 | INFO     | __main__ | ================================================================================
2026-07-24 03:15:45 | INFO     | __main__ | ================================================================================
2026-07-24 03:15:45 | INFO     | __main__ | FORECASTING PIPELINE STARTED
2026-07-24 03:15:45 | INFO     | __main__ | ================================================================================
2026-07-24 03:15:45 | INFO     | __main__ | Step 1/6 : Loading dataset
2026-07-24 03:15:45 | INFO     | src.data.data_loader | Loading dataset...
2026-07-24 03:15:45 | INFO     | src.data.data_loader | Dataset loaded successfully (276 rows × 10 columns)
2026-07-24 03:15:45 | INFO     | src.data.data_loader | Validating dataset...
2026-07-24 03:15:45 | INFO     | src.data.data_loader | No missing values detected.
2026-07-24 03:15:45 | INFO     | src.data.data_loader | Sorting by 'year_month'.
2026-07-24 03:15:45 | INFO     | src.data.data_loader | Feature columns: ['FAO_23012', 'FAO_23013', 'BDI_std', 'monthly_return_bdi', 'Brent_USD_per_barrel', 'policy_rate']
2026-07-24 03:15:45 | INFO     | src.data.data_loader | ============================================================
2026-07-24 03:15:45 | INFO     | src.data.data_loader | Dataset Summary
2026-07-24 03:15:45 | INFO     | src.data.data_loader | ============================================================
2026-07-24 03:15:45 | INFO     | src.data.data_loader | Rows      : 276
2026-07-24 03:15:45 | INFO     | src.data.data_loader | Columns   : 10
2026-07-24 03:15:45 | INFO     | src.data.data_loader | Features  : 6
2026-07-24 03:15:45 | INFO     | src.data.data_loader | Target    : FAO_23014
2026-07-24 03:15:45 | INFO     | src.data.data_loader | ============================================================
2026-07-24 03:15:45 | INFO     | __main__ | Running persistence baseline...
2026-07-24 03:15:45 | INFO     | __main__ | Step 2/6 : Preprocessing dataset
2026-07-24 03:15:45 | INFO     | src.data.preprocessor | Splitting dataset chronologically...
2026-07-24 03:15:45 | INFO     | src.data.preprocessor | Train rows      : 193
2026-07-24 03:15:45 | INFO     | src.data.preprocessor | Validation rows : 41
2026-07-24 03:15:45 | INFO     | src.data.preprocessor | Test rows       : 42
2026-07-24 03:15:45 | INFO     | src.data.preprocessor | Fitting feature scaler on training data...
2026-07-24 03:15:45 | INFO     | src.data.preprocessor | Fitting target scaler on training data...
2026-07-24 03:15:45 | INFO     | src.data.preprocessor | Saving preprocessing artifacts...
2026-07-24 03:15:45 | INFO     | src.data.preprocessor | Metadata saved.
2026-07-24 03:15:45 | INFO     | src.data.preprocessor | Preprocessing pipeline completed successfully.
2026-07-24 03:15:45 | INFO     | __main__ | Step 3/6 : Building LSTM sequences
2026-07-24 03:15:45 | INFO     | src.models.sequence_builder | Building LSTM sequence datasets...
2026-07-24 03:15:45 | INFO     | src.models.sequence_builder | Creating sequences (window=12)...
2026-07-24 03:15:45 | INFO     | src.models.sequence_builder | Generated 181 sequences.
2026-07-24 03:15:45 | INFO     | src.models.sequence_builder | Sequence shape: (181, 12, 6)
2026-07-24 03:15:45 | INFO     | src.models.sequence_builder | Creating sequences (window=12)...
2026-07-24 03:15:45 | INFO     | src.models.sequence_builder | Generated 29 sequences.
2026-07-24 03:15:45 | INFO     | src.models.sequence_builder | Sequence shape: (29, 12, 6)
2026-07-24 03:15:45 | INFO     | src.models.sequence_builder | Creating sequences (window=12)...
2026-07-24 03:15:45 | INFO     | src.models.sequence_builder | Generated 30 sequences.
2026-07-24 03:15:45 | INFO     | src.models.sequence_builder | Sequence shape: (30, 12, 6)
2026-07-24 03:15:45 | INFO     | src.models.sequence_builder | y_train_seq min=-1.262985348701477, max=3.2605814933776855
2026-07-24 03:15:45 | INFO     | src.models.sequence_builder | y_val_seq min=-1.646776795387268, max=-0.7225300669670105
2026-07-24 03:15:45 | INFO     | src.models.sequence_builder | y_test_seq min=-1.1580467224121094, max=1.9002104997634888
2026-07-24 03:15:45 | INFO     | src.models.sequence_builder | y_val_seq NaNs=0, Infs=0
2026-07-24 03:15:45 | INFO     | src.models.sequence_builder | Sequence generation completed successfully.
2026-07-24 03:15:45 | INFO     | src.models.sequence_builder | Input size: 6
2026-07-24 03:15:45 | INFO     | __main__ | Step 4/6 : Initialising trainer
2026-07-24 03:15:45 | INFO     | src.models.trainer | Initialising trainer...
2026-07-24 03:15:45 | WARNING  | src.models.trainer | MPS backend detected; falling back to CPU because it can produce unstable training results on this project.
2026-07-24 03:15:45 | INFO     | src.models.trainer | Training device: cpu
2026-07-24 03:15:45 | INFO     | src.models.trainer | SequenceData y_train: min=-1.262985348701477, max=3.2605814933776855
2026-07-24 03:15:45 | INFO     | src.models.trainer | SequenceData y_validation: min=-1.646776795387268, max=-0.7225300669670105
2026-07-24 03:15:45 | INFO     | src.models.trainer | SequenceData y_test: min=-1.1580467224121094, max=1.9002104997634888
2026-07-24 03:15:45 | INFO     | src.data.dataset | Dataset created with 181 samples.
2026-07-24 03:15:45 | INFO     | src.data.dataset | Dataset created with 29 samples.
2026-07-24 03:15:45 | INFO     | src.data.dataset | Dataset created with 30 samples.
2026-07-24 03:15:46 | INFO     | src.models.trainer | Trainer initialised successfully.
2026-07-24 03:15:46 | INFO     | src.utils.checkpoint | Checkpoint loaded from /Users/paulettamaunge/Documents/GitHub/Hackathon_PolyglotPioneers/models/checkpoints/last_checkpoint.pth
2026-07-24 03:15:46 | INFO     | src.models.trainer | Resuming from epoch 100
2026-07-24 03:15:46 | INFO     | __main__ | Step 5/6 : Training model
2026-07-24 03:15:46 | INFO     | src.models.trainer | Starting training...
2026-07-24 03:15:46 | INFO     | src.models.trainer | Training finished. Best epoch: 1
2026-07-24 03:15:46 | INFO     | __main__ | Loading best model...
2026-07-24 03:15:46 | INFO     | src.utils.checkpoint | Checkpoint loaded from /Users/paulettamaunge/Documents/GitHub/Hackathon_PolyglotPioneers/models/checkpoints/best_lstm_model.pth
2026-07-24 03:15:46 | INFO     | src.models.trainer | Best model loaded.
2026-07-24 03:15:46 | INFO     | __main__ | Step 6/6 : Evaluating model
2026-07-24 03:15:46 | INFO     | src.models.trainer | Predictions: min=-1.1918, max=-0.8868, mean=-1.0567
2026-07-24 03:15:46 | INFO     | src.models.trainer | Targets: min=-1.1580, max=1.9002, mean=0.4756
2026-07-24 03:15:46 | INFO     | src.models.trainer | First 10 predictions: [-1.1213526 -1.1230454 -1.1216003 -1.119732  -1.1420578 -1.1565751
 -1.1739191 -1.1917702 -1.175718  -1.1605014]
2026-07-24 03:15:46 | INFO     | src.models.trainer | First 10 targets: [-0.18336818 -0.2226519  -0.21740645 -0.1309263  -0.14575772 -0.05156028
 -0.08376345 -0.14006779 -0.7410532  -1.1580467 ]
2026-07-24 03:15:46 | INFO     | src.models.trainer | Prediction correlation = 0.2619
2026-07-24 03:15:46 | INFO     | src.models.trainer | Test metrics: {'mae': 1.5322791172812382, 'mse': 3.0972032192112238, 'rmse': 1.7598872745750576, 'r2': -2.936451899923673}
2026-07-24 03:15:46 | INFO     | __main__ | ================================================================================
2026-07-24 03:15:46 | INFO     | __main__ | FINAL TEST RESULTS
2026-07-24 03:15:46 | INFO     | __main__ | ================================================================================
2026-07-24 03:15:46 | INFO     | __main__ | MAE     : 1.532279
2026-07-24 03:15:46 | INFO     | __main__ | MSE     : 3.097203
2026-07-24 03:15:46 | INFO     | __main__ | RMSE    : 1.759887
2026-07-24 03:15:46 | INFO     | __main__ | R2      : -2.936452
2026-07-24 03:15:46 | INFO     | __main__ | ================================================================================
2026-07-24 03:15:46 | INFO     | __main__ | FORECASTING PIPELINE COMPLETED SUCCESSFULLY
2026-07-24 03:15:46 | INFO     | __main__ | ================================================================================
2026-07-24 03:21:29 | INFO     | __main__ | ================================================================================
2026-07-24 03:21:29 | INFO     | __main__ | FORECASTING PIPELINE STARTED
2026-07-24 03:21:29 | INFO     | __main__ | ================================================================================
2026-07-24 03:21:29 | INFO     | __main__ | Step 1/6 : Loading dataset
2026-07-24 03:21:29 | INFO     | src.data.data_loader | Loading dataset...
2026-07-24 03:21:29 | INFO     | src.data.data_loader | Dataset loaded successfully (276 rows × 10 columns)
2026-07-24 03:21:29 | INFO     | src.data.data_loader | Validating dataset...
2026-07-24 03:21:29 | INFO     | src.data.data_loader | No missing values detected.
2026-07-24 03:21:29 | INFO     | src.data.data_loader | Sorting by 'year_month'.
2026-07-24 03:21:29 | INFO     | src.data.data_loader | Feature columns: ['FAO_23012', 'FAO_23013', 'BDI_std', 'monthly_return_bdi', 'Brent_USD_per_barrel', 'policy_rate']
2026-07-24 03:21:29 | INFO     | src.data.data_loader | ============================================================
2026-07-24 03:21:29 | INFO     | src.data.data_loader | Dataset Summary
2026-07-24 03:21:29 | INFO     | src.data.data_loader | ============================================================
2026-07-24 03:21:29 | INFO     | src.data.data_loader | Rows      : 276
2026-07-24 03:21:29 | INFO     | src.data.data_loader | Columns   : 10
2026-07-24 03:21:29 | INFO     | src.data.data_loader | Features  : 6
2026-07-24 03:21:29 | INFO     | src.data.data_loader | Target    : FAO_23014
2026-07-24 03:21:29 | INFO     | src.data.data_loader | ============================================================
2026-07-24 03:21:29 | INFO     | __main__ | Running persistence baseline...
2026-07-24 03:21:29 | INFO     | __main__ | Running correlation analysis...
2026-07-24 03:21:29 | INFO     | __main__ | Running feature importance analysis...
2026-07-24 03:21:30 | INFO     | __main__ | Step 2/6 : Preprocessing dataset
2026-07-24 03:21:30 | INFO     | src.data.preprocessor | Splitting dataset chronologically...
2026-07-24 03:21:30 | INFO     | src.data.preprocessor | Train rows      : 193
2026-07-24 03:21:30 | INFO     | src.data.preprocessor | Validation rows : 41
2026-07-24 03:21:30 | INFO     | src.data.preprocessor | Test rows       : 42
2026-07-24 03:21:30 | INFO     | src.data.preprocessor | Fitting feature scaler on training data...
2026-07-24 03:21:30 | INFO     | src.data.preprocessor | Fitting target scaler on training data...
2026-07-24 03:21:30 | INFO     | src.data.preprocessor | Saving preprocessing artifacts...
2026-07-24 03:21:30 | INFO     | src.data.preprocessor | Metadata saved.
2026-07-24 03:21:30 | INFO     | src.data.preprocessor | Preprocessing pipeline completed successfully.
2026-07-24 03:21:30 | INFO     | __main__ | Step 3/6 : Building LSTM sequences
2026-07-24 03:21:30 | INFO     | src.models.sequence_builder | Building LSTM sequence datasets...
2026-07-24 03:21:30 | INFO     | src.models.sequence_builder | Creating sequences (window=12)...
2026-07-24 03:21:30 | INFO     | src.models.sequence_builder | Generated 181 sequences.
2026-07-24 03:21:30 | INFO     | src.models.sequence_builder | Sequence shape: (181, 12, 6)
2026-07-24 03:21:30 | INFO     | src.models.sequence_builder | Creating sequences (window=12)...
2026-07-24 03:21:30 | INFO     | src.models.sequence_builder | Generated 29 sequences.
2026-07-24 03:21:30 | INFO     | src.models.sequence_builder | Sequence shape: (29, 12, 6)
2026-07-24 03:21:30 | INFO     | src.models.sequence_builder | Creating sequences (window=12)...
2026-07-24 03:21:30 | INFO     | src.models.sequence_builder | Generated 30 sequences.
2026-07-24 03:21:30 | INFO     | src.models.sequence_builder | Sequence shape: (30, 12, 6)
2026-07-24 03:21:30 | INFO     | src.models.sequence_builder | y_train_seq min=-1.262985348701477, max=3.2605814933776855
2026-07-24 03:21:30 | INFO     | src.models.sequence_builder | y_val_seq min=-1.646776795387268, max=-0.7225300669670105
2026-07-24 03:21:30 | INFO     | src.models.sequence_builder | y_test_seq min=-1.1580467224121094, max=1.9002104997634888
2026-07-24 03:21:30 | INFO     | src.models.sequence_builder | y_val_seq NaNs=0, Infs=0
2026-07-24 03:21:30 | INFO     | src.models.sequence_builder | Sequence generation completed successfully.
2026-07-24 03:21:30 | INFO     | src.models.sequence_builder | Input size: 6
2026-07-24 03:21:30 | INFO     | __main__ | Step 4/6 : Initialising trainer
2026-07-24 03:21:30 | INFO     | src.models.trainer | Initialising trainer...
2026-07-24 03:21:30 | WARNING  | src.models.trainer | MPS backend detected; falling back to CPU because it can produce unstable training results on this project.
2026-07-24 03:21:30 | INFO     | src.models.trainer | Training device: cpu
2026-07-24 03:21:30 | INFO     | src.models.trainer | SequenceData y_train: min=-1.262985348701477, max=3.2605814933776855
2026-07-24 03:21:30 | INFO     | src.models.trainer | SequenceData y_validation: min=-1.646776795387268, max=-0.7225300669670105
2026-07-24 03:21:30 | INFO     | src.models.trainer | SequenceData y_test: min=-1.1580467224121094, max=1.9002104997634888
2026-07-24 03:21:30 | INFO     | src.data.dataset | Dataset created with 181 samples.
2026-07-24 03:21:30 | INFO     | src.data.dataset | Dataset created with 29 samples.
2026-07-24 03:21:30 | INFO     | src.data.dataset | Dataset created with 30 samples.
2026-07-24 03:21:31 | INFO     | src.models.trainer | Trainer initialised successfully.
2026-07-24 03:21:31 | INFO     | src.utils.checkpoint | Checkpoint loaded from /Users/paulettamaunge/Documents/GitHub/Hackathon_PolyglotPioneers/models/checkpoints/last_checkpoint.pth
2026-07-24 03:21:31 | INFO     | src.models.trainer | Resuming from epoch 100
2026-07-24 03:21:31 | INFO     | __main__ | Step 5/6 : Training model
2026-07-24 03:21:31 | INFO     | src.models.trainer | Starting training...
2026-07-24 03:21:31 | INFO     | src.models.trainer | Training finished. Best epoch: 1
2026-07-24 03:21:31 | INFO     | __main__ | Loading best model...
2026-07-24 03:21:31 | INFO     | src.utils.checkpoint | Checkpoint loaded from /Users/paulettamaunge/Documents/GitHub/Hackathon_PolyglotPioneers/models/checkpoints/best_lstm_model.pth
2026-07-24 03:21:31 | INFO     | src.models.trainer | Best model loaded.
2026-07-24 03:21:31 | INFO     | __main__ | Step 6/6 : Evaluating model
2026-07-24 03:21:31 | INFO     | src.models.trainer | Predictions: min=-1.1918, max=-0.8868, mean=-1.0567
2026-07-24 03:21:31 | INFO     | src.models.trainer | Targets: min=-1.1580, max=1.9002, mean=0.4756
2026-07-24 03:21:31 | INFO     | src.models.trainer | First 10 predictions: [-1.1213526 -1.1230454 -1.1216003 -1.119732  -1.1420578 -1.1565751
 -1.1739191 -1.1917702 -1.175718  -1.1605014]
2026-07-24 03:21:31 | INFO     | src.models.trainer | First 10 targets: [-0.18336818 -0.2226519  -0.21740645 -0.1309263  -0.14575772 -0.05156028
 -0.08376345 -0.14006779 -0.7410532  -1.1580467 ]
2026-07-24 03:21:31 | INFO     | src.models.trainer | Prediction correlation = 0.2619
2026-07-24 03:21:31 | INFO     | src.models.trainer | Test metrics: {'mae': 1.5322791172812382, 'mse': 3.0972032192112238, 'rmse': 1.7598872745750576, 'r2': -2.936451899923673}
2026-07-24 03:21:31 | INFO     | __main__ | ================================================================================
2026-07-24 03:21:31 | INFO     | __main__ | FINAL TEST RESULTS
2026-07-24 03:21:31 | INFO     | __main__ | ================================================================================
2026-07-24 03:21:31 | INFO     | __main__ | MAE     : 1.532279
2026-07-24 03:21:31 | INFO     | __main__ | MSE     : 3.097203
2026-07-24 03:21:31 | INFO     | __main__ | RMSE    : 1.759887
2026-07-24 03:21:31 | INFO     | __main__ | R2      : -2.936452
2026-07-24 03:21:31 | INFO     | __main__ | ================================================================================
2026-07-24 03:21:31 | INFO     | __main__ | FORECASTING PIPELINE COMPLETED SUCCESSFULLY
2026-07-24 03:21:31 | INFO     | __main__ | ================================================================================
2026-07-24 13:19:47 | INFO     | __main__ | ================================================================================
2026-07-24 13:19:47 | INFO     | __main__ | FORECASTING PIPELINE STARTED
2026-07-24 13:19:47 | INFO     | __main__ | ================================================================================
2026-07-24 13:19:47 | INFO     | __main__ | Step 1/6 : Loading dataset
2026-07-24 13:19:47 | INFO     | src.data.data_loader | Loading dataset...
2026-07-24 13:19:47 | INFO     | src.data.data_loader | Dataset loaded successfully (276 rows × 10 columns)
2026-07-24 13:19:47 | INFO     | src.data.data_loader | Validating dataset...
2026-07-24 13:19:47 | INFO     | src.data.data_loader | No missing values detected.
2026-07-24 13:19:47 | INFO     | src.data.data_loader | Sorting by 'year_month'.
2026-07-24 13:19:47 | INFO     | src.data.data_loader | Feature columns: ['FAO_23012', 'FAO_23013', 'BDI_std', 'monthly_return_bdi', 'Brent_USD_per_barrel', 'policy_rate']
2026-07-24 13:19:47 | INFO     | src.data.data_loader | ============================================================
2026-07-24 13:19:47 | INFO     | src.data.data_loader | Dataset Summary
2026-07-24 13:19:47 | INFO     | src.data.data_loader | ============================================================
2026-07-24 13:19:47 | INFO     | src.data.data_loader | Rows      : 276
2026-07-24 13:19:47 | INFO     | src.data.data_loader | Columns   : 10
2026-07-24 13:19:47 | INFO     | src.data.data_loader | Features  : 6
2026-07-24 13:19:47 | INFO     | src.data.data_loader | Target    : FAO_23014
2026-07-24 13:19:47 | INFO     | src.data.data_loader | ============================================================
2026-07-24 13:19:47 | INFO     | __main__ | Running persistence baseline...
2026-07-24 13:19:47 | INFO     | __main__ | Running correlation analysis...
2026-07-24 13:19:47 | INFO     | __main__ | Running feature importance analysis...
2026-07-24 13:19:47 | INFO     | __main__ | Step 2/6 : Preprocessing dataset
2026-07-24 13:19:47 | INFO     | src.data.preprocessor | Splitting dataset chronologically...
2026-07-24 13:19:47 | INFO     | src.data.preprocessor | Train rows      : 193
2026-07-24 13:19:47 | INFO     | src.data.preprocessor | Validation rows : 41
2026-07-24 13:19:47 | INFO     | src.data.preprocessor | Test rows       : 42
2026-07-24 13:19:47 | INFO     | src.data.preprocessor | Fitting feature scaler on training data...
2026-07-24 13:19:47 | INFO     | src.data.preprocessor | Fitting target scaler on training data...
2026-07-24 13:19:47 | INFO     | src.data.preprocessor | Saving preprocessing artifacts...
2026-07-24 13:19:47 | INFO     | src.data.preprocessor | Metadata saved.
2026-07-24 13:19:47 | INFO     | src.data.preprocessor | Preprocessing pipeline completed successfully.
2026-07-24 13:19:47 | INFO     | __main__ | Step 3/6 : Building LSTM sequences
2026-07-24 13:19:47 | INFO     | src.models.sequence_builder | Building LSTM sequence datasets...
2026-07-24 13:19:47 | INFO     | src.models.sequence_builder | Creating sequences (window=12)...
2026-07-24 13:19:47 | INFO     | src.models.sequence_builder | Generated 181 sequences.
2026-07-24 13:19:47 | INFO     | src.models.sequence_builder | Sequence shape: (181, 12, 6)
2026-07-24 13:19:47 | INFO     | src.models.sequence_builder | Creating sequences (window=12)...
2026-07-24 13:19:47 | INFO     | src.models.sequence_builder | Generated 29 sequences.
2026-07-24 13:19:47 | INFO     | src.models.sequence_builder | Sequence shape: (29, 12, 6)
2026-07-24 13:19:47 | INFO     | src.models.sequence_builder | Creating sequences (window=12)...
2026-07-24 13:19:47 | INFO     | src.models.sequence_builder | Generated 30 sequences.
2026-07-24 13:19:47 | INFO     | src.models.sequence_builder | Sequence shape: (30, 12, 6)
2026-07-24 13:19:47 | INFO     | src.models.sequence_builder | y_train_seq min=-1.262985348701477, max=3.2605814933776855
2026-07-24 13:19:47 | INFO     | src.models.sequence_builder | y_val_seq min=-1.646776795387268, max=-0.7225300669670105
2026-07-24 13:19:47 | INFO     | src.models.sequence_builder | y_test_seq min=-1.1580467224121094, max=1.9002104997634888
2026-07-24 13:19:47 | INFO     | src.models.sequence_builder | y_val_seq NaNs=0, Infs=0
2026-07-24 13:19:47 | INFO     | src.models.sequence_builder | Sequence generation completed successfully.
2026-07-24 13:19:47 | INFO     | src.models.sequence_builder | Input size: 6
2026-07-24 13:19:47 | INFO     | __main__ | Step 4/6 : Initialising trainer
2026-07-24 13:19:47 | INFO     | src.models.trainer | Initialising trainer...
2026-07-24 13:19:47 | WARNING  | src.models.trainer | MPS backend detected; falling back to CPU because it can produce unstable training results on this project.
2026-07-24 13:19:47 | INFO     | src.models.trainer | Training device: cpu
2026-07-24 13:19:47 | INFO     | src.models.trainer | SequenceData y_train: min=-1.262985348701477, max=3.2605814933776855
2026-07-24 13:19:47 | INFO     | src.models.trainer | SequenceData y_validation: min=-1.646776795387268, max=-0.7225300669670105
2026-07-24 13:19:47 | INFO     | src.models.trainer | SequenceData y_test: min=-1.1580467224121094, max=1.9002104997634888
2026-07-24 13:19:47 | INFO     | src.data.dataset | Dataset created with 181 samples.
2026-07-24 13:19:47 | INFO     | src.data.dataset | Dataset created with 29 samples.
2026-07-24 13:19:47 | INFO     | src.data.dataset | Dataset created with 30 samples.
2026-07-24 13:19:48 | INFO     | src.models.trainer | Trainer initialised successfully.
2026-07-24 13:19:48 | INFO     | src.models.trainer | No previous checkpoint found.
2026-07-24 13:19:48 | INFO     | __main__ | Step 5/6 : Training model
2026-07-24 13:19:48 | INFO     | src.models.trainer | Starting training...
2026-07-24 13:19:48 | INFO     | src.utils.checkpoint | Checkpoint saved to /Users/paulettamaunge/Documents/GitHub/Hackathon_PolyglotPioneers/models/checkpoints/last_checkpoint.pth
2026-07-24 13:19:48 | INFO     | src.utils.checkpoint | Checkpoint saved to /Users/paulettamaunge/Documents/GitHub/Hackathon_PolyglotPioneers/models/checkpoints/best_lstm_model.pth
2026-07-24 13:19:48 | INFO     | src.utils.checkpoint | Training history saved to /Users/paulettamaunge/Documents/GitHub/Hackathon_PolyglotPioneers/models/training_history.json
2026-07-24 13:19:48 | INFO     | src.models.trainer | Epoch 1/100 | Train=0.999631 | Validation=1.566769 | MAE=1.212723 | RMSE=1.251706 | R²=-15.3898
2026-07-24 13:19:48 | INFO     | src.utils.checkpoint | Checkpoint saved to /Users/paulettamaunge/Documents/GitHub/Hackathon_PolyglotPioneers/models/checkpoints/last_checkpoint.pth
2026-07-24 13:19:48 | INFO     | src.utils.checkpoint | Checkpoint saved to /Users/paulettamaunge/Documents/GitHub/Hackathon_PolyglotPioneers/models/checkpoints/best_lstm_model.pth
2026-07-24 13:19:48 | INFO     | src.utils.checkpoint | Training history saved to /Users/paulettamaunge/Documents/GitHub/Hackathon_PolyglotPioneers/models/training_history.json
2026-07-24 13:19:48 | INFO     | src.models.trainer | Epoch 2/100 | Train=0.939047 | Validation=1.117448 | MAE=1.010104 | RMSE=1.057094 | R²=-10.6895
2026-07-24 13:19:48 | INFO     | src.utils.checkpoint | Checkpoint saved to /Users/paulettamaunge/Documents/GitHub/Hackathon_PolyglotPioneers/models/checkpoints/last_checkpoint.pth
2026-07-24 13:19:48 | INFO     | src.utils.checkpoint | Checkpoint saved to /Users/paulettamaunge/Documents/GitHub/Hackathon_PolyglotPioneers/models/checkpoints/best_lstm_model.pth
2026-07-24 13:19:48 | INFO     | src.utils.checkpoint | Training history saved to /Users/paulettamaunge/Documents/GitHub/Hackathon_PolyglotPioneers/models/training_history.json
2026-07-24 13:19:48 | INFO     | src.models.trainer | Epoch 3/100 | Train=0.813987 | Validation=0.363157 | MAE=0.513896 | RMSE=0.602625 | R²=-2.7989
2026-07-24 13:19:48 | INFO     | src.utils.checkpoint | Checkpoint saved to /Users/paulettamaunge/Documents/GitHub/Hackathon_PolyglotPioneers/models/checkpoints/last_checkpoint.pth
2026-07-24 13:19:48 | INFO     | src.utils.checkpoint | Checkpoint saved to /Users/paulettamaunge/Documents/GitHub/Hackathon_PolyglotPioneers/models/checkpoints/best_lstm_model.pth
2026-07-24 13:19:48 | INFO     | src.utils.checkpoint | Training history saved to /Users/paulettamaunge/Documents/GitHub/Hackathon_PolyglotPioneers/models/training_history.json
2026-07-24 13:19:48 | INFO     | src.models.trainer | Epoch 4/100 | Train=0.650130 | Validation=0.145912 | MAE=0.296376 | RMSE=0.381984 | R²=-0.5264
2026-07-24 13:19:49 | INFO     | src.utils.checkpoint | Checkpoint saved to /Users/paulettamaunge/Documents/GitHub/Hackathon_PolyglotPioneers/models/checkpoints/last_checkpoint.pth
2026-07-24 13:19:49 | INFO     | src.utils.checkpoint | Checkpoint saved to /Users/paulettamaunge/Documents/GitHub/Hackathon_PolyglotPioneers/models/checkpoints/best_lstm_model.pth
2026-07-24 13:19:49 | INFO     | src.utils.checkpoint | Training history saved to /Users/paulettamaunge/Documents/GitHub/Hackathon_PolyglotPioneers/models/training_history.json
2026-07-24 13:19:49 | INFO     | src.models.trainer | Epoch 5/100 | Train=0.488799 | Validation=0.104028 | MAE=0.295049 | RMSE=0.322534 | R²=-0.0882
2026-07-24 13:19:49 | INFO     | src.utils.checkpoint | Checkpoint saved to /Users/paulettamaunge/Documents/GitHub/Hackathon_PolyglotPioneers/models/checkpoints/last_checkpoint.pth
2026-07-24 13:19:49 | INFO     | src.utils.checkpoint | Training history saved to /Users/paulettamaunge/Documents/GitHub/Hackathon_PolyglotPioneers/models/training_history.json
2026-07-24 13:19:49 | INFO     | src.models.trainer | Epoch 6/100 | Train=0.393179 | Validation=0.110461 | MAE=0.302054 | RMSE=0.332357 | R²=-0.1555
2026-07-24 13:19:49 | INFO     | src.utils.checkpoint | Checkpoint saved to /Users/paulettamaunge/Documents/GitHub/Hackathon_PolyglotPioneers/models/checkpoints/last_checkpoint.pth
2026-07-24 13:19:49 | INFO     | src.utils.checkpoint | Training history saved to /Users/paulettamaunge/Documents/GitHub/Hackathon_PolyglotPioneers/models/training_history.json
2026-07-24 13:19:49 | INFO     | src.models.trainer | Epoch 7/100 | Train=0.313066 | Validation=0.121477 | MAE=0.312282 | RMSE=0.348536 | R²=-0.2708
2026-07-24 13:19:49 | INFO     | src.utils.checkpoint | Checkpoint saved to /Users/paulettamaunge/Documents/GitHub/Hackathon_PolyglotPioneers/models/checkpoints/last_checkpoint.pth
2026-07-24 13:19:49 | INFO     | src.utils.checkpoint | Training history saved to /Users/paulettamaunge/Documents/GitHub/Hackathon_PolyglotPioneers/models/training_history.json
2026-07-24 13:19:49 | INFO     | src.models.trainer | Epoch 8/100 | Train=0.266199 | Validation=0.152946 | MAE=0.339105 | RMSE=0.391083 | R²=-0.5999
2026-07-24 13:19:49 | INFO     | src.utils.checkpoint | Checkpoint saved to /Users/paulettamaunge/Documents/GitHub/Hackathon_PolyglotPioneers/models/checkpoints/last_checkpoint.pth
2026-07-24 13:19:49 | INFO     | src.utils.checkpoint | Training history saved to /Users/paulettamaunge/Documents/GitHub/Hackathon_PolyglotPioneers/models/training_history.json
2026-07-24 13:19:49 | INFO     | src.models.trainer | Epoch 9/100 | Train=0.235420 | Validation=0.132461 | MAE=0.324118 | RMSE=0.363951 | R²=-0.3857
2026-07-24 13:19:49 | INFO     | src.utils.checkpoint | Checkpoint saved to /Users/paulettamaunge/Documents/GitHub/Hackathon_PolyglotPioneers/models/checkpoints/last_checkpoint.pth
2026-07-24 13:19:49 | INFO     | src.utils.checkpoint | Checkpoint saved to /Users/paulettamaunge/Documents/GitHub/Hackathon_PolyglotPioneers/models/checkpoints/best_lstm_model.pth
2026-07-24 13:19:49 | INFO     | src.utils.checkpoint | Training history saved to /Users/paulettamaunge/Documents/GitHub/Hackathon_PolyglotPioneers/models/training_history.json
2026-07-24 13:19:49 | INFO     | src.models.trainer | Epoch 10/100 | Train=0.197433 | Validation=0.101636 | MAE=0.287737 | RMSE=0.318804 | R²=-0.0632
2026-07-24 13:19:49 | INFO     | src.utils.checkpoint | Checkpoint saved to /Users/paulettamaunge/Documents/GitHub/Hackathon_PolyglotPioneers/models/checkpoints/last_checkpoint.pth
2026-07-24 13:19:49 | INFO     | src.utils.checkpoint | Training history saved to /Users/paulettamaunge/Documents/GitHub/Hackathon_PolyglotPioneers/models/training_history.json
2026-07-24 13:19:49 | INFO     | src.models.trainer | Epoch 11/100 | Train=0.190342 | Validation=0.103177 | MAE=0.292318 | RMSE=0.321211 | R²=-0.0793
2026-07-24 13:19:49 | INFO     | src.utils.checkpoint | Checkpoint saved to /Users/paulettamaunge/Documents/GitHub/Hackathon_PolyglotPioneers/models/checkpoints/last_checkpoint.pth
2026-07-24 13:19:49 | INFO     | src.utils.checkpoint | Training history saved to /Users/paulettamaunge/Documents/GitHub/Hackathon_PolyglotPioneers/models/training_history.json
2026-07-24 13:19:49 | INFO     | src.models.trainer | Epoch 12/100 | Train=0.182064 | Validation=0.119989 | MAE=0.310610 | RMSE=0.346394 | R²=-0.2552
2026-07-24 13:19:49 | INFO     | src.utils.checkpoint | Checkpoint saved to /Users/paulettamaunge/Documents/GitHub/Hackathon_PolyglotPioneers/models/checkpoints/last_checkpoint.pth
2026-07-24 13:19:49 | INFO     | src.utils.checkpoint | Training history saved to /Users/paulettamaunge/Documents/GitHub/Hackathon_PolyglotPioneers/models/training_history.json
2026-07-24 13:19:49 | INFO     | src.models.trainer | Epoch 13/100 | Train=0.163326 | Validation=0.141172 | MAE=0.329347 | RMSE=0.375728 | R²=-0.4768
2026-07-24 13:19:49 | INFO     | src.utils.checkpoint | Checkpoint saved to /Users/paulettamaunge/Documents/GitHub/Hackathon_PolyglotPioneers/models/checkpoints/last_checkpoint.pth
2026-07-24 13:19:49 | INFO     | src.utils.checkpoint | Training history saved to /Users/paulettamaunge/Documents/GitHub/Hackathon_PolyglotPioneers/models/training_history.json
2026-07-24 13:19:49 | INFO     | src.models.trainer | Epoch 14/100 | Train=0.150057 | Validation=0.166457 | MAE=0.347968 | RMSE=0.407992 | R²=-0.7413
2026-07-24 13:19:49 | INFO     | src.utils.checkpoint | Checkpoint saved to /Users/paulettamaunge/Documents/GitHub/Hackathon_PolyglotPioneers/models/checkpoints/last_checkpoint.pth
2026-07-24 13:19:49 | INFO     | src.utils.checkpoint | Training history saved to /Users/paulettamaunge/Documents/GitHub/Hackathon_PolyglotPioneers/models/training_history.json
2026-07-24 13:19:49 | INFO     | src.models.trainer | Epoch 15/100 | Train=0.149597 | Validation=0.134016 | MAE=0.324466 | RMSE=0.366082 | R²=-0.4019
2026-07-24 13:19:49 | INFO     | src.models.trainer | Learning rate changed from 0.001000 to 0.000500
2026-07-24 13:19:49 | INFO     | src.utils.checkpoint | Checkpoint saved to /Users/paulettamaunge/Documents/GitHub/Hackathon_PolyglotPioneers/models/checkpoints/last_checkpoint.pth
2026-07-24 13:19:49 | INFO     | src.utils.checkpoint | Training history saved to /Users/paulettamaunge/Documents/GitHub/Hackathon_PolyglotPioneers/models/training_history.json
2026-07-24 13:19:49 | INFO     | src.models.trainer | Epoch 16/100 | Train=0.146779 | Validation=0.126666 | MAE=0.318260 | RMSE=0.355902 | R²=-0.3250
2026-07-24 13:19:49 | INFO     | src.utils.checkpoint | Checkpoint saved to /Users/paulettamaunge/Documents/GitHub/Hackathon_PolyglotPioneers/models/checkpoints/last_checkpoint.pth
2026-07-24 13:19:49 | INFO     | src.utils.checkpoint | Training history saved to /Users/paulettamaunge/Documents/GitHub/Hackathon_PolyglotPioneers/models/training_history.json
2026-07-24 13:19:49 | INFO     | src.models.trainer | Epoch 17/100 | Train=0.127863 | Validation=0.131199 | MAE=0.322840 | RMSE=0.362214 | R²=-0.3725
2026-07-24 13:19:49 | INFO     | src.utils.checkpoint | Checkpoint saved to /Users/paulettamaunge/Documents/GitHub/Hackathon_PolyglotPioneers/models/checkpoints/last_checkpoint.pth
2026-07-24 13:19:49 | INFO     | src.utils.checkpoint | Training history saved to /Users/paulettamaunge/Documents/GitHub/Hackathon_PolyglotPioneers/models/training_history.json
2026-07-24 13:19:49 | INFO     | src.models.trainer | Epoch 18/100 | Train=0.131026 | Validation=0.126885 | MAE=0.318853 | RMSE=0.356209 | R²=-0.3273
2026-07-24 13:19:49 | INFO     | src.utils.checkpoint | Checkpoint saved to /Users/paulettamaunge/Documents/GitHub/Hackathon_PolyglotPioneers/models/checkpoints/last_checkpoint.pth
2026-07-24 13:19:49 | INFO     | src.utils.checkpoint | Training history saved to /Users/paulettamaunge/Documents/GitHub/Hackathon_PolyglotPioneers/models/training_history.json
2026-07-24 13:19:49 | INFO     | src.models.trainer | Epoch 19/100 | Train=0.117518 | Validation=0.117477 | MAE=0.308721 | RMSE=0.342749 | R²=-0.2289
2026-07-24 13:19:49 | INFO     | src.utils.checkpoint | Checkpoint saved to /Users/paulettamaunge/Documents/GitHub/Hackathon_PolyglotPioneers/models/checkpoints/last_checkpoint.pth
2026-07-24 13:19:49 | INFO     | src.utils.checkpoint | Training history saved to /Users/paulettamaunge/Documents/GitHub/Hackathon_PolyglotPioneers/models/training_history.json
2026-07-24 13:19:49 | INFO     | src.models.trainer | Epoch 20/100 | Train=0.113971 | Validation=0.121078 | MAE=0.312873 | RMSE=0.347962 | R²=-0.2666
2026-07-24 13:19:49 | INFO     | src.utils.checkpoint | Checkpoint saved to /Users/paulettamaunge/Documents/GitHub/Hackathon_PolyglotPioneers/models/checkpoints/last_checkpoint.pth
2026-07-24 13:19:49 | INFO     | src.utils.checkpoint | Training history saved to /Users/paulettamaunge/Documents/GitHub/Hackathon_PolyglotPioneers/models/training_history.json
2026-07-24 13:19:49 | INFO     | src.models.trainer | Epoch 21/100 | Train=0.110973 | Validation=0.127956 | MAE=0.320426 | RMSE=0.357710 | R²=-0.3385
2026-07-24 13:19:49 | INFO     | src.models.trainer | Learning rate changed from 0.000500 to 0.000250
2026-07-24 13:19:49 | INFO     | src.utils.checkpoint | Checkpoint saved to /Users/paulettamaunge/Documents/GitHub/Hackathon_PolyglotPioneers/models/checkpoints/last_checkpoint.pth
2026-07-24 13:19:49 | INFO     | src.utils.checkpoint | Training history saved to /Users/paulettamaunge/Documents/GitHub/Hackathon_PolyglotPioneers/models/training_history.json
2026-07-24 13:19:49 | INFO     | src.models.trainer | Epoch 22/100 | Train=0.117589 | Validation=0.119587 | MAE=0.311272 | RMSE=0.345813 | R²=-0.2510
2026-07-24 13:19:49 | INFO     | src.utils.checkpoint | Checkpoint saved to /Users/paulettamaunge/Documents/GitHub/Hackathon_PolyglotPioneers/models/checkpoints/last_checkpoint.pth
2026-07-24 13:19:49 | INFO     | src.utils.checkpoint | Training history saved to /Users/paulettamaunge/Documents/GitHub/Hackathon_PolyglotPioneers/models/training_history.json
2026-07-24 13:19:49 | INFO     | src.models.trainer | Epoch 23/100 | Train=0.096477 | Validation=0.118210 | MAE=0.309754 | RMSE=0.343816 | R²=-0.2366
2026-07-24 13:19:49 | INFO     | src.utils.checkpoint | Checkpoint saved to /Users/paulettamaunge/Documents/GitHub/Hackathon_PolyglotPioneers/models/checkpoints/last_checkpoint.pth
2026-07-24 13:19:49 | INFO     | src.utils.checkpoint | Training history saved to /Users/paulettamaunge/Documents/GitHub/Hackathon_PolyglotPioneers/models/training_history.json
2026-07-24 13:19:49 | INFO     | src.models.trainer | Epoch 24/100 | Train=0.087362 | Validation=0.118694 | MAE=0.310268 | RMSE=0.344519 | R²=-0.2416
2026-07-24 13:19:49 | INFO     | src.utils.checkpoint | Checkpoint saved to /Users/paulettamaunge/Documents/GitHub/Hackathon_PolyglotPioneers/models/checkpoints/last_checkpoint.pth
2026-07-24 13:19:49 | INFO     | src.utils.checkpoint | Training history saved to /Users/paulettamaunge/Documents/GitHub/Hackathon_PolyglotPioneers/models/training_history.json
2026-07-24 13:19:49 | INFO     | src.models.trainer | Epoch 25/100 | Train=0.087465 | Validation=0.121654 | MAE=0.313879 | RMSE=0.348790 | R²=-0.2726
2026-07-24 13:19:49 | INFO     | src.models.trainer | Early stopping triggered.
2026-07-24 13:19:49 | INFO     | src.models.trainer | Training finished. Best epoch: 10
2026-07-24 13:19:49 | INFO     | __main__ | Loading best model...
2026-07-24 13:19:49 | INFO     | src.utils.checkpoint | Checkpoint loaded from /Users/paulettamaunge/Documents/GitHub/Hackathon_PolyglotPioneers/models/checkpoints/best_lstm_model.pth
2026-07-24 13:19:49 | INFO     | src.models.trainer | Best model loaded.
2026-07-24 13:19:49 | INFO     | __main__ | Step 6/6 : Evaluating model
2026-07-24 13:19:49 | INFO     | src.models.trainer | Mean shape: (30,)
2026-07-24 13:19:49 | INFO     | src.models.trainer | Std shape: (30,)
2026-07-24 13:19:49 | INFO     | src.models.trainer | Samples shape: (100, 30)
2026-07-24 13:19:49 | INFO     | src.models.trainer | First prediction mean: -1.2666447162628174
2026-07-24 13:19:49 | INFO     | src.models.trainer | First prediction std: 0.10998222976922989
2026-07-24 13:19:49 | INFO     | src.models.trainer | Predictions: min=-1.3010, max=-0.3366, mean=-0.8998
2026-07-24 13:19:49 | INFO     | src.models.trainer | Targets: min=-1.1580, max=1.9002, mean=0.4756
2026-07-24 13:19:49 | INFO     | src.models.trainer | First 10 predictions: [-1.2666447 -1.267997  -1.267364  -1.2939708 -1.2607073 -1.2963299
 -1.2759442 -1.2831458 -1.3010222 -1.277643 ]
2026-07-24 13:19:49 | INFO     | src.models.trainer | First 10 targets: [-0.18336818 -0.2226519  -0.21740645 -0.1309263  -0.14575772 -0.05156028
 -0.08376345 -0.14006779 -0.7410532  -1.1580467 ]
2026-07-24 13:19:49 | INFO     | src.models.trainer | Prediction correlation = 0.4248
2026-07-24 13:19:49 | INFO     | src.models.trainer | Test metrics: {'mae': 1.3753835900376241, 'mse': 2.536529265236923, 'rmse': 1.5926485064937972, 'r2': -2.2238522107363625}
2026-07-24 13:19:49 | INFO     | __main__ | ================================================================================
2026-07-24 13:19:49 | INFO     | __main__ | FINAL TEST RESULTS
2026-07-24 13:19:49 | INFO     | __main__ | ================================================================================
2026-07-24 13:19:49 | INFO     | __main__ | MAE     : 1.375384
2026-07-24 13:19:49 | INFO     | __main__ | MSE     : 2.536529
2026-07-24 13:19:49 | INFO     | __main__ | RMSE    : 1.592649
2026-07-24 13:19:49 | INFO     | __main__ | R2      : -2.223852
2026-07-24 13:19:49 | INFO     | __main__ | ================================================================================
2026-07-24 13:19:49 | INFO     | __main__ | FORECASTING PIPELINE COMPLETED SUCCESSFULLY
2026-07-24 13:19:49 | INFO     | __main__ | ================================================================================
2026-07-24 13:29:22 | INFO     | __main__ | ================================================================================
2026-07-24 13:29:22 | INFO     | __main__ | FORECASTING PIPELINE STARTED
2026-07-24 13:29:22 | INFO     | __main__ | ================================================================================
2026-07-24 13:29:22 | INFO     | __main__ | Step 1/6 : Loading dataset
2026-07-24 13:29:22 | INFO     | src.data.data_loader | Loading dataset...
2026-07-24 13:29:22 | INFO     | src.data.data_loader | Dataset loaded successfully (276 rows × 10 columns)
2026-07-24 13:29:22 | INFO     | src.data.data_loader | Validating dataset...
2026-07-24 13:29:22 | INFO     | src.data.data_loader | No missing values detected.
2026-07-24 13:29:22 | INFO     | src.data.data_loader | Sorting by 'year_month'.
2026-07-24 13:29:22 | INFO     | src.data.data_loader | Feature columns: ['FAO_23012', 'FAO_23013', 'BDI_std', 'monthly_return_bdi', 'Brent_USD_per_barrel', 'policy_rate']
2026-07-24 13:29:22 | INFO     | src.data.data_loader | ============================================================
2026-07-24 13:29:22 | INFO     | src.data.data_loader | Dataset Summary
2026-07-24 13:29:22 | INFO     | src.data.data_loader | ============================================================
2026-07-24 13:29:22 | INFO     | src.data.data_loader | Rows      : 276
2026-07-24 13:29:22 | INFO     | src.data.data_loader | Columns   : 10
2026-07-24 13:29:22 | INFO     | src.data.data_loader | Features  : 6
2026-07-24 13:29:22 | INFO     | src.data.data_loader | Target    : FAO_23014
2026-07-24 13:29:22 | INFO     | src.data.data_loader | ============================================================
2026-07-24 13:29:22 | INFO     | __main__ | Running persistence baseline...
2026-07-24 13:29:22 | INFO     | __main__ | Running correlation analysis...
2026-07-24 13:29:22 | INFO     | __main__ | Running feature importance analysis...
2026-07-24 13:29:23 | INFO     | __main__ | Step 2/6 : Preprocessing dataset
2026-07-24 13:29:23 | INFO     | src.data.preprocessor | Splitting dataset chronologically...
2026-07-24 13:29:23 | INFO     | src.data.preprocessor | Train rows      : 193
2026-07-24 13:29:23 | INFO     | src.data.preprocessor | Validation rows : 41
2026-07-24 13:29:23 | INFO     | src.data.preprocessor | Test rows       : 42
2026-07-24 13:29:23 | INFO     | src.data.preprocessor | Fitting feature scaler on training data...
2026-07-24 13:29:23 | INFO     | src.data.preprocessor | Fitting target scaler on training data...
2026-07-24 13:29:23 | INFO     | src.data.preprocessor | Saving preprocessing artifacts...
2026-07-24 13:29:23 | INFO     | src.data.preprocessor | Metadata saved.
2026-07-24 13:29:23 | INFO     | src.data.preprocessor | Preprocessing pipeline completed successfully.
2026-07-24 13:29:23 | INFO     | __main__ | Step 3/6 : Building LSTM sequences
2026-07-24 13:29:23 | INFO     | src.models.sequence_builder | Building LSTM sequence datasets...
2026-07-24 13:29:23 | INFO     | src.models.sequence_builder | Creating sequences (window=12)...
2026-07-24 13:29:23 | INFO     | src.models.sequence_builder | Generated 181 sequences.
2026-07-24 13:29:23 | INFO     | src.models.sequence_builder | Sequence shape: (181, 12, 6)
2026-07-24 13:29:23 | INFO     | src.models.sequence_builder | Creating sequences (window=12)...
2026-07-24 13:29:23 | INFO     | src.models.sequence_builder | Generated 29 sequences.
2026-07-24 13:29:23 | INFO     | src.models.sequence_builder | Sequence shape: (29, 12, 6)
2026-07-24 13:29:23 | INFO     | src.models.sequence_builder | Creating sequences (window=12)...
2026-07-24 13:29:23 | INFO     | src.models.sequence_builder | Generated 30 sequences.
2026-07-24 13:29:23 | INFO     | src.models.sequence_builder | Sequence shape: (30, 12, 6)
2026-07-24 13:29:23 | INFO     | src.models.sequence_builder | y_train_seq min=-1.262985348701477, max=3.2605814933776855
2026-07-24 13:29:23 | INFO     | src.models.sequence_builder | y_val_seq min=-1.646776795387268, max=-0.7225300669670105
2026-07-24 13:29:23 | INFO     | src.models.sequence_builder | y_test_seq min=-1.1580467224121094, max=1.9002104997634888
2026-07-24 13:29:23 | INFO     | src.models.sequence_builder | y_val_seq NaNs=0, Infs=0
2026-07-24 13:29:23 | INFO     | src.models.sequence_builder | Sequence generation completed successfully.
2026-07-24 13:29:23 | INFO     | src.models.sequence_builder | Input size: 6
2026-07-24 13:29:23 | INFO     | __main__ | Step 4/6 : Initialising trainer
2026-07-24 13:29:23 | INFO     | src.models.trainer | Initialising trainer...
2026-07-24 13:29:23 | WARNING  | src.models.trainer | MPS backend detected; falling back to CPU because it can produce unstable training results on this project.
2026-07-24 13:29:23 | INFO     | src.models.trainer | Training device: cpu
2026-07-24 13:29:23 | INFO     | src.models.trainer | SequenceData y_train: min=-1.262985348701477, max=3.2605814933776855
2026-07-24 13:29:23 | INFO     | src.models.trainer | SequenceData y_validation: min=-1.646776795387268, max=-0.7225300669670105
2026-07-24 13:29:23 | INFO     | src.models.trainer | SequenceData y_test: min=-1.1580467224121094, max=1.9002104997634888
2026-07-24 13:29:23 | INFO     | src.data.dataset | Dataset created with 181 samples.
2026-07-24 13:29:23 | INFO     | src.data.dataset | Dataset created with 29 samples.
2026-07-24 13:29:23 | INFO     | src.data.dataset | Dataset created with 30 samples.
2026-07-24 13:29:24 | INFO     | src.models.trainer | Trainer initialised successfully.
2026-07-24 13:29:24 | INFO     | src.utils.checkpoint | Checkpoint loaded from /Users/paulettamaunge/Documents/GitHub/Hackathon_PolyglotPioneers/models/checkpoints/last_checkpoint.pth
2026-07-24 13:29:24 | INFO     | src.models.trainer | Resuming from epoch 25
2026-07-24 13:29:24 | INFO     | __main__ | Step 5/6 : Training model
2026-07-24 13:29:24 | INFO     | src.models.trainer | Starting training...
2026-07-24 13:29:24 | INFO     | src.utils.checkpoint | Checkpoint saved to /Users/paulettamaunge/Documents/GitHub/Hackathon_PolyglotPioneers/models/checkpoints/last_checkpoint.pth
2026-07-24 13:29:24 | INFO     | src.utils.checkpoint | Training history saved to /Users/paulettamaunge/Documents/GitHub/Hackathon_PolyglotPioneers/models/training_history.json
2026-07-24 13:29:24 | INFO     | src.models.trainer | Epoch 26/100 | Train=0.095771 | Validation=0.122072 | MAE=0.314376 | RMSE=0.349389 | R²=-0.2770
2026-07-24 13:29:24 | INFO     | src.utils.checkpoint | Checkpoint saved to /Users/paulettamaunge/Documents/GitHub/Hackathon_PolyglotPioneers/models/checkpoints/last_checkpoint.pth
2026-07-24 13:29:24 | INFO     | src.utils.checkpoint | Training history saved to /Users/paulettamaunge/Documents/GitHub/Hackathon_PolyglotPioneers/models/training_history.json
2026-07-24 13:29:24 | INFO     | src.models.trainer | Epoch 27/100 | Train=0.082483 | Validation=0.124634 | MAE=0.317260 | RMSE=0.353036 | R²=-0.3038
2026-07-24 13:29:24 | INFO     | src.models.trainer | Learning rate changed from 0.000250 to 0.000125
2026-07-24 13:29:24 | INFO     | src.utils.checkpoint | Checkpoint saved to /Users/paulettamaunge/Documents/GitHub/Hackathon_PolyglotPioneers/models/checkpoints/last_checkpoint.pth
2026-07-24 13:29:24 | INFO     | src.utils.checkpoint | Training history saved to /Users/paulettamaunge/Documents/GitHub/Hackathon_PolyglotPioneers/models/training_history.json
2026-07-24 13:29:24 | INFO     | src.models.trainer | Epoch 28/100 | Train=0.090502 | Validation=0.123908 | MAE=0.316491 | RMSE=0.352006 | R²=-0.2962
2026-07-24 13:29:24 | INFO     | src.utils.checkpoint | Checkpoint saved to /Users/paulettamaunge/Documents/GitHub/Hackathon_PolyglotPioneers/models/checkpoints/last_checkpoint.pth
2026-07-24 13:29:24 | INFO     | src.utils.checkpoint | Training history saved to /Users/paulettamaunge/Documents/GitHub/Hackathon_PolyglotPioneers/models/training_history.json
2026-07-24 13:29:24 | INFO     | src.models.trainer | Epoch 29/100 | Train=0.090037 | Validation=0.124646 | MAE=0.317315 | RMSE=0.353053 | R²=-0.3039
2026-07-24 13:29:24 | INFO     | src.utils.checkpoint | Checkpoint saved to /Users/paulettamaunge/Documents/GitHub/Hackathon_PolyglotPioneers/models/checkpoints/last_checkpoint.pth
2026-07-24 13:29:24 | INFO     | src.utils.checkpoint | Training history saved to /Users/paulettamaunge/Documents/GitHub/Hackathon_PolyglotPioneers/models/training_history.json
2026-07-24 13:29:24 | INFO     | src.models.trainer | Epoch 30/100 | Train=0.086760 | Validation=0.124950 | MAE=0.317642 | RMSE=0.353483 | R²=-0.3071
2026-07-24 13:29:24 | INFO     | src.utils.checkpoint | Checkpoint saved to /Users/paulettamaunge/Documents/GitHub/Hackathon_PolyglotPioneers/models/checkpoints/last_checkpoint.pth
2026-07-24 13:29:24 | INFO     | src.utils.checkpoint | Training history saved to /Users/paulettamaunge/Documents/GitHub/Hackathon_PolyglotPioneers/models/training_history.json
2026-07-24 13:29:24 | INFO     | src.models.trainer | Epoch 31/100 | Train=0.083499 | Validation=0.124835 | MAE=0.317526 | RMSE=0.353321 | R²=-0.3059
2026-07-24 13:29:24 | INFO     | src.utils.checkpoint | Checkpoint saved to /Users/paulettamaunge/Documents/GitHub/Hackathon_PolyglotPioneers/models/checkpoints/last_checkpoint.pth
2026-07-24 13:29:24 | INFO     | src.utils.checkpoint | Training history saved to /Users/paulettamaunge/Documents/GitHub/Hackathon_PolyglotPioneers/models/training_history.json
2026-07-24 13:29:24 | INFO     | src.models.trainer | Epoch 32/100 | Train=0.083012 | Validation=0.126919 | MAE=0.319750 | RMSE=0.356257 | R²=-0.3277
2026-07-24 13:29:24 | INFO     | src.utils.checkpoint | Checkpoint saved to /Users/paulettamaunge/Documents/GitHub/Hackathon_PolyglotPioneers/models/checkpoints/last_checkpoint.pth
2026-07-24 13:29:24 | INFO     | src.utils.checkpoint | Training history saved to /Users/paulettamaunge/Documents/GitHub/Hackathon_PolyglotPioneers/models/training_history.json
2026-07-24 13:29:24 | INFO     | src.models.trainer | Epoch 33/100 | Train=0.086172 | Validation=0.128000 | MAE=0.320861 | RMSE=0.357772 | R²=-0.3390
2026-07-24 13:29:24 | INFO     | src.models.trainer | Learning rate changed from 0.000125 to 0.000063
2026-07-24 13:29:24 | INFO     | src.utils.checkpoint | Checkpoint saved to /Users/paulettamaunge/Documents/GitHub/Hackathon_PolyglotPioneers/models/checkpoints/last_checkpoint.pth
2026-07-24 13:29:24 | INFO     | src.utils.checkpoint | Training history saved to /Users/paulettamaunge/Documents/GitHub/Hackathon_PolyglotPioneers/models/training_history.json
2026-07-24 13:29:24 | INFO     | src.models.trainer | Epoch 34/100 | Train=0.086377 | Validation=0.128384 | MAE=0.321232 | RMSE=0.358307 | R²=-0.3430
2026-07-24 13:29:24 | INFO     | src.utils.checkpoint | Checkpoint saved to /Users/paulettamaunge/Documents/GitHub/Hackathon_PolyglotPioneers/models/checkpoints/last_checkpoint.pth
2026-07-24 13:29:24 | INFO     | src.utils.checkpoint | Training history saved to /Users/paulettamaunge/Documents/GitHub/Hackathon_PolyglotPioneers/models/training_history.json
2026-07-24 13:29:24 | INFO     | src.models.trainer | Epoch 35/100 | Train=0.076534 | Validation=0.128134 | MAE=0.320978 | RMSE=0.357958 | R²=-0.3404
2026-07-24 13:29:24 | INFO     | src.utils.checkpoint | Checkpoint saved to /Users/paulettamaunge/Documents/GitHub/Hackathon_PolyglotPioneers/models/checkpoints/last_checkpoint.pth
2026-07-24 13:29:24 | INFO     | src.utils.checkpoint | Training history saved to /Users/paulettamaunge/Documents/GitHub/Hackathon_PolyglotPioneers/models/training_history.json
2026-07-24 13:29:24 | INFO     | src.models.trainer | Epoch 36/100 | Train=0.077617 | Validation=0.128715 | MAE=0.321558 | RMSE=0.358768 | R²=-0.3465
2026-07-24 13:29:24 | INFO     | src.utils.checkpoint | Checkpoint saved to /Users/paulettamaunge/Documents/GitHub/Hackathon_PolyglotPioneers/models/checkpoints/last_checkpoint.pth
2026-07-24 13:29:24 | INFO     | src.utils.checkpoint | Training history saved to /Users/paulettamaunge/Documents/GitHub/Hackathon_PolyglotPioneers/models/training_history.json
2026-07-24 13:29:24 | INFO     | src.models.trainer | Epoch 37/100 | Train=0.086567 | Validation=0.129222 | MAE=0.322064 | RMSE=0.359475 | R²=-0.3518
2026-07-24 13:29:24 | INFO     | src.utils.checkpoint | Checkpoint saved to /Users/paulettamaunge/Documents/GitHub/Hackathon_PolyglotPioneers/models/checkpoints/last_checkpoint.pth
2026-07-24 13:29:24 | INFO     | src.utils.checkpoint | Training history saved to /Users/paulettamaunge/Documents/GitHub/Hackathon_PolyglotPioneers/models/training_history.json
2026-07-24 13:29:24 | INFO     | src.models.trainer | Epoch 38/100 | Train=0.077044 | Validation=0.129343 | MAE=0.322183 | RMSE=0.359643 | R²=-0.3530
2026-07-24 13:29:24 | INFO     | src.utils.checkpoint | Checkpoint saved to /Users/paulettamaunge/Documents/GitHub/Hackathon_PolyglotPioneers/models/checkpoints/last_checkpoint.pth
2026-07-24 13:29:24 | INFO     | src.utils.checkpoint | Training history saved to /Users/paulettamaunge/Documents/GitHub/Hackathon_PolyglotPioneers/models/training_history.json
2026-07-24 13:29:24 | INFO     | src.models.trainer | Epoch 39/100 | Train=0.076730 | Validation=0.129406 | MAE=0.322245 | RMSE=0.359730 | R²=-0.3537
2026-07-24 13:29:24 | INFO     | src.models.trainer | Learning rate changed from 0.000063 to 0.000031
2026-07-24 13:29:24 | INFO     | src.utils.checkpoint | Checkpoint saved to /Users/paulettamaunge/Documents/GitHub/Hackathon_PolyglotPioneers/models/checkpoints/last_checkpoint.pth
2026-07-24 13:29:24 | INFO     | src.utils.checkpoint | Training history saved to /Users/paulettamaunge/Documents/GitHub/Hackathon_PolyglotPioneers/models/training_history.json
2026-07-24 13:29:24 | INFO     | src.models.trainer | Epoch 40/100 | Train=0.079096 | Validation=0.129134 | MAE=0.321978 | RMSE=0.359352 | R²=-0.3509
2026-07-24 13:29:24 | INFO     | src.models.trainer | Early stopping triggered.
2026-07-24 13:29:24 | INFO     | src.models.trainer | Training finished. Best epoch: 1
2026-07-24 13:29:24 | INFO     | __main__ | Loading best model...
2026-07-24 13:29:24 | INFO     | src.utils.checkpoint | Checkpoint loaded from /Users/paulettamaunge/Documents/GitHub/Hackathon_PolyglotPioneers/models/checkpoints/best_lstm_model.pth
2026-07-24 13:29:24 | INFO     | src.models.trainer | Best model loaded.
2026-07-24 13:29:24 | INFO     | __main__ | Step 6/6 : Evaluating model
2026-07-24 13:29:24 | INFO     | src.models.trainer | Mean shape: (30,)
2026-07-24 13:29:24 | INFO     | src.models.trainer | Std shape: (30,)
2026-07-24 13:29:24 | INFO     | src.models.trainer | Samples shape: (100, 30)
2026-07-24 13:29:24 | INFO     | src.models.trainer | Prediction: -1.2553
2026-07-24 13:29:24 | INFO     | src.models.trainer | 95% Confidence Interval: [-1.2772, -1.2334]
2026-07-24 13:29:24 | INFO     | src.models.trainer | 95% Prediction Interval: [-1.4745, -1.0361]
2026-07-24 13:29:26 | INFO     | src.models.trainer | Predictions: min=-1.2990, max=-0.3404, mean=-0.8988
2026-07-24 13:29:26 | INFO     | src.models.trainer | Targets: min=-1.1580, max=1.9002, mean=0.4756
2026-07-24 13:29:26 | INFO     | src.models.trainer | First 10 predictions: [-1.2553192 -1.251548  -1.2522293 -1.2342536 -1.2631602 -1.2759279
 -1.2744327 -1.2953671 -1.2746289 -1.292455 ]
2026-07-24 13:29:26 | INFO     | src.models.trainer | First 10 targets: [-0.18336818 -0.2226519  -0.21740645 -0.1309263  -0.14575772 -0.05156028
 -0.08376345 -0.14006779 -0.7410532  -1.1580467 ]
2026-07-24 13:29:26 | INFO     | src.models.trainer | Prediction correlation = 0.4227
2026-07-24 13:29:26 | INFO     | src.models.trainer | Test metrics: {'mae': 1.3744056665649016, 'mse': 2.5352352121466826, 'rmse': 1.5922421964470992, 'r2': -2.222207508278971}
2026-07-24 13:29:26 | INFO     | __main__ | ================================================================================
2026-07-24 13:29:26 | INFO     | __main__ | FINAL TEST RESULTS
2026-07-24 13:29:26 | INFO     | __main__ | ================================================================================
2026-07-24 13:29:26 | INFO     | __main__ | MAE     : 1.374406
2026-07-24 13:29:26 | INFO     | __main__ | MSE     : 2.535235
2026-07-24 13:29:26 | INFO     | __main__ | RMSE    : 1.592242
2026-07-24 13:29:26 | INFO     | __main__ | R2      : -2.222208
2026-07-24 13:29:26 | INFO     | __main__ | ================================================================================
2026-07-24 13:29:26 | INFO     | __main__ | FORECASTING PIPELINE COMPLETED SUCCESSFULLY
2026-07-24 13:29:26 | INFO     | __main__ | ================================================================================
2026-07-24 15:36:12 | INFO     | __main__ | ================================================================================
2026-07-24 15:36:12 | INFO     | __main__ | FORECASTING PIPELINE STARTED
2026-07-24 15:36:12 | INFO     | __main__ | ================================================================================
2026-07-24 15:36:12 | INFO     | __main__ | Step 1/6 : Loading dataset
2026-07-24 15:36:12 | INFO     | src.data.data_loader | Loading dataset...
2026-07-24 15:36:12 | INFO     | src.data.data_loader | Dataset loaded successfully (276 rows × 10 columns)
2026-07-24 15:36:12 | INFO     | src.data.data_loader | Validating dataset...
2026-07-24 15:36:12 | INFO     | src.data.data_loader | No missing values detected.
2026-07-24 15:36:12 | INFO     | src.data.data_loader | Sorting by 'year_month'.
2026-07-24 15:36:12 | INFO     | src.data.data_loader | Feature columns: ['FAO_23012', 'FAO_23013', 'BDI_std', 'monthly_return_bdi', 'Brent_USD_per_barrel', 'policy_rate']
2026-07-24 15:36:12 | INFO     | src.data.data_loader | ============================================================
2026-07-24 15:36:12 | INFO     | src.data.data_loader | Dataset Summary
2026-07-24 15:36:12 | INFO     | src.data.data_loader | ============================================================
2026-07-24 15:36:12 | INFO     | src.data.data_loader | Rows      : 276
2026-07-24 15:36:12 | INFO     | src.data.data_loader | Columns   : 10
2026-07-24 15:36:12 | INFO     | src.data.data_loader | Features  : 6
2026-07-24 15:36:12 | INFO     | src.data.data_loader | Target    : FAO_23014
2026-07-24 15:36:12 | INFO     | src.data.data_loader | ============================================================
2026-07-24 15:36:12 | INFO     | __main__ | Running persistence baseline...
2026-07-24 15:36:12 | INFO     | __main__ | Running correlation analysis...
2026-07-24 15:36:12 | INFO     | __main__ | Running feature importance analysis...
2026-07-24 15:36:12 | INFO     | __main__ | Step 2/6 : Preprocessing dataset
2026-07-24 15:36:12 | INFO     | src.data.preprocessor | Splitting dataset chronologically...
2026-07-24 15:36:12 | INFO     | src.data.preprocessor | Train rows      : 193
2026-07-24 15:36:12 | INFO     | src.data.preprocessor | Validation rows : 41
2026-07-24 15:36:12 | INFO     | src.data.preprocessor | Test rows       : 42
2026-07-24 15:36:12 | INFO     | src.data.preprocessor | Fitting feature scaler on training data...
2026-07-24 15:36:12 | INFO     | src.data.preprocessor | Fitting target scaler on training data...
2026-07-24 15:36:12 | INFO     | src.data.preprocessor | Saving preprocessing artifacts...
2026-07-24 15:36:12 | INFO     | src.data.preprocessor | Metadata saved.
2026-07-24 15:36:12 | INFO     | src.data.preprocessor | Preprocessing pipeline completed successfully.
2026-07-24 15:36:12 | INFO     | __main__ | Step 3/6 : Building LSTM sequences
2026-07-24 15:36:12 | INFO     | src.models.sequence_builder | Building LSTM sequence datasets...
2026-07-24 15:36:12 | INFO     | src.models.sequence_builder | Creating sequences (window=12)...
2026-07-24 15:36:12 | INFO     | src.models.sequence_builder | Generated 181 sequences.
2026-07-24 15:36:12 | INFO     | src.models.sequence_builder | Sequence shape: (181, 12, 6)
2026-07-24 15:36:12 | INFO     | src.models.sequence_builder | Creating sequences (window=12)...
2026-07-24 15:36:12 | INFO     | src.models.sequence_builder | Generated 29 sequences.
2026-07-24 15:36:12 | INFO     | src.models.sequence_builder | Sequence shape: (29, 12, 6)
2026-07-24 15:36:12 | INFO     | src.models.sequence_builder | Creating sequences (window=12)...
2026-07-24 15:36:12 | INFO     | src.models.sequence_builder | Generated 30 sequences.
2026-07-24 15:36:12 | INFO     | src.models.sequence_builder | Sequence shape: (30, 12, 6)
2026-07-24 15:36:12 | INFO     | src.models.sequence_builder | y_train_seq min=-1.262985348701477, max=3.2605814933776855
2026-07-24 15:36:12 | INFO     | src.models.sequence_builder | y_val_seq min=-1.646776795387268, max=-0.7225300669670105
2026-07-24 15:36:12 | INFO     | src.models.sequence_builder | y_test_seq min=-1.1580467224121094, max=1.9002104997634888
2026-07-24 15:36:12 | INFO     | src.models.sequence_builder | y_val_seq NaNs=0, Infs=0
2026-07-24 15:36:12 | INFO     | src.models.sequence_builder | Sequence generation completed successfully.
2026-07-24 15:36:12 | INFO     | src.models.sequence_builder | Input size: 6
2026-07-24 15:36:12 | INFO     | __main__ | Step 4/6 : Initialising trainer
2026-07-24 15:36:12 | INFO     | src.models.trainer | Initialising trainer...
2026-07-24 15:36:12 | WARNING  | src.models.trainer | MPS backend detected; falling back to CPU because it can produce unstable training results on this project.
2026-07-24 15:36:12 | INFO     | src.models.trainer | Training device: cpu
2026-07-24 15:36:12 | INFO     | src.models.trainer | SequenceData y_train: min=-1.262985348701477, max=3.2605814933776855
2026-07-24 15:36:12 | INFO     | src.models.trainer | SequenceData y_validation: min=-1.646776795387268, max=-0.7225300669670105
2026-07-24 15:36:12 | INFO     | src.models.trainer | SequenceData y_test: min=-1.1580467224121094, max=1.9002104997634888
2026-07-24 15:36:12 | INFO     | src.data.dataset | Dataset created with 181 samples.
2026-07-24 15:36:12 | INFO     | src.data.dataset | Dataset created with 29 samples.
2026-07-24 15:36:12 | INFO     | src.data.dataset | Dataset created with 30 samples.
2026-07-24 15:36:14 | INFO     | src.models.trainer | Trainer initialised successfully.
2026-07-24 15:36:14 | INFO     | src.utils.checkpoint | Checkpoint loaded from /Users/paulettamaunge/Documents/GitHub/Hackathon_PolyglotPioneers/models/checkpoints/last_checkpoint.pth
2026-07-24 15:36:14 | INFO     | src.models.trainer | Resuming from epoch 40
2026-07-24 15:36:14 | INFO     | __main__ | Step 5/6 : Training model
2026-07-24 15:36:14 | INFO     | src.models.trainer | Starting training...
2026-07-24 15:36:14 | INFO     | src.utils.checkpoint | Checkpoint saved to /Users/paulettamaunge/Documents/GitHub/Hackathon_PolyglotPioneers/models/checkpoints/last_checkpoint.pth
2026-07-24 15:36:14 | INFO     | src.utils.checkpoint | Checkpoint saved to /Users/paulettamaunge/Documents/GitHub/Hackathon_PolyglotPioneers/models/checkpoints/best_lstm_model.pth
2026-07-24 15:36:14 | INFO     | src.utils.checkpoint | Training history saved to /Users/paulettamaunge/Documents/GitHub/Hackathon_PolyglotPioneers/models/training_history.json
2026-07-24 15:36:14 | INFO     | src.models.trainer | Epoch 41/100 | Train=0.082863 | Validation=0.128661 | MAE=0.321509 | RMSE=0.358694 | R²=-0.3459
2026-07-24 15:36:14 | INFO     | src.utils.checkpoint | Checkpoint saved to /Users/paulettamaunge/Documents/GitHub/Hackathon_PolyglotPioneers/models/checkpoints/last_checkpoint.pth
2026-07-24 15:36:14 | INFO     | src.utils.checkpoint | Training history saved to /Users/paulettamaunge/Documents/GitHub/Hackathon_PolyglotPioneers/models/training_history.json
2026-07-24 15:36:14 | INFO     | src.models.trainer | Epoch 42/100 | Train=0.071901 | Validation=0.128809 | MAE=0.321656 | RMSE=0.358900 | R²=-0.3475
2026-07-24 15:36:14 | INFO     | src.utils.checkpoint | Checkpoint saved to /Users/paulettamaunge/Documents/GitHub/Hackathon_PolyglotPioneers/models/checkpoints/last_checkpoint.pth
2026-07-24 15:36:14 | INFO     | src.utils.checkpoint | Checkpoint saved to /Users/paulettamaunge/Documents/GitHub/Hackathon_PolyglotPioneers/models/checkpoints/best_lstm_model.pth
2026-07-24 15:36:14 | INFO     | src.utils.checkpoint | Training history saved to /Users/paulettamaunge/Documents/GitHub/Hackathon_PolyglotPioneers/models/training_history.json
2026-07-24 15:36:14 | INFO     | src.models.trainer | Epoch 43/100 | Train=0.080164 | Validation=0.128581 | MAE=0.321432 | RMSE=0.358582 | R²=-0.3451
2026-07-24 15:36:14 | INFO     | src.utils.checkpoint | Checkpoint saved to /Users/paulettamaunge/Documents/GitHub/Hackathon_PolyglotPioneers/models/checkpoints/last_checkpoint.pth
2026-07-24 15:36:14 | INFO     | src.utils.checkpoint | Training history saved to /Users/paulettamaunge/Documents/GitHub/Hackathon_PolyglotPioneers/models/training_history.json
2026-07-24 15:36:14 | INFO     | src.models.trainer | Epoch 44/100 | Train=0.082852 | Validation=0.128619 | MAE=0.321472 | RMSE=0.358634 | R²=-0.3455
2026-07-24 15:36:14 | INFO     | src.utils.checkpoint | Checkpoint saved to /Users/paulettamaunge/Documents/GitHub/Hackathon_PolyglotPioneers/models/checkpoints/last_checkpoint.pth
2026-07-24 15:36:14 | INFO     | src.utils.checkpoint | Training history saved to /Users/paulettamaunge/Documents/GitHub/Hackathon_PolyglotPioneers/models/training_history.json
2026-07-24 15:36:14 | INFO     | src.models.trainer | Epoch 45/100 | Train=0.079719 | Validation=0.128602 | MAE=0.321452 | RMSE=0.358611 | R²=-0.3453
2026-07-24 15:36:14 | INFO     | src.models.trainer | Learning rate changed from 0.000031 to 0.000016
2026-07-24 15:36:14 | INFO     | src.utils.checkpoint | Checkpoint saved to /Users/paulettamaunge/Documents/GitHub/Hackathon_PolyglotPioneers/models/checkpoints/last_checkpoint.pth
2026-07-24 15:36:14 | INFO     | src.utils.checkpoint | Checkpoint saved to /Users/paulettamaunge/Documents/GitHub/Hackathon_PolyglotPioneers/models/checkpoints/best_lstm_model.pth
2026-07-24 15:36:14 | INFO     | src.utils.checkpoint | Training history saved to /Users/paulettamaunge/Documents/GitHub/Hackathon_PolyglotPioneers/models/training_history.json
2026-07-24 15:36:14 | INFO     | src.models.trainer | Epoch 46/100 | Train=0.077147 | Validation=0.128489 | MAE=0.321340 | RMSE=0.358453 | R²=-0.3441
2026-07-24 15:36:14 | INFO     | src.utils.checkpoint | Checkpoint saved to /Users/paulettamaunge/Documents/GitHub/Hackathon_PolyglotPioneers/models/checkpoints/last_checkpoint.pth
2026-07-24 15:36:14 | INFO     | src.utils.checkpoint | Training history saved to /Users/paulettamaunge/Documents/GitHub/Hackathon_PolyglotPioneers/models/training_history.json
2026-07-24 15:36:14 | INFO     | src.models.trainer | Epoch 47/100 | Train=0.077217 | Validation=0.128747 | MAE=0.321599 | RMSE=0.358813 | R²=-0.3468
2026-07-24 15:36:14 | INFO     | src.utils.checkpoint | Checkpoint saved to /Users/paulettamaunge/Documents/GitHub/Hackathon_PolyglotPioneers/models/checkpoints/last_checkpoint.pth
2026-07-24 15:36:14 | INFO     | src.utils.checkpoint | Training history saved to /Users/paulettamaunge/Documents/GitHub/Hackathon_PolyglotPioneers/models/training_history.json
2026-07-24 15:36:14 | INFO     | src.models.trainer | Epoch 48/100 | Train=0.081121 | Validation=0.128935 | MAE=0.321788 | RMSE=0.359075 | R²=-0.3488
2026-07-24 15:36:14 | INFO     | src.utils.checkpoint | Checkpoint saved to /Users/paulettamaunge/Documents/GitHub/Hackathon_PolyglotPioneers/models/checkpoints/last_checkpoint.pth
2026-07-24 15:36:14 | INFO     | src.utils.checkpoint | Training history saved to /Users/paulettamaunge/Documents/GitHub/Hackathon_PolyglotPioneers/models/training_history.json
2026-07-24 15:36:14 | INFO     | src.models.trainer | Epoch 49/100 | Train=0.082201 | Validation=0.129052 | MAE=0.321902 | RMSE=0.359237 | R²=-0.3500
2026-07-24 15:36:14 | INFO     | src.utils.checkpoint | Checkpoint saved to /Users/paulettamaunge/Documents/GitHub/Hackathon_PolyglotPioneers/models/checkpoints/last_checkpoint.pth
2026-07-24 15:36:14 | INFO     | src.utils.checkpoint | Training history saved to /Users/paulettamaunge/Documents/GitHub/Hackathon_PolyglotPioneers/models/training_history.json
2026-07-24 15:36:14 | INFO     | src.models.trainer | Epoch 50/100 | Train=0.073382 | Validation=0.129032 | MAE=0.321882 | RMSE=0.359210 | R²=-0.3498
2026-07-24 15:36:14 | INFO     | src.utils.checkpoint | Checkpoint saved to /Users/paulettamaunge/Documents/GitHub/Hackathon_PolyglotPioneers/models/checkpoints/last_checkpoint.pth
2026-07-24 15:36:14 | INFO     | src.utils.checkpoint | Training history saved to /Users/paulettamaunge/Documents/GitHub/Hackathon_PolyglotPioneers/models/training_history.json
2026-07-24 15:36:14 | INFO     | src.models.trainer | Epoch 51/100 | Train=0.074344 | Validation=0.129184 | MAE=0.322032 | RMSE=0.359421 | R²=-0.3514
2026-07-24 15:36:14 | INFO     | src.models.trainer | Learning rate changed from 0.000016 to 0.000008
2026-07-24 15:36:14 | INFO     | src.utils.checkpoint | Checkpoint saved to /Users/paulettamaunge/Documents/GitHub/Hackathon_PolyglotPioneers/models/checkpoints/last_checkpoint.pth
2026-07-24 15:36:14 | INFO     | src.utils.checkpoint | Training history saved to /Users/paulettamaunge/Documents/GitHub/Hackathon_PolyglotPioneers/models/training_history.json
2026-07-24 15:36:14 | INFO     | src.models.trainer | Epoch 52/100 | Train=0.083270 | Validation=0.129296 | MAE=0.322143 | RMSE=0.359577 | R²=-0.3525
2026-07-24 15:36:14 | INFO     | src.utils.checkpoint | Checkpoint saved to /Users/paulettamaunge/Documents/GitHub/Hackathon_PolyglotPioneers/models/checkpoints/last_checkpoint.pth
2026-07-24 15:36:14 | INFO     | src.utils.checkpoint | Training history saved to /Users/paulettamaunge/Documents/GitHub/Hackathon_PolyglotPioneers/models/training_history.json
2026-07-24 15:36:14 | INFO     | src.models.trainer | Epoch 53/100 | Train=0.074499 | Validation=0.129311 | MAE=0.322159 | RMSE=0.359599 | R²=-0.3527
2026-07-24 15:36:14 | INFO     | src.utils.checkpoint | Checkpoint saved to /Users/paulettamaunge/Documents/GitHub/Hackathon_PolyglotPioneers/models/checkpoints/last_checkpoint.pth
2026-07-24 15:36:14 | INFO     | src.utils.checkpoint | Training history saved to /Users/paulettamaunge/Documents/GitHub/Hackathon_PolyglotPioneers/models/training_history.json
2026-07-24 15:36:14 | INFO     | src.models.trainer | Epoch 54/100 | Train=0.074732 | Validation=0.129332 | MAE=0.322179 | RMSE=0.359628 | R²=-0.3529
2026-07-24 15:36:14 | INFO     | src.utils.checkpoint | Checkpoint saved to /Users/paulettamaunge/Documents/GitHub/Hackathon_PolyglotPioneers/models/checkpoints/last_checkpoint.pth
2026-07-24 15:36:14 | INFO     | src.utils.checkpoint | Training history saved to /Users/paulettamaunge/Documents/GitHub/Hackathon_PolyglotPioneers/models/training_history.json
2026-07-24 15:36:14 | INFO     | src.models.trainer | Epoch 55/100 | Train=0.076946 | Validation=0.129324 | MAE=0.322171 | RMSE=0.359616 | R²=-0.3528
2026-07-24 15:36:14 | INFO     | src.utils.checkpoint | Checkpoint saved to /Users/paulettamaunge/Documents/GitHub/Hackathon_PolyglotPioneers/models/checkpoints/last_checkpoint.pth
2026-07-24 15:36:14 | INFO     | src.utils.checkpoint | Training history saved to /Users/paulettamaunge/Documents/GitHub/Hackathon_PolyglotPioneers/models/training_history.json
2026-07-24 15:36:14 | INFO     | src.models.trainer | Epoch 56/100 | Train=0.078776 | Validation=0.129324 | MAE=0.322171 | RMSE=0.359616 | R²=-0.3528
2026-07-24 15:36:14 | INFO     | src.utils.checkpoint | Checkpoint saved to /Users/paulettamaunge/Documents/GitHub/Hackathon_PolyglotPioneers/models/checkpoints/last_checkpoint.pth
2026-07-24 15:36:14 | INFO     | src.utils.checkpoint | Training history saved to /Users/paulettamaunge/Documents/GitHub/Hackathon_PolyglotPioneers/models/training_history.json
2026-07-24 15:36:14 | INFO     | src.models.trainer | Epoch 57/100 | Train=0.074130 | Validation=0.129341 | MAE=0.322188 | RMSE=0.359640 | R²=-0.3530
2026-07-24 15:36:14 | INFO     | src.models.trainer | Learning rate changed from 0.000008 to 0.000004
2026-07-24 15:36:14 | INFO     | src.utils.checkpoint | Checkpoint saved to /Users/paulettamaunge/Documents/GitHub/Hackathon_PolyglotPioneers/models/checkpoints/last_checkpoint.pth
2026-07-24 15:36:14 | INFO     | src.utils.checkpoint | Training history saved to /Users/paulettamaunge/Documents/GitHub/Hackathon_PolyglotPioneers/models/training_history.json
2026-07-24 15:36:14 | INFO     | src.models.trainer | Epoch 58/100 | Train=0.081098 | Validation=0.129391 | MAE=0.322238 | RMSE=0.359709 | R²=-0.3535
2026-07-24 15:36:15 | INFO     | src.utils.checkpoint | Checkpoint saved to /Users/paulettamaunge/Documents/GitHub/Hackathon_PolyglotPioneers/models/checkpoints/last_checkpoint.pth
2026-07-24 15:36:15 | INFO     | src.utils.checkpoint | Training history saved to /Users/paulettamaunge/Documents/GitHub/Hackathon_PolyglotPioneers/models/training_history.json
2026-07-24 15:36:15 | INFO     | src.models.trainer | Epoch 59/100 | Train=0.076133 | Validation=0.129360 | MAE=0.322209 | RMSE=0.359667 | R²=-0.3532
2026-07-24 15:36:15 | INFO     | src.utils.checkpoint | Checkpoint saved to /Users/paulettamaunge/Documents/GitHub/Hackathon_PolyglotPioneers/models/checkpoints/last_checkpoint.pth
2026-07-24 15:36:15 | INFO     | src.utils.checkpoint | Training history saved to /Users/paulettamaunge/Documents/GitHub/Hackathon_PolyglotPioneers/models/training_history.json
2026-07-24 15:36:15 | INFO     | src.models.trainer | Epoch 60/100 | Train=0.079201 | Validation=0.129361 | MAE=0.322210 | RMSE=0.359668 | R²=-0.3532
2026-07-24 15:36:15 | INFO     | src.utils.checkpoint | Checkpoint saved to /Users/paulettamaunge/Documents/GitHub/Hackathon_PolyglotPioneers/models/checkpoints/last_checkpoint.pth
2026-07-24 15:36:15 | INFO     | src.utils.checkpoint | Training history saved to /Users/paulettamaunge/Documents/GitHub/Hackathon_PolyglotPioneers/models/training_history.json
2026-07-24 15:36:15 | INFO     | src.models.trainer | Epoch 61/100 | Train=0.081418 | Validation=0.129411 | MAE=0.322259 | RMSE=0.359738 | R²=-0.3538
2026-07-24 15:36:15 | INFO     | src.models.trainer | Early stopping triggered.
2026-07-24 15:36:15 | INFO     | src.models.trainer | Training finished. Best epoch: 46
2026-07-24 15:36:15 | INFO     | __main__ | Loading best model...
2026-07-24 15:36:15 | INFO     | src.utils.checkpoint | Checkpoint loaded from /Users/paulettamaunge/Documents/GitHub/Hackathon_PolyglotPioneers/models/checkpoints/best_lstm_model.pth
2026-07-24 15:36:15 | INFO     | src.models.trainer | Best model loaded.
2026-07-24 15:36:15 | INFO     | __main__ | Step 6/6 : Evaluating model
2026-07-24 15:36:15 | INFO     | src.models.trainer | Mean shape: (30,)
2026-07-24 15:36:15 | INFO     | src.models.trainer | Std shape: (30,)
2026-07-24 15:36:15 | INFO     | src.models.trainer | Samples shape: (100, 30)
2026-07-24 15:36:15 | INFO     | src.models.trainer | Prediction: -1.0739
2026-07-24 15:36:15 | INFO     | src.models.trainer | 95% Confidence Interval: [-1.0927, -1.0552]
2026-07-24 15:36:15 | INFO     | src.models.trainer | 95% Prediction Interval: [-1.2611, -0.8867]
2026-07-24 15:36:15 | INFO     | src.models.trainer | Predictions: min=-1.1026, max=-0.9529, mean=-1.0336
2026-07-24 15:36:15 | INFO     | src.models.trainer | Targets: min=-1.1580, max=1.9002, mean=0.4756
2026-07-24 15:36:15 | INFO     | src.models.trainer | First 10 predictions: [-1.0739343 -1.0785192 -1.0863472 -1.0684463 -1.0830076 -1.1025871
 -1.0925207 -1.094731  -1.0945836 -1.0768237]
2026-07-24 15:36:15 | INFO     | src.models.trainer | First 10 targets: [-0.18336818 -0.2226519  -0.21740645 -0.1309263  -0.14575772 -0.05156028
 -0.08376345 -0.14006779 -0.7410532  -1.1580467 ]
2026-07-24 15:36:15 | INFO     | src.models.trainer | Prediction correlation = 0.4321
2026-07-24 15:36:15 | INFO     | src.models.trainer | Test metrics: {'mae': 1.5145681076993545, 'mse': 3.028782859384227, 'rmse': 1.74033986892912, 'r2': -2.8494916857007793}
2026-07-24 15:36:15 | WARNING  | src.models.trainer | Unable to generate SHAP explanations: too many indices for tensor of dimension 1
2026-07-24 15:36:15 | INFO     | __main__ | ================================================================================
2026-07-24 15:36:15 | INFO     | __main__ | FINAL TEST RESULTS
2026-07-24 15:36:15 | INFO     | __main__ | ================================================================================
2026-07-24 15:36:15 | INFO     | __main__ | MAE     : 1.514568
2026-07-24 15:36:15 | INFO     | __main__ | MSE     : 3.028783
2026-07-24 15:36:15 | INFO     | __main__ | RMSE    : 1.740340
2026-07-24 15:36:15 | INFO     | __main__ | R2      : -2.849492
2026-07-24 15:36:15 | INFO     | __main__ | ================================================================================
2026-07-24 15:36:15 | INFO     | __main__ | FORECASTING PIPELINE COMPLETED SUCCESSFULLY
2026-07-24 15:36:15 | INFO     | __main__ | ================================================================================
2026-07-24 15:42:38 | INFO     | __main__ | ================================================================================
2026-07-24 15:42:38 | INFO     | __main__ | FORECASTING PIPELINE STARTED
2026-07-24 15:42:38 | INFO     | __main__ | ================================================================================
2026-07-24 15:42:38 | INFO     | __main__ | Step 1/6 : Loading dataset
2026-07-24 15:42:38 | INFO     | src.data.data_loader | Loading dataset...
2026-07-24 15:42:38 | INFO     | src.data.data_loader | Dataset loaded successfully (276 rows × 10 columns)
2026-07-24 15:42:38 | INFO     | src.data.data_loader | Validating dataset...
2026-07-24 15:42:38 | INFO     | src.data.data_loader | No missing values detected.
2026-07-24 15:42:38 | INFO     | src.data.data_loader | Sorting by 'year_month'.
2026-07-24 15:42:38 | INFO     | src.data.data_loader | Feature columns: ['FAO_23012', 'FAO_23013', 'BDI_std', 'monthly_return_bdi', 'Brent_USD_per_barrel', 'policy_rate']
2026-07-24 15:42:38 | INFO     | src.data.data_loader | ============================================================
2026-07-24 15:42:38 | INFO     | src.data.data_loader | Dataset Summary
2026-07-24 15:42:38 | INFO     | src.data.data_loader | ============================================================
2026-07-24 15:42:38 | INFO     | src.data.data_loader | Rows      : 276
2026-07-24 15:42:38 | INFO     | src.data.data_loader | Columns   : 10
2026-07-24 15:42:38 | INFO     | src.data.data_loader | Features  : 6
2026-07-24 15:42:38 | INFO     | src.data.data_loader | Target    : FAO_23014
2026-07-24 15:42:38 | INFO     | src.data.data_loader | ============================================================
2026-07-24 15:42:38 | INFO     | __main__ | Running persistence baseline...
2026-07-24 15:42:38 | INFO     | __main__ | Running correlation analysis...
2026-07-24 15:42:38 | INFO     | __main__ | Running feature importance analysis...
2026-07-24 15:42:38 | INFO     | __main__ | Step 2/6 : Preprocessing dataset
2026-07-24 15:42:38 | INFO     | src.data.preprocessor | Splitting dataset chronologically...
2026-07-24 15:42:38 | INFO     | src.data.preprocessor | Train rows      : 193
2026-07-24 15:42:38 | INFO     | src.data.preprocessor | Validation rows : 41
2026-07-24 15:42:38 | INFO     | src.data.preprocessor | Test rows       : 42
2026-07-24 15:42:38 | INFO     | src.data.preprocessor | Fitting feature scaler on training data...
2026-07-24 15:42:38 | INFO     | src.data.preprocessor | Fitting target scaler on training data...
2026-07-24 15:42:38 | INFO     | src.data.preprocessor | Saving preprocessing artifacts...
2026-07-24 15:42:38 | INFO     | src.data.preprocessor | Metadata saved.
2026-07-24 15:42:38 | INFO     | src.data.preprocessor | Preprocessing pipeline completed successfully.
2026-07-24 15:42:38 | INFO     | __main__ | Step 3/6 : Building LSTM sequences
2026-07-24 15:42:38 | INFO     | src.models.sequence_builder | Building LSTM sequence datasets...
2026-07-24 15:42:38 | INFO     | src.models.sequence_builder | Creating sequences (window=12)...
2026-07-24 15:42:38 | INFO     | src.models.sequence_builder | Generated 181 sequences.
2026-07-24 15:42:38 | INFO     | src.models.sequence_builder | Sequence shape: (181, 12, 6)
2026-07-24 15:42:38 | INFO     | src.models.sequence_builder | Creating sequences (window=12)...
2026-07-24 15:42:38 | INFO     | src.models.sequence_builder | Generated 29 sequences.
2026-07-24 15:42:38 | INFO     | src.models.sequence_builder | Sequence shape: (29, 12, 6)
2026-07-24 15:42:38 | INFO     | src.models.sequence_builder | Creating sequences (window=12)...
2026-07-24 15:42:38 | INFO     | src.models.sequence_builder | Generated 30 sequences.
2026-07-24 15:42:38 | INFO     | src.models.sequence_builder | Sequence shape: (30, 12, 6)
2026-07-24 15:42:38 | INFO     | src.models.sequence_builder | y_train_seq min=-1.262985348701477, max=3.2605814933776855
2026-07-24 15:42:38 | INFO     | src.models.sequence_builder | y_val_seq min=-1.646776795387268, max=-0.7225300669670105
2026-07-24 15:42:38 | INFO     | src.models.sequence_builder | y_test_seq min=-1.1580467224121094, max=1.9002104997634888
2026-07-24 15:42:38 | INFO     | src.models.sequence_builder | y_val_seq NaNs=0, Infs=0
2026-07-24 15:42:38 | INFO     | src.models.sequence_builder | Sequence generation completed successfully.
2026-07-24 15:42:38 | INFO     | src.models.sequence_builder | Input size: 6
2026-07-24 15:42:38 | INFO     | __main__ | Step 4/6 : Initialising trainer
2026-07-24 15:42:38 | INFO     | src.models.trainer | Initialising trainer...
2026-07-24 15:42:38 | WARNING  | src.models.trainer | MPS backend detected; falling back to CPU because it can produce unstable training results on this project.
2026-07-24 15:42:38 | INFO     | src.models.trainer | Training device: cpu
2026-07-24 15:42:38 | INFO     | src.models.trainer | SequenceData y_train: min=-1.262985348701477, max=3.2605814933776855
2026-07-24 15:42:38 | INFO     | src.models.trainer | SequenceData y_validation: min=-1.646776795387268, max=-0.7225300669670105
2026-07-24 15:42:38 | INFO     | src.models.trainer | SequenceData y_test: min=-1.1580467224121094, max=1.9002104997634888
2026-07-24 15:42:38 | INFO     | src.data.dataset | Dataset created with 181 samples.
2026-07-24 15:42:38 | INFO     | src.data.dataset | Dataset created with 29 samples.
2026-07-24 15:42:38 | INFO     | src.data.dataset | Dataset created with 30 samples.
2026-07-24 15:42:39 | INFO     | src.models.trainer | Trainer initialised successfully.
2026-07-24 15:42:40 | INFO     | src.utils.checkpoint | Checkpoint loaded from /Users/paulettamaunge/Documents/GitHub/Hackathon_PolyglotPioneers/models/checkpoints/last_checkpoint.pth
2026-07-24 15:42:40 | INFO     | src.models.trainer | Resuming from epoch 61
2026-07-24 15:42:40 | INFO     | __main__ | Step 5/6 : Training model
2026-07-24 15:42:40 | INFO     | src.models.trainer | Starting training...
2026-07-24 15:42:40 | INFO     | src.utils.checkpoint | Checkpoint saved to /Users/paulettamaunge/Documents/GitHub/Hackathon_PolyglotPioneers/models/checkpoints/last_checkpoint.pth
2026-07-24 15:42:40 | INFO     | src.utils.checkpoint | Checkpoint saved to /Users/paulettamaunge/Documents/GitHub/Hackathon_PolyglotPioneers/models/checkpoints/best_lstm_model.pth
2026-07-24 15:42:40 | INFO     | src.utils.checkpoint | Training history saved to /Users/paulettamaunge/Documents/GitHub/Hackathon_PolyglotPioneers/models/training_history.json
2026-07-24 15:42:40 | INFO     | src.models.trainer | Epoch 62/100 | Train=0.080561 | Validation=0.129324 | MAE=0.322174 | RMSE=0.359617 | R²=-0.3528
2026-07-24 15:42:40 | INFO     | src.utils.checkpoint | Checkpoint saved to /Users/paulettamaunge/Documents/GitHub/Hackathon_PolyglotPioneers/models/checkpoints/last_checkpoint.pth
2026-07-24 15:42:40 | INFO     | src.utils.checkpoint | Training history saved to /Users/paulettamaunge/Documents/GitHub/Hackathon_PolyglotPioneers/models/training_history.json
2026-07-24 15:42:40 | INFO     | src.models.trainer | Epoch 63/100 | Train=0.070386 | Validation=0.129334 | MAE=0.322184 | RMSE=0.359631 | R²=-0.3530
2026-07-24 15:42:40 | INFO     | src.models.trainer | Learning rate changed from 0.000004 to 0.000002
2026-07-24 15:42:40 | INFO     | src.utils.checkpoint | Checkpoint saved to /Users/paulettamaunge/Documents/GitHub/Hackathon_PolyglotPioneers/models/checkpoints/last_checkpoint.pth
2026-07-24 15:42:40 | INFO     | src.utils.checkpoint | Checkpoint saved to /Users/paulettamaunge/Documents/GitHub/Hackathon_PolyglotPioneers/models/checkpoints/best_lstm_model.pth
2026-07-24 15:42:40 | INFO     | src.utils.checkpoint | Training history saved to /Users/paulettamaunge/Documents/GitHub/Hackathon_PolyglotPioneers/models/training_history.json
2026-07-24 15:42:40 | INFO     | src.models.trainer | Epoch 64/100 | Train=0.078499 | Validation=0.129302 | MAE=0.322152 | RMSE=0.359586 | R²=-0.3526
2026-07-24 15:42:40 | INFO     | src.utils.checkpoint | Checkpoint saved to /Users/paulettamaunge/Documents/GitHub/Hackathon_PolyglotPioneers/models/checkpoints/last_checkpoint.pth
2026-07-24 15:42:40 | INFO     | src.utils.checkpoint | Training history saved to /Users/paulettamaunge/Documents/GitHub/Hackathon_PolyglotPioneers/models/training_history.json
2026-07-24 15:42:40 | INFO     | src.models.trainer | Epoch 65/100 | Train=0.081430 | Validation=0.129303 | MAE=0.322154 | RMSE=0.359588 | R²=-0.3526
2026-07-24 15:42:40 | INFO     | src.utils.checkpoint | Checkpoint saved to /Users/paulettamaunge/Documents/GitHub/Hackathon_PolyglotPioneers/models/checkpoints/last_checkpoint.pth
2026-07-24 15:42:40 | INFO     | src.utils.checkpoint | Checkpoint saved to /Users/paulettamaunge/Documents/GitHub/Hackathon_PolyglotPioneers/models/checkpoints/best_lstm_model.pth
2026-07-24 15:42:40 | INFO     | src.utils.checkpoint | Training history saved to /Users/paulettamaunge/Documents/GitHub/Hackathon_PolyglotPioneers/models/training_history.json
2026-07-24 15:42:40 | INFO     | src.models.trainer | Epoch 66/100 | Train=0.078547 | Validation=0.129301 | MAE=0.322151 | RMSE=0.359584 | R²=-0.3526
2026-07-24 15:42:40 | INFO     | src.utils.checkpoint | Checkpoint saved to /Users/paulettamaunge/Documents/GitHub/Hackathon_PolyglotPioneers/models/checkpoints/last_checkpoint.pth
2026-07-24 15:42:40 | INFO     | src.utils.checkpoint | Checkpoint saved to /Users/paulettamaunge/Documents/GitHub/Hackathon_PolyglotPioneers/models/checkpoints/best_lstm_model.pth
2026-07-24 15:42:40 | INFO     | src.utils.checkpoint | Training history saved to /Users/paulettamaunge/Documents/GitHub/Hackathon_PolyglotPioneers/models/training_history.json
2026-07-24 15:42:40 | INFO     | src.models.trainer | Epoch 67/100 | Train=0.076107 | Validation=0.129290 | MAE=0.322140 | RMSE=0.359569 | R²=-0.3525
2026-07-24 15:42:40 | INFO     | src.utils.checkpoint | Checkpoint saved to /Users/paulettamaunge/Documents/GitHub/Hackathon_PolyglotPioneers/models/checkpoints/last_checkpoint.pth
2026-07-24 15:42:40 | INFO     | src.utils.checkpoint | Training history saved to /Users/paulettamaunge/Documents/GitHub/Hackathon_PolyglotPioneers/models/training_history.json
2026-07-24 15:42:40 | INFO     | src.models.trainer | Epoch 68/100 | Train=0.076347 | Validation=0.129320 | MAE=0.322170 | RMSE=0.359611 | R²=-0.3528
2026-07-24 15:42:40 | INFO     | src.utils.checkpoint | Checkpoint saved to /Users/paulettamaunge/Documents/GitHub/Hackathon_PolyglotPioneers/models/checkpoints/last_checkpoint.pth
2026-07-24 15:42:40 | INFO     | src.utils.checkpoint | Training history saved to /Users/paulettamaunge/Documents/GitHub/Hackathon_PolyglotPioneers/models/training_history.json
2026-07-24 15:42:40 | INFO     | src.models.trainer | Epoch 69/100 | Train=0.080250 | Validation=0.129340 | MAE=0.322190 | RMSE=0.359639 | R²=-0.3530
2026-07-24 15:42:40 | INFO     | src.models.trainer | Learning rate changed from 0.000002 to 0.000001
2026-07-24 15:42:40 | INFO     | src.utils.checkpoint | Checkpoint saved to /Users/paulettamaunge/Documents/GitHub/Hackathon_PolyglotPioneers/models/checkpoints/last_checkpoint.pth
2026-07-24 15:42:40 | INFO     | src.utils.checkpoint | Training history saved to /Users/paulettamaunge/Documents/GitHub/Hackathon_PolyglotPioneers/models/training_history.json
2026-07-24 15:42:40 | INFO     | src.models.trainer | Epoch 70/100 | Train=0.081466 | Validation=0.129352 | MAE=0.322202 | RMSE=0.359656 | R²=-0.3531
2026-07-24 15:42:40 | INFO     | src.utils.checkpoint | Checkpoint saved to /Users/paulettamaunge/Documents/GitHub/Hackathon_PolyglotPioneers/models/checkpoints/last_checkpoint.pth
2026-07-24 15:42:40 | INFO     | src.utils.checkpoint | Training history saved to /Users/paulettamaunge/Documents/GitHub/Hackathon_PolyglotPioneers/models/training_history.json
2026-07-24 15:42:40 | INFO     | src.models.trainer | Epoch 71/100 | Train=0.072743 | Validation=0.129350 | MAE=0.322199 | RMSE=0.359652 | R²=-0.3531
2026-07-24 15:42:40 | INFO     | src.utils.checkpoint | Checkpoint saved to /Users/paulettamaunge/Documents/GitHub/Hackathon_PolyglotPioneers/models/checkpoints/last_checkpoint.pth
2026-07-24 15:42:40 | INFO     | src.utils.checkpoint | Training history saved to /Users/paulettamaunge/Documents/GitHub/Hackathon_PolyglotPioneers/models/training_history.json
2026-07-24 15:42:40 | INFO     | src.models.trainer | Epoch 72/100 | Train=0.073744 | Validation=0.129358 | MAE=0.322207 | RMSE=0.359663 | R²=-0.3532
2026-07-24 15:42:40 | INFO     | src.utils.checkpoint | Checkpoint saved to /Users/paulettamaunge/Documents/GitHub/Hackathon_PolyglotPioneers/models/checkpoints/last_checkpoint.pth
2026-07-24 15:42:40 | INFO     | src.utils.checkpoint | Training history saved to /Users/paulettamaunge/Documents/GitHub/Hackathon_PolyglotPioneers/models/training_history.json
2026-07-24 15:42:40 | INFO     | src.models.trainer | Epoch 73/100 | Train=0.082653 | Validation=0.129363 | MAE=0.322212 | RMSE=0.359671 | R²=-0.3533
2026-07-24 15:42:40 | INFO     | src.utils.checkpoint | Checkpoint saved to /Users/paulettamaunge/Documents/GitHub/Hackathon_PolyglotPioneers/models/checkpoints/last_checkpoint.pth
2026-07-24 15:42:40 | INFO     | src.utils.checkpoint | Training history saved to /Users/paulettamaunge/Documents/GitHub/Hackathon_PolyglotPioneers/models/training_history.json
2026-07-24 15:42:40 | INFO     | src.models.trainer | Epoch 74/100 | Train=0.074016 | Validation=0.129364 | MAE=0.322213 | RMSE=0.359672 | R²=-0.3533
2026-07-24 15:42:40 | INFO     | src.utils.checkpoint | Checkpoint saved to /Users/paulettamaunge/Documents/GitHub/Hackathon_PolyglotPioneers/models/checkpoints/last_checkpoint.pth
2026-07-24 15:42:40 | INFO     | src.utils.checkpoint | Training history saved to /Users/paulettamaunge/Documents/GitHub/Hackathon_PolyglotPioneers/models/training_history.json
2026-07-24 15:42:40 | INFO     | src.models.trainer | Epoch 75/100 | Train=0.074259 | Validation=0.129365 | MAE=0.322214 | RMSE=0.359673 | R²=-0.3533
2026-07-24 15:42:40 | INFO     | src.models.trainer | Learning rate changed from 0.000001 to 0.000000
2026-07-24 15:42:40 | INFO     | src.utils.checkpoint | Checkpoint saved to /Users/paulettamaunge/Documents/GitHub/Hackathon_PolyglotPioneers/models/checkpoints/last_checkpoint.pth
2026-07-24 15:42:40 | INFO     | src.utils.checkpoint | Training history saved to /Users/paulettamaunge/Documents/GitHub/Hackathon_PolyglotPioneers/models/training_history.json
2026-07-24 15:42:40 | INFO     | src.models.trainer | Epoch 76/100 | Train=0.076550 | Validation=0.129363 | MAE=0.322212 | RMSE=0.359671 | R²=-0.3533
2026-07-24 15:42:40 | INFO     | src.utils.checkpoint | Checkpoint saved to /Users/paulettamaunge/Documents/GitHub/Hackathon_PolyglotPioneers/models/checkpoints/last_checkpoint.pth
2026-07-24 15:42:40 | INFO     | src.utils.checkpoint | Training history saved to /Users/paulettamaunge/Documents/GitHub/Hackathon_PolyglotPioneers/models/training_history.json
2026-07-24 15:42:40 | INFO     | src.models.trainer | Epoch 77/100 | Train=0.078416 | Validation=0.129363 | MAE=0.322212 | RMSE=0.359670 | R²=-0.3532
2026-07-24 15:42:40 | INFO     | src.utils.checkpoint | Checkpoint saved to /Users/paulettamaunge/Documents/GitHub/Hackathon_PolyglotPioneers/models/checkpoints/last_checkpoint.pth
2026-07-24 15:42:40 | INFO     | src.utils.checkpoint | Training history saved to /Users/paulettamaunge/Documents/GitHub/Hackathon_PolyglotPioneers/models/training_history.json
2026-07-24 15:42:40 | INFO     | src.models.trainer | Epoch 78/100 | Train=0.073814 | Validation=0.129364 | MAE=0.322213 | RMSE=0.359671 | R²=-0.3533
2026-07-24 15:42:40 | INFO     | src.utils.checkpoint | Checkpoint saved to /Users/paulettamaunge/Documents/GitHub/Hackathon_PolyglotPioneers/models/checkpoints/last_checkpoint.pth
2026-07-24 15:42:40 | INFO     | src.utils.checkpoint | Training history saved to /Users/paulettamaunge/Documents/GitHub/Hackathon_PolyglotPioneers/models/training_history.json
2026-07-24 15:42:40 | INFO     | src.models.trainer | Epoch 79/100 | Train=0.080806 | Validation=0.129367 | MAE=0.322216 | RMSE=0.359676 | R²=-0.3533
2026-07-24 15:42:40 | INFO     | src.utils.checkpoint | Checkpoint saved to /Users/paulettamaunge/Documents/GitHub/Hackathon_PolyglotPioneers/models/checkpoints/last_checkpoint.pth
2026-07-24 15:42:40 | INFO     | src.utils.checkpoint | Training history saved to /Users/paulettamaunge/Documents/GitHub/Hackathon_PolyglotPioneers/models/training_history.json
2026-07-24 15:42:40 | INFO     | src.models.trainer | Epoch 80/100 | Train=0.075894 | Validation=0.129363 | MAE=0.322212 | RMSE=0.359670 | R²=-0.3532
2026-07-24 15:42:40 | INFO     | src.utils.checkpoint | Checkpoint saved to /Users/paulettamaunge/Documents/GitHub/Hackathon_PolyglotPioneers/models/checkpoints/last_checkpoint.pth
2026-07-24 15:42:40 | INFO     | src.utils.checkpoint | Training history saved to /Users/paulettamaunge/Documents/GitHub/Hackathon_PolyglotPioneers/models/training_history.json
2026-07-24 15:42:40 | INFO     | src.models.trainer | Epoch 81/100 | Train=0.078993 | Validation=0.129363 | MAE=0.322212 | RMSE=0.359670 | R²=-0.3532
2026-07-24 15:42:40 | INFO     | src.models.trainer | Learning rate changed from 0.000000 to 0.000000
2026-07-24 15:42:40 | INFO     | src.utils.checkpoint | Checkpoint saved to /Users/paulettamaunge/Documents/GitHub/Hackathon_PolyglotPioneers/models/checkpoints/last_checkpoint.pth
2026-07-24 15:42:40 | INFO     | src.utils.checkpoint | Training history saved to /Users/paulettamaunge/Documents/GitHub/Hackathon_PolyglotPioneers/models/training_history.json
2026-07-24 15:42:40 | INFO     | src.models.trainer | Epoch 82/100 | Train=0.081212 | Validation=0.129369 | MAE=0.322219 | RMSE=0.359680 | R²=-0.3533
2026-07-24 15:42:40 | INFO     | src.models.trainer | Early stopping triggered.
2026-07-24 15:42:40 | INFO     | src.models.trainer | Training finished. Best epoch: 67
2026-07-24 15:42:40 | INFO     | __main__ | Loading best model...
2026-07-24 15:42:40 | INFO     | src.utils.checkpoint | Checkpoint loaded from /Users/paulettamaunge/Documents/GitHub/Hackathon_PolyglotPioneers/models/checkpoints/best_lstm_model.pth
2026-07-24 15:42:40 | INFO     | src.models.trainer | Best model loaded.
2026-07-24 15:42:40 | INFO     | __main__ | Step 6/6 : Evaluating model
2026-07-24 15:42:41 | INFO     | src.models.trainer | Mean shape: (30,)
2026-07-24 15:42:41 | INFO     | src.models.trainer | Std shape: (30,)
2026-07-24 15:42:41 | INFO     | src.models.trainer | Samples shape: (100, 30)
2026-07-24 15:42:41 | INFO     | src.models.trainer | Prediction: -1.0712
2026-07-24 15:42:41 | INFO     | src.models.trainer | 95% Confidence Interval: [-1.0899, -1.0525]
2026-07-24 15:42:41 | INFO     | src.models.trainer | 95% Prediction Interval: [-1.2580, -0.8844]
2026-07-24 15:42:41 | INFO     | src.models.trainer | Predictions: min=-1.1000, max=-0.9507, mean=-1.0312
2026-07-24 15:42:41 | INFO     | src.models.trainer | Targets: min=-1.1580, max=1.9002, mean=0.4756
2026-07-24 15:42:41 | INFO     | src.models.trainer | First 10 predictions: [-1.0711693 -1.0756955 -1.0834618 -1.0656421 -1.0805156 -1.1000061
 -1.0901468 -1.0923632 -1.0919986 -1.0741135]
2026-07-24 15:42:41 | INFO     | src.models.trainer | First 10 targets: [-0.18336818 -0.2226519  -0.21740645 -0.1309263  -0.14575772 -0.05156028
 -0.08376345 -0.14006779 -0.7410532  -1.1580467 ]
2026-07-24 15:42:41 | INFO     | src.models.trainer | Prediction correlation = 0.4335
2026-07-24 15:42:41 | INFO     | src.models.trainer | Test metrics: {'mae': 1.5123286260912816, 'mse': 3.021574669295089, 'rmse': 1.7382677208344774, 'r2': -2.840330293450055}
2026-07-24 15:42:41 | WARNING  | src.models.trainer | Unable to generate SHAP explanations: element 0 of tensors does not require grad and does not have a grad_fn
2026-07-24 15:42:41 | INFO     | __main__ | ================================================================================
2026-07-24 15:42:41 | INFO     | __main__ | FINAL TEST RESULTS
2026-07-24 15:42:41 | INFO     | __main__ | ================================================================================
2026-07-24 15:42:41 | INFO     | __main__ | MAE     : 1.512329
2026-07-24 15:42:41 | INFO     | __main__ | MSE     : 3.021575
2026-07-24 15:42:41 | INFO     | __main__ | RMSE    : 1.738268
2026-07-24 15:42:41 | INFO     | __main__ | R2      : -2.840330
2026-07-24 15:42:41 | INFO     | __main__ | ================================================================================
2026-07-24 15:42:41 | INFO     | __main__ | FORECASTING PIPELINE COMPLETED SUCCESSFULLY
2026-07-24 15:42:41 | INFO     | __main__ | ================================================================================
2026-07-24 16:14:52 | INFO     | __main__ | ================================================================================
2026-07-24 16:14:52 | INFO     | __main__ | FORECASTING PIPELINE STARTED
2026-07-24 16:14:52 | INFO     | __main__ | ================================================================================
2026-07-24 16:14:52 | INFO     | __main__ | Step 1/6 : Loading dataset
2026-07-24 16:14:52 | INFO     | src.data.data_loader | Loading dataset...
2026-07-24 16:14:52 | INFO     | src.data.data_loader | Dataset loaded successfully (276 rows × 10 columns)
2026-07-24 16:14:52 | INFO     | src.data.data_loader | Validating dataset...
2026-07-24 16:14:52 | INFO     | src.data.data_loader | No missing values detected.
2026-07-24 16:14:52 | INFO     | src.data.data_loader | Sorting by 'year_month'.
2026-07-24 16:14:52 | INFO     | src.data.data_loader | Feature columns: ['FAO_23012', 'FAO_23013', 'BDI_std', 'monthly_return_bdi', 'Brent_USD_per_barrel', 'policy_rate']
2026-07-24 16:14:52 | INFO     | src.data.data_loader | ============================================================
2026-07-24 16:14:52 | INFO     | src.data.data_loader | Dataset Summary
2026-07-24 16:14:52 | INFO     | src.data.data_loader | ============================================================
2026-07-24 16:14:52 | INFO     | src.data.data_loader | Rows      : 276
2026-07-24 16:14:52 | INFO     | src.data.data_loader | Columns   : 10
2026-07-24 16:14:52 | INFO     | src.data.data_loader | Features  : 6
2026-07-24 16:14:52 | INFO     | src.data.data_loader | Target    : FAO_23014
2026-07-24 16:14:52 | INFO     | src.data.data_loader | ============================================================
2026-07-24 16:14:52 | INFO     | __main__ | Running persistence baseline...
2026-07-24 16:14:52 | INFO     | __main__ | Running correlation analysis...
2026-07-24 16:14:52 | INFO     | __main__ | Running feature importance analysis...
2026-07-24 16:14:52 | INFO     | __main__ | Step 2/6 : Preprocessing dataset
2026-07-24 16:14:52 | INFO     | src.data.preprocessor | Splitting dataset chronologically...
2026-07-24 16:14:52 | INFO     | src.data.preprocessor | Train rows      : 193
2026-07-24 16:14:52 | INFO     | src.data.preprocessor | Validation rows : 41
2026-07-24 16:14:52 | INFO     | src.data.preprocessor | Test rows       : 42
2026-07-24 16:14:52 | INFO     | src.data.preprocessor | Fitting feature scaler on training data...
2026-07-24 16:14:52 | INFO     | src.data.preprocessor | Fitting target scaler on training data...
2026-07-24 16:14:52 | INFO     | src.data.preprocessor | Saving preprocessing artifacts...
2026-07-24 16:14:52 | INFO     | src.data.preprocessor | Metadata saved.
2026-07-24 16:14:52 | INFO     | src.data.preprocessor | Preprocessing pipeline completed successfully.
2026-07-24 16:14:52 | INFO     | __main__ | Step 3/6 : Building LSTM sequences
2026-07-24 16:14:52 | INFO     | src.models.sequence_builder | Building LSTM sequence datasets...
2026-07-24 16:14:52 | INFO     | src.models.sequence_builder | Creating sequences (window=12)...
2026-07-24 16:14:52 | INFO     | src.models.sequence_builder | Generated 181 sequences.
2026-07-24 16:14:52 | INFO     | src.models.sequence_builder | Sequence shape: (181, 12, 6)
2026-07-24 16:14:52 | INFO     | src.models.sequence_builder | Creating sequences (window=12)...
2026-07-24 16:14:52 | INFO     | src.models.sequence_builder | Generated 29 sequences.
2026-07-24 16:14:52 | INFO     | src.models.sequence_builder | Sequence shape: (29, 12, 6)
2026-07-24 16:14:52 | INFO     | src.models.sequence_builder | Creating sequences (window=12)...
2026-07-24 16:14:52 | INFO     | src.models.sequence_builder | Generated 30 sequences.
2026-07-24 16:14:52 | INFO     | src.models.sequence_builder | Sequence shape: (30, 12, 6)
2026-07-24 16:14:52 | INFO     | src.models.sequence_builder | y_train_seq min=-1.262985348701477, max=3.2605814933776855
2026-07-24 16:14:52 | INFO     | src.models.sequence_builder | y_val_seq min=-1.646776795387268, max=-0.7225300669670105
2026-07-24 16:14:52 | INFO     | src.models.sequence_builder | y_test_seq min=-1.1580467224121094, max=1.9002104997634888
2026-07-24 16:14:52 | INFO     | src.models.sequence_builder | y_val_seq NaNs=0, Infs=0
2026-07-24 16:14:52 | INFO     | src.models.sequence_builder | Sequence generation completed successfully.
2026-07-24 16:14:52 | INFO     | src.models.sequence_builder | Input size: 6
2026-07-24 16:14:52 | INFO     | __main__ | Step 4/6 : Initialising trainer
2026-07-24 16:14:52 | INFO     | src.models.trainer | Initialising trainer...
2026-07-24 16:14:52 | WARNING  | src.models.trainer | MPS backend detected; falling back to CPU because it can produce unstable training results on this project.
2026-07-24 16:14:52 | INFO     | src.models.trainer | Training device: cpu
2026-07-24 16:14:52 | INFO     | src.models.trainer | SequenceData y_train: min=-1.262985348701477, max=3.2605814933776855
2026-07-24 16:14:52 | INFO     | src.models.trainer | SequenceData y_validation: min=-1.646776795387268, max=-0.7225300669670105
2026-07-24 16:14:52 | INFO     | src.models.trainer | SequenceData y_test: min=-1.1580467224121094, max=1.9002104997634888
2026-07-24 16:14:52 | INFO     | src.data.dataset | Dataset created with 181 samples.
2026-07-24 16:14:52 | INFO     | src.data.dataset | Dataset created with 29 samples.
2026-07-24 16:14:52 | INFO     | src.data.dataset | Dataset created with 30 samples.
2026-07-24 16:14:53 | INFO     | src.models.trainer | Trainer initialised successfully.
2026-07-24 16:14:53 | INFO     | src.utils.checkpoint | Checkpoint loaded from /Users/paulettamaunge/Documents/GitHub/Hackathon_PolyglotPioneers/models/checkpoints/last_checkpoint.pth
2026-07-24 16:14:53 | INFO     | src.models.trainer | Resuming from epoch 82
2026-07-24 16:14:53 | INFO     | __main__ | Step 5/6 : Training model
2026-07-24 16:14:53 | INFO     | src.models.trainer | Starting training...
2026-07-24 16:14:53 | INFO     | src.utils.checkpoint | Checkpoint saved to /Users/paulettamaunge/Documents/GitHub/Hackathon_PolyglotPioneers/models/checkpoints/last_checkpoint.pth
2026-07-24 16:14:53 | INFO     | src.utils.checkpoint | Checkpoint saved to /Users/paulettamaunge/Documents/GitHub/Hackathon_PolyglotPioneers/models/checkpoints/best_lstm_model.pth
2026-07-24 16:14:53 | INFO     | src.utils.checkpoint | Training history saved to /Users/paulettamaunge/Documents/GitHub/Hackathon_PolyglotPioneers/models/training_history.json
2026-07-24 16:14:53 | INFO     | src.models.trainer | Epoch 83/100 | Train=0.080383 | Validation=0.129364 | MAE=0.322213 | RMSE=0.359672 | R²=-0.3533
2026-07-24 16:14:54 | INFO     | src.utils.checkpoint | Checkpoint saved to /Users/paulettamaunge/Documents/GitHub/Hackathon_PolyglotPioneers/models/checkpoints/last_checkpoint.pth
2026-07-24 16:14:54 | INFO     | src.utils.checkpoint | Training history saved to /Users/paulettamaunge/Documents/GitHub/Hackathon_PolyglotPioneers/models/training_history.json
2026-07-24 16:14:54 | INFO     | src.models.trainer | Epoch 84/100 | Train=0.070243 | Validation=0.129365 | MAE=0.322214 | RMSE=0.359673 | R²=-0.3533
2026-07-24 16:14:54 | INFO     | src.utils.checkpoint | Checkpoint saved to /Users/paulettamaunge/Documents/GitHub/Hackathon_PolyglotPioneers/models/checkpoints/last_checkpoint.pth
2026-07-24 16:14:54 | INFO     | src.utils.checkpoint | Checkpoint saved to /Users/paulettamaunge/Documents/GitHub/Hackathon_PolyglotPioneers/models/checkpoints/best_lstm_model.pth
2026-07-24 16:14:54 | INFO     | src.utils.checkpoint | Training history saved to /Users/paulettamaunge/Documents/GitHub/Hackathon_PolyglotPioneers/models/training_history.json
2026-07-24 16:14:54 | INFO     | src.models.trainer | Epoch 85/100 | Train=0.078360 | Validation=0.129362 | MAE=0.322212 | RMSE=0.359670 | R²=-0.3532
2026-07-24 16:14:54 | INFO     | src.utils.checkpoint | Checkpoint saved to /Users/paulettamaunge/Documents/GitHub/Hackathon_PolyglotPioneers/models/checkpoints/last_checkpoint.pth
2026-07-24 16:14:54 | INFO     | src.utils.checkpoint | Training history saved to /Users/paulettamaunge/Documents/GitHub/Hackathon_PolyglotPioneers/models/training_history.json
2026-07-24 16:14:54 | INFO     | src.models.trainer | Epoch 86/100 | Train=0.081325 | Validation=0.129363 | MAE=0.322212 | RMSE=0.359670 | R²=-0.3532
2026-07-24 16:14:54 | INFO     | src.utils.checkpoint | Checkpoint saved to /Users/paulettamaunge/Documents/GitHub/Hackathon_PolyglotPioneers/models/checkpoints/last_checkpoint.pth
2026-07-24 16:14:54 | INFO     | src.utils.checkpoint | Checkpoint saved to /Users/paulettamaunge/Documents/GitHub/Hackathon_PolyglotPioneers/models/checkpoints/best_lstm_model.pth
2026-07-24 16:14:54 | INFO     | src.utils.checkpoint | Training history saved to /Users/paulettamaunge/Documents/GitHub/Hackathon_PolyglotPioneers/models/training_history.json
2026-07-24 16:14:54 | INFO     | src.models.trainer | Epoch 87/100 | Train=0.078449 | Validation=0.129362 | MAE=0.322212 | RMSE=0.359670 | R²=-0.3532
2026-07-24 16:14:54 | INFO     | src.models.trainer | Learning rate changed from 0.000000 to 0.000000
2026-07-24 16:14:54 | INFO     | src.utils.checkpoint | Checkpoint saved to /Users/paulettamaunge/Documents/GitHub/Hackathon_PolyglotPioneers/models/checkpoints/last_checkpoint.pth
2026-07-24 16:14:54 | INFO     | src.utils.checkpoint | Checkpoint saved to /Users/paulettamaunge/Documents/GitHub/Hackathon_PolyglotPioneers/models/checkpoints/best_lstm_model.pth
2026-07-24 16:14:54 | INFO     | src.utils.checkpoint | Training history saved to /Users/paulettamaunge/Documents/GitHub/Hackathon_PolyglotPioneers/models/training_history.json
2026-07-24 16:14:54 | INFO     | src.models.trainer | Epoch 88/100 | Train=0.076016 | Validation=0.129361 | MAE=0.322210 | RMSE=0.359668 | R²=-0.3532
2026-07-24 16:14:54 | INFO     | src.utils.checkpoint | Checkpoint saved to /Users/paulettamaunge/Documents/GitHub/Hackathon_PolyglotPioneers/models/checkpoints/last_checkpoint.pth
2026-07-24 16:14:54 | INFO     | src.utils.checkpoint | Training history saved to /Users/paulettamaunge/Documents/GitHub/Hackathon_PolyglotPioneers/models/training_history.json
2026-07-24 16:14:54 | INFO     | src.models.trainer | Epoch 89/100 | Train=0.076268 | Validation=0.129363 | MAE=0.322212 | RMSE=0.359670 | R²=-0.3532
2026-07-24 16:14:54 | INFO     | src.utils.checkpoint | Checkpoint saved to /Users/paulettamaunge/Documents/GitHub/Hackathon_PolyglotPioneers/models/checkpoints/last_checkpoint.pth
2026-07-24 16:14:54 | INFO     | src.utils.checkpoint | Training history saved to /Users/paulettamaunge/Documents/GitHub/Hackathon_PolyglotPioneers/models/training_history.json
2026-07-24 16:14:54 | INFO     | src.models.trainer | Epoch 90/100 | Train=0.080170 | Validation=0.129364 | MAE=0.322213 | RMSE=0.359672 | R²=-0.3533
2026-07-24 16:14:54 | INFO     | src.utils.checkpoint | Checkpoint saved to /Users/paulettamaunge/Documents/GitHub/Hackathon_PolyglotPioneers/models/checkpoints/last_checkpoint.pth
2026-07-24 16:14:54 | INFO     | src.utils.checkpoint | Training history saved to /Users/paulettamaunge/Documents/GitHub/Hackathon_PolyglotPioneers/models/training_history.json
2026-07-24 16:14:54 | INFO     | src.models.trainer | Epoch 91/100 | Train=0.081399 | Validation=0.129365 | MAE=0.322214 | RMSE=0.359673 | R²=-0.3533
2026-07-24 16:14:54 | INFO     | src.utils.checkpoint | Checkpoint saved to /Users/paulettamaunge/Documents/GitHub/Hackathon_PolyglotPioneers/models/checkpoints/last_checkpoint.pth
2026-07-24 16:14:54 | INFO     | src.utils.checkpoint | Training history saved to /Users/paulettamaunge/Documents/GitHub/Hackathon_PolyglotPioneers/models/training_history.json
2026-07-24 16:14:54 | INFO     | src.models.trainer | Epoch 92/100 | Train=0.072690 | Validation=0.129364 | MAE=0.322214 | RMSE=0.359673 | R²=-0.3533
2026-07-24 16:14:54 | INFO     | src.utils.checkpoint | Checkpoint saved to /Users/paulettamaunge/Documents/GitHub/Hackathon_PolyglotPioneers/models/checkpoints/last_checkpoint.pth
2026-07-24 16:14:54 | INFO     | src.utils.checkpoint | Training history saved to /Users/paulettamaunge/Documents/GitHub/Hackathon_PolyglotPioneers/models/training_history.json
2026-07-24 16:14:54 | INFO     | src.models.trainer | Epoch 93/100 | Train=0.073690 | Validation=0.129365 | MAE=0.322215 | RMSE=0.359674 | R²=-0.3533
2026-07-24 16:14:54 | INFO     | src.models.trainer | Learning rate changed from 0.000000 to 0.000000
2026-07-24 16:14:54 | INFO     | src.utils.checkpoint | Checkpoint saved to /Users/paulettamaunge/Documents/GitHub/Hackathon_PolyglotPioneers/models/checkpoints/last_checkpoint.pth
2026-07-24 16:14:54 | INFO     | src.utils.checkpoint | Training history saved to /Users/paulettamaunge/Documents/GitHub/Hackathon_PolyglotPioneers/models/training_history.json
2026-07-24 16:14:54 | INFO     | src.models.trainer | Epoch 94/100 | Train=0.082602 | Validation=0.129366 | MAE=0.322215 | RMSE=0.359675 | R²=-0.3533
2026-07-24 16:14:54 | INFO     | src.utils.checkpoint | Checkpoint saved to /Users/paulettamaunge/Documents/GitHub/Hackathon_PolyglotPioneers/models/checkpoints/last_checkpoint.pth
2026-07-24 16:14:54 | INFO     | src.utils.checkpoint | Training history saved to /Users/paulettamaunge/Documents/GitHub/Hackathon_PolyglotPioneers/models/training_history.json
2026-07-24 16:14:54 | INFO     | src.models.trainer | Epoch 95/100 | Train=0.073973 | Validation=0.129366 | MAE=0.322215 | RMSE=0.359675 | R²=-0.3533
2026-07-24 16:14:54 | INFO     | src.utils.checkpoint | Checkpoint saved to /Users/paulettamaunge/Documents/GitHub/Hackathon_PolyglotPioneers/models/checkpoints/last_checkpoint.pth
2026-07-24 16:14:54 | INFO     | src.utils.checkpoint | Training history saved to /Users/paulettamaunge/Documents/GitHub/Hackathon_PolyglotPioneers/models/training_history.json
2026-07-24 16:14:54 | INFO     | src.models.trainer | Epoch 96/100 | Train=0.074218 | Validation=0.129366 | MAE=0.322215 | RMSE=0.359675 | R²=-0.3533
2026-07-24 16:14:54 | INFO     | src.utils.checkpoint | Checkpoint saved to /Users/paulettamaunge/Documents/GitHub/Hackathon_PolyglotPioneers/models/checkpoints/last_checkpoint.pth
2026-07-24 16:14:54 | INFO     | src.utils.checkpoint | Training history saved to /Users/paulettamaunge/Documents/GitHub/Hackathon_PolyglotPioneers/models/training_history.json
2026-07-24 16:14:54 | INFO     | src.models.trainer | Epoch 97/100 | Train=0.076517 | Validation=0.129366 | MAE=0.322215 | RMSE=0.359675 | R²=-0.3533
2026-07-24 16:14:54 | INFO     | src.utils.checkpoint | Checkpoint saved to /Users/paulettamaunge/Documents/GitHub/Hackathon_PolyglotPioneers/models/checkpoints/last_checkpoint.pth
2026-07-24 16:14:54 | INFO     | src.utils.checkpoint | Training history saved to /Users/paulettamaunge/Documents/GitHub/Hackathon_PolyglotPioneers/models/training_history.json
2026-07-24 16:14:54 | INFO     | src.models.trainer | Epoch 98/100 | Train=0.078386 | Validation=0.129366 | MAE=0.322215 | RMSE=0.359675 | R²=-0.3533
2026-07-24 16:14:54 | INFO     | src.utils.checkpoint | Checkpoint saved to /Users/paulettamaunge/Documents/GitHub/Hackathon_PolyglotPioneers/models/checkpoints/last_checkpoint.pth
2026-07-24 16:14:54 | INFO     | src.utils.checkpoint | Training history saved to /Users/paulettamaunge/Documents/GitHub/Hackathon_PolyglotPioneers/models/training_history.json
2026-07-24 16:14:54 | INFO     | src.models.trainer | Epoch 99/100 | Train=0.073787 | Validation=0.129366 | MAE=0.322215 | RMSE=0.359675 | R²=-0.3533
2026-07-24 16:14:54 | INFO     | src.models.trainer | Learning rate changed from 0.000000 to 0.000000
2026-07-24 16:14:54 | INFO     | src.utils.checkpoint | Checkpoint saved to /Users/paulettamaunge/Documents/GitHub/Hackathon_PolyglotPioneers/models/checkpoints/last_checkpoint.pth
2026-07-24 16:14:54 | INFO     | src.utils.checkpoint | Training history saved to /Users/paulettamaunge/Documents/GitHub/Hackathon_PolyglotPioneers/models/training_history.json
2026-07-24 16:14:54 | INFO     | src.models.trainer | Epoch 100/100 | Train=0.080780 | Validation=0.129367 | MAE=0.322216 | RMSE=0.359676 | R²=-0.3533
2026-07-24 16:14:54 | INFO     | src.models.trainer | Training finished. Best epoch: 88
2026-07-24 16:14:54 | INFO     | __main__ | Loading best model...
2026-07-24 16:14:54 | INFO     | src.utils.checkpoint | Checkpoint loaded from /Users/paulettamaunge/Documents/GitHub/Hackathon_PolyglotPioneers/models/checkpoints/best_lstm_model.pth
2026-07-24 16:14:54 | INFO     | src.models.trainer | Best model loaded.
2026-07-24 16:14:54 | INFO     | __main__ | Step 6/6 : Evaluating model
2026-07-24 16:14:54 | INFO     | src.models.trainer | Mean shape: (30,)
2026-07-24 16:14:54 | INFO     | src.models.trainer | Std shape: (30,)
2026-07-24 16:14:54 | INFO     | src.models.trainer | Samples shape: (100, 30)
2026-07-24 16:14:54 | INFO     | src.models.trainer | Prediction: -1.0656
2026-07-24 16:14:54 | INFO     | src.models.trainer | 95% Confidence Interval: [-1.0850, -1.0463]
2026-07-24 16:14:54 | INFO     | src.models.trainer | 95% Prediction Interval: [-1.2591, -0.8722]
2026-07-24 16:14:55 | INFO     | src.models.trainer | Predictions: min=-1.1261, max=-0.9493, mean=-1.0295
2026-07-24 16:14:55 | INFO     | src.models.trainer | Targets: min=-1.1580, max=1.9002, mean=0.4756
2026-07-24 16:14:55 | INFO     | src.models.trainer | First 10 predictions: [-1.0656389 -1.0539311 -1.0705489 -1.0460476 -1.0869124 -1.0899693
 -1.1070586 -1.126088  -1.0968852 -1.0666244]
2026-07-24 16:14:55 | INFO     | src.models.trainer | First 10 targets: [-0.18336818 -0.2226519  -0.21740645 -0.1309263  -0.14575772 -0.05156028
 -0.08376345 -0.14006779 -0.7410532  -1.1580467 ]
2026-07-24 16:14:55 | INFO     | src.models.trainer | Prediction correlation = 0.4175
2026-07-24 16:14:55 | INFO     | src.models.trainer | Test metrics: {'mae': 1.5111861699571212, 'mse': 3.01740676403596, 'rmse': 1.7370684396522666, 'r2': -2.8350330115428717}
2026-07-24 16:14:56 | WARNING  | src.models.trainer | Unable to generate SHAP explanations: The shape of the shap_values matrix does not match the shape of the provided data matrix.
2026-07-24 16:14:56 | INFO     | __main__ | ================================================================================
2026-07-24 16:14:56 | INFO     | __main__ | FINAL TEST RESULTS
2026-07-24 16:14:56 | INFO     | __main__ | ================================================================================
2026-07-24 16:14:56 | INFO     | __main__ | MAE     : 1.511186
2026-07-24 16:14:56 | INFO     | __main__ | MSE     : 3.017407
2026-07-24 16:14:56 | INFO     | __main__ | RMSE    : 1.737068
2026-07-24 16:14:56 | INFO     | __main__ | R2      : -2.835033
2026-07-24 16:14:56 | INFO     | __main__ | ================================================================================
2026-07-24 16:14:56 | INFO     | __main__ | FORECASTING PIPELINE COMPLETED SUCCESSFULLY
2026-07-24 16:14:56 | INFO     | __main__ | ================================================================================
2026-07-24 16:33:31 | INFO     | __main__ | ================================================================================
2026-07-24 16:33:31 | INFO     | __main__ | FORECASTING PIPELINE STARTED
2026-07-24 16:33:31 | INFO     | __main__ | ================================================================================
2026-07-24 16:33:31 | INFO     | __main__ | Step 1/6 : Loading dataset
2026-07-24 16:33:31 | INFO     | src.data.data_loader | Loading dataset...
2026-07-24 16:33:31 | INFO     | src.data.data_loader | Dataset loaded successfully (276 rows × 10 columns)
2026-07-24 16:33:31 | INFO     | src.data.data_loader | Validating dataset...
2026-07-24 16:33:31 | INFO     | src.data.data_loader | No missing values detected.
2026-07-24 16:33:31 | INFO     | src.data.data_loader | Sorting by 'year_month'.
2026-07-24 16:33:31 | INFO     | src.data.data_loader | Feature columns: ['FAO_23012', 'FAO_23013', 'BDI_std', 'monthly_return_bdi', 'Brent_USD_per_barrel', 'policy_rate']
2026-07-24 16:33:31 | INFO     | src.data.data_loader | ============================================================
2026-07-24 16:33:31 | INFO     | src.data.data_loader | Dataset Summary
2026-07-24 16:33:31 | INFO     | src.data.data_loader | ============================================================
2026-07-24 16:33:31 | INFO     | src.data.data_loader | Rows      : 276
2026-07-24 16:33:31 | INFO     | src.data.data_loader | Columns   : 10
2026-07-24 16:33:31 | INFO     | src.data.data_loader | Features  : 6
2026-07-24 16:33:31 | INFO     | src.data.data_loader | Target    : FAO_23014
2026-07-24 16:33:31 | INFO     | src.data.data_loader | ============================================================
2026-07-24 16:33:31 | INFO     | __main__ | Running persistence baseline...
2026-07-24 16:33:31 | INFO     | __main__ | Running correlation analysis...
2026-07-24 16:33:31 | INFO     | __main__ | Running feature importance analysis...
2026-07-24 16:33:32 | INFO     | __main__ | Step 2/6 : Preprocessing dataset
2026-07-24 16:33:32 | INFO     | src.data.preprocessor | Splitting dataset chronologically...
2026-07-24 16:33:32 | INFO     | src.data.preprocessor | Train rows      : 193
2026-07-24 16:33:32 | INFO     | src.data.preprocessor | Validation rows : 41
2026-07-24 16:33:32 | INFO     | src.data.preprocessor | Test rows       : 42
2026-07-24 16:33:32 | INFO     | src.data.preprocessor | Fitting feature scaler on training data...
2026-07-24 16:33:32 | INFO     | src.data.preprocessor | Fitting target scaler on training data...
2026-07-24 16:33:32 | INFO     | src.data.preprocessor | Saving preprocessing artifacts...
2026-07-24 16:33:32 | INFO     | src.data.preprocessor | Metadata saved.
2026-07-24 16:33:32 | INFO     | src.data.preprocessor | Preprocessing pipeline completed successfully.
2026-07-24 16:33:32 | INFO     | __main__ | Step 3/6 : Building LSTM sequences
2026-07-24 16:33:32 | INFO     | src.models.sequence_builder | Building LSTM sequence datasets...
2026-07-24 16:33:32 | INFO     | src.models.sequence_builder | Creating sequences (window=12)...
2026-07-24 16:33:32 | INFO     | src.models.sequence_builder | Generated 181 sequences.
2026-07-24 16:33:32 | INFO     | src.models.sequence_builder | Sequence shape: (181, 12, 6)
2026-07-24 16:33:32 | INFO     | src.models.sequence_builder | Creating sequences (window=12)...
2026-07-24 16:33:32 | INFO     | src.models.sequence_builder | Generated 29 sequences.
2026-07-24 16:33:32 | INFO     | src.models.sequence_builder | Sequence shape: (29, 12, 6)
2026-07-24 16:33:32 | INFO     | src.models.sequence_builder | Creating sequences (window=12)...
2026-07-24 16:33:32 | INFO     | src.models.sequence_builder | Generated 30 sequences.
2026-07-24 16:33:32 | INFO     | src.models.sequence_builder | Sequence shape: (30, 12, 6)
2026-07-24 16:33:32 | INFO     | src.models.sequence_builder | y_train_seq min=-1.262985348701477, max=3.2605814933776855
2026-07-24 16:33:32 | INFO     | src.models.sequence_builder | y_val_seq min=-1.646776795387268, max=-0.7225300669670105
2026-07-24 16:33:32 | INFO     | src.models.sequence_builder | y_test_seq min=-1.1580467224121094, max=1.9002104997634888
2026-07-24 16:33:32 | INFO     | src.models.sequence_builder | y_val_seq NaNs=0, Infs=0
2026-07-24 16:33:32 | INFO     | src.models.sequence_builder | Sequence generation completed successfully.
2026-07-24 16:33:32 | INFO     | src.models.sequence_builder | Input size: 6
2026-07-24 16:33:32 | INFO     | __main__ | Step 4/6 : Initialising trainer
2026-07-24 16:33:32 | INFO     | src.models.trainer | Initialising trainer...
2026-07-24 16:33:32 | WARNING  | src.models.trainer | MPS backend detected; falling back to CPU because it can produce unstable training results on this project.
2026-07-24 16:33:32 | INFO     | src.models.trainer | Training device: cpu
2026-07-24 16:33:32 | INFO     | src.models.trainer | SequenceData y_train: min=-1.262985348701477, max=3.2605814933776855
2026-07-24 16:33:32 | INFO     | src.models.trainer | SequenceData y_validation: min=-1.646776795387268, max=-0.7225300669670105
2026-07-24 16:33:32 | INFO     | src.models.trainer | SequenceData y_test: min=-1.1580467224121094, max=1.9002104997634888
2026-07-24 16:33:32 | INFO     | src.data.dataset | Dataset created with 181 samples.
2026-07-24 16:33:32 | INFO     | src.data.dataset | Dataset created with 29 samples.
2026-07-24 16:33:32 | INFO     | src.data.dataset | Dataset created with 30 samples.
2026-07-24 16:33:33 | INFO     | src.models.trainer | Trainer initialised successfully.
2026-07-24 16:33:33 | INFO     | src.models.trainer | No previous checkpoint found.
2026-07-24 16:33:33 | INFO     | __main__ | Step 5/6 : Training model
2026-07-24 16:33:33 | INFO     | src.models.trainer | Starting training...
2026-07-24 16:33:33 | INFO     | src.utils.checkpoint | Checkpoint saved to /Users/paulettamaunge/Documents/GitHub/Hackathon_PolyglotPioneers/models/checkpoints/last_checkpoint.pth
2026-07-24 16:33:33 | INFO     | src.utils.checkpoint | Checkpoint saved to /Users/paulettamaunge/Documents/GitHub/Hackathon_PolyglotPioneers/models/checkpoints/best_lstm_model.pth
2026-07-24 16:33:33 | INFO     | src.utils.checkpoint | Training history saved to /Users/paulettamaunge/Documents/GitHub/Hackathon_PolyglotPioneers/models/training_history.json
2026-07-24 16:33:33 | INFO     | src.models.trainer | Epoch 1/100 | Train=0.999631 | Validation=1.566769 | MAE=1.212723 | RMSE=1.251706 | R²=-15.3898
2026-07-24 16:33:33 | INFO     | src.utils.checkpoint | Checkpoint saved to /Users/paulettamaunge/Documents/GitHub/Hackathon_PolyglotPioneers/models/checkpoints/last_checkpoint.pth
2026-07-24 16:33:33 | INFO     | src.utils.checkpoint | Checkpoint saved to /Users/paulettamaunge/Documents/GitHub/Hackathon_PolyglotPioneers/models/checkpoints/best_lstm_model.pth
2026-07-24 16:33:33 | INFO     | src.utils.checkpoint | Training history saved to /Users/paulettamaunge/Documents/GitHub/Hackathon_PolyglotPioneers/models/training_history.json
2026-07-24 16:33:33 | INFO     | src.models.trainer | Epoch 2/100 | Train=0.939047 | Validation=1.117448 | MAE=1.010104 | RMSE=1.057094 | R²=-10.6895
2026-07-24 16:33:33 | INFO     | src.utils.checkpoint | Checkpoint saved to /Users/paulettamaunge/Documents/GitHub/Hackathon_PolyglotPioneers/models/checkpoints/last_checkpoint.pth
2026-07-24 16:33:33 | INFO     | src.utils.checkpoint | Checkpoint saved to /Users/paulettamaunge/Documents/GitHub/Hackathon_PolyglotPioneers/models/checkpoints/best_lstm_model.pth
2026-07-24 16:33:33 | INFO     | src.utils.checkpoint | Training history saved to /Users/paulettamaunge/Documents/GitHub/Hackathon_PolyglotPioneers/models/training_history.json
2026-07-24 16:33:33 | INFO     | src.models.trainer | Epoch 3/100 | Train=0.813987 | Validation=0.363157 | MAE=0.513896 | RMSE=0.602625 | R²=-2.7989
2026-07-24 16:33:33 | INFO     | src.utils.checkpoint | Checkpoint saved to /Users/paulettamaunge/Documents/GitHub/Hackathon_PolyglotPioneers/models/checkpoints/last_checkpoint.pth
2026-07-24 16:33:33 | INFO     | src.utils.checkpoint | Checkpoint saved to /Users/paulettamaunge/Documents/GitHub/Hackathon_PolyglotPioneers/models/checkpoints/best_lstm_model.pth
2026-07-24 16:33:33 | INFO     | src.utils.checkpoint | Training history saved to /Users/paulettamaunge/Documents/GitHub/Hackathon_PolyglotPioneers/models/training_history.json
2026-07-24 16:33:33 | INFO     | src.models.trainer | Epoch 4/100 | Train=0.650130 | Validation=0.145912 | MAE=0.296376 | RMSE=0.381984 | R²=-0.5264
2026-07-24 16:33:33 | INFO     | src.utils.checkpoint | Checkpoint saved to /Users/paulettamaunge/Documents/GitHub/Hackathon_PolyglotPioneers/models/checkpoints/last_checkpoint.pth
2026-07-24 16:33:33 | INFO     | src.utils.checkpoint | Checkpoint saved to /Users/paulettamaunge/Documents/GitHub/Hackathon_PolyglotPioneers/models/checkpoints/best_lstm_model.pth
2026-07-24 16:33:33 | INFO     | src.utils.checkpoint | Training history saved to /Users/paulettamaunge/Documents/GitHub/Hackathon_PolyglotPioneers/models/training_history.json
2026-07-24 16:33:33 | INFO     | src.models.trainer | Epoch 5/100 | Train=0.488799 | Validation=0.104028 | MAE=0.295049 | RMSE=0.322534 | R²=-0.0882
2026-07-24 16:33:33 | INFO     | src.utils.checkpoint | Checkpoint saved to /Users/paulettamaunge/Documents/GitHub/Hackathon_PolyglotPioneers/models/checkpoints/last_checkpoint.pth
2026-07-24 16:33:33 | INFO     | src.utils.checkpoint | Training history saved to /Users/paulettamaunge/Documents/GitHub/Hackathon_PolyglotPioneers/models/training_history.json
2026-07-24 16:33:33 | INFO     | src.models.trainer | Epoch 6/100 | Train=0.393179 | Validation=0.110461 | MAE=0.302054 | RMSE=0.332357 | R²=-0.1555
2026-07-24 16:33:34 | INFO     | src.utils.checkpoint | Checkpoint saved to /Users/paulettamaunge/Documents/GitHub/Hackathon_PolyglotPioneers/models/checkpoints/last_checkpoint.pth
2026-07-24 16:33:34 | INFO     | src.utils.checkpoint | Training history saved to /Users/paulettamaunge/Documents/GitHub/Hackathon_PolyglotPioneers/models/training_history.json
2026-07-24 16:33:34 | INFO     | src.models.trainer | Epoch 7/100 | Train=0.313066 | Validation=0.121477 | MAE=0.312282 | RMSE=0.348536 | R²=-0.2708
2026-07-24 16:33:34 | INFO     | src.utils.checkpoint | Checkpoint saved to /Users/paulettamaunge/Documents/GitHub/Hackathon_PolyglotPioneers/models/checkpoints/last_checkpoint.pth
2026-07-24 16:33:34 | INFO     | src.utils.checkpoint | Training history saved to /Users/paulettamaunge/Documents/GitHub/Hackathon_PolyglotPioneers/models/training_history.json
2026-07-24 16:33:34 | INFO     | src.models.trainer | Epoch 8/100 | Train=0.266199 | Validation=0.152946 | MAE=0.339105 | RMSE=0.391083 | R²=-0.5999
2026-07-24 16:33:34 | INFO     | src.utils.checkpoint | Checkpoint saved to /Users/paulettamaunge/Documents/GitHub/Hackathon_PolyglotPioneers/models/checkpoints/last_checkpoint.pth
2026-07-24 16:33:34 | INFO     | src.utils.checkpoint | Training history saved to /Users/paulettamaunge/Documents/GitHub/Hackathon_PolyglotPioneers/models/training_history.json
2026-07-24 16:33:34 | INFO     | src.models.trainer | Epoch 9/100 | Train=0.235420 | Validation=0.132461 | MAE=0.324118 | RMSE=0.363951 | R²=-0.3857
2026-07-24 16:33:34 | INFO     | src.utils.checkpoint | Checkpoint saved to /Users/paulettamaunge/Documents/GitHub/Hackathon_PolyglotPioneers/models/checkpoints/last_checkpoint.pth
2026-07-24 16:33:34 | INFO     | src.utils.checkpoint | Checkpoint saved to /Users/paulettamaunge/Documents/GitHub/Hackathon_PolyglotPioneers/models/checkpoints/best_lstm_model.pth
2026-07-24 16:33:34 | INFO     | src.utils.checkpoint | Training history saved to /Users/paulettamaunge/Documents/GitHub/Hackathon_PolyglotPioneers/models/training_history.json
2026-07-24 16:33:34 | INFO     | src.models.trainer | Epoch 10/100 | Train=0.197433 | Validation=0.101636 | MAE=0.287737 | RMSE=0.318804 | R²=-0.0632
2026-07-24 16:33:34 | INFO     | src.utils.checkpoint | Checkpoint saved to /Users/paulettamaunge/Documents/GitHub/Hackathon_PolyglotPioneers/models/checkpoints/last_checkpoint.pth
2026-07-24 16:33:34 | INFO     | src.utils.checkpoint | Training history saved to /Users/paulettamaunge/Documents/GitHub/Hackathon_PolyglotPioneers/models/training_history.json
2026-07-24 16:33:34 | INFO     | src.models.trainer | Epoch 11/100 | Train=0.190342 | Validation=0.103177 | MAE=0.292318 | RMSE=0.321211 | R²=-0.0793
2026-07-24 16:33:34 | INFO     | src.utils.checkpoint | Checkpoint saved to /Users/paulettamaunge/Documents/GitHub/Hackathon_PolyglotPioneers/models/checkpoints/last_checkpoint.pth
2026-07-24 16:33:34 | INFO     | src.utils.checkpoint | Training history saved to /Users/paulettamaunge/Documents/GitHub/Hackathon_PolyglotPioneers/models/training_history.json
2026-07-24 16:33:34 | INFO     | src.models.trainer | Epoch 12/100 | Train=0.182064 | Validation=0.119989 | MAE=0.310610 | RMSE=0.346394 | R²=-0.2552
2026-07-24 16:33:34 | INFO     | src.utils.checkpoint | Checkpoint saved to /Users/paulettamaunge/Documents/GitHub/Hackathon_PolyglotPioneers/models/checkpoints/last_checkpoint.pth
2026-07-24 16:33:34 | INFO     | src.utils.checkpoint | Training history saved to /Users/paulettamaunge/Documents/GitHub/Hackathon_PolyglotPioneers/models/training_history.json
2026-07-24 16:33:34 | INFO     | src.models.trainer | Epoch 13/100 | Train=0.163326 | Validation=0.141172 | MAE=0.329347 | RMSE=0.375728 | R²=-0.4768
2026-07-24 16:33:34 | INFO     | src.utils.checkpoint | Checkpoint saved to /Users/paulettamaunge/Documents/GitHub/Hackathon_PolyglotPioneers/models/checkpoints/last_checkpoint.pth
2026-07-24 16:33:34 | INFO     | src.utils.checkpoint | Training history saved to /Users/paulettamaunge/Documents/GitHub/Hackathon_PolyglotPioneers/models/training_history.json
2026-07-24 16:33:34 | INFO     | src.models.trainer | Epoch 14/100 | Train=0.150057 | Validation=0.166457 | MAE=0.347968 | RMSE=0.407992 | R²=-0.7413
2026-07-24 16:33:34 | INFO     | src.utils.checkpoint | Checkpoint saved to /Users/paulettamaunge/Documents/GitHub/Hackathon_PolyglotPioneers/models/checkpoints/last_checkpoint.pth
2026-07-24 16:33:34 | INFO     | src.utils.checkpoint | Training history saved to /Users/paulettamaunge/Documents/GitHub/Hackathon_PolyglotPioneers/models/training_history.json
2026-07-24 16:33:34 | INFO     | src.models.trainer | Epoch 15/100 | Train=0.149597 | Validation=0.134016 | MAE=0.324466 | RMSE=0.366082 | R²=-0.4019
2026-07-24 16:33:34 | INFO     | src.models.trainer | Learning rate changed from 0.001000 to 0.000500
2026-07-24 16:33:34 | INFO     | src.utils.checkpoint | Checkpoint saved to /Users/paulettamaunge/Documents/GitHub/Hackathon_PolyglotPioneers/models/checkpoints/last_checkpoint.pth
2026-07-24 16:33:34 | INFO     | src.utils.checkpoint | Training history saved to /Users/paulettamaunge/Documents/GitHub/Hackathon_PolyglotPioneers/models/training_history.json
2026-07-24 16:33:34 | INFO     | src.models.trainer | Epoch 16/100 | Train=0.146779 | Validation=0.126666 | MAE=0.318260 | RMSE=0.355902 | R²=-0.3250
2026-07-24 16:33:34 | INFO     | src.utils.checkpoint | Checkpoint saved to /Users/paulettamaunge/Documents/GitHub/Hackathon_PolyglotPioneers/models/checkpoints/last_checkpoint.pth
2026-07-24 16:33:34 | INFO     | src.utils.checkpoint | Training history saved to /Users/paulettamaunge/Documents/GitHub/Hackathon_PolyglotPioneers/models/training_history.json
2026-07-24 16:33:34 | INFO     | src.models.trainer | Epoch 17/100 | Train=0.127863 | Validation=0.131199 | MAE=0.322840 | RMSE=0.362214 | R²=-0.3725
2026-07-24 16:33:34 | INFO     | src.utils.checkpoint | Checkpoint saved to /Users/paulettamaunge/Documents/GitHub/Hackathon_PolyglotPioneers/models/checkpoints/last_checkpoint.pth
2026-07-24 16:33:34 | INFO     | src.utils.checkpoint | Training history saved to /Users/paulettamaunge/Documents/GitHub/Hackathon_PolyglotPioneers/models/training_history.json
2026-07-24 16:33:34 | INFO     | src.models.trainer | Epoch 18/100 | Train=0.131026 | Validation=0.126885 | MAE=0.318853 | RMSE=0.356209 | R²=-0.3273
2026-07-24 16:33:34 | INFO     | src.utils.checkpoint | Checkpoint saved to /Users/paulettamaunge/Documents/GitHub/Hackathon_PolyglotPioneers/models/checkpoints/last_checkpoint.pth
2026-07-24 16:33:34 | INFO     | src.utils.checkpoint | Training history saved to /Users/paulettamaunge/Documents/GitHub/Hackathon_PolyglotPioneers/models/training_history.json
2026-07-24 16:33:34 | INFO     | src.models.trainer | Epoch 19/100 | Train=0.117518 | Validation=0.117477 | MAE=0.308721 | RMSE=0.342749 | R²=-0.2289
2026-07-24 16:33:34 | INFO     | src.utils.checkpoint | Checkpoint saved to /Users/paulettamaunge/Documents/GitHub/Hackathon_PolyglotPioneers/models/checkpoints/last_checkpoint.pth
2026-07-24 16:33:34 | INFO     | src.utils.checkpoint | Training history saved to /Users/paulettamaunge/Documents/GitHub/Hackathon_PolyglotPioneers/models/training_history.json
2026-07-24 16:33:34 | INFO     | src.models.trainer | Epoch 20/100 | Train=0.113971 | Validation=0.121078 | MAE=0.312873 | RMSE=0.347962 | R²=-0.2666
2026-07-24 16:33:34 | INFO     | src.utils.checkpoint | Checkpoint saved to /Users/paulettamaunge/Documents/GitHub/Hackathon_PolyglotPioneers/models/checkpoints/last_checkpoint.pth
2026-07-24 16:33:34 | INFO     | src.utils.checkpoint | Training history saved to /Users/paulettamaunge/Documents/GitHub/Hackathon_PolyglotPioneers/models/training_history.json
2026-07-24 16:33:34 | INFO     | src.models.trainer | Epoch 21/100 | Train=0.110973 | Validation=0.127956 | MAE=0.320426 | RMSE=0.357710 | R²=-0.3385
2026-07-24 16:33:34 | INFO     | src.models.trainer | Learning rate changed from 0.000500 to 0.000250
2026-07-24 16:33:34 | INFO     | src.utils.checkpoint | Checkpoint saved to /Users/paulettamaunge/Documents/GitHub/Hackathon_PolyglotPioneers/models/checkpoints/last_checkpoint.pth
2026-07-24 16:33:34 | INFO     | src.utils.checkpoint | Training history saved to /Users/paulettamaunge/Documents/GitHub/Hackathon_PolyglotPioneers/models/training_history.json
2026-07-24 16:33:34 | INFO     | src.models.trainer | Epoch 22/100 | Train=0.117589 | Validation=0.119587 | MAE=0.311272 | RMSE=0.345813 | R²=-0.2510
2026-07-24 16:33:34 | INFO     | src.utils.checkpoint | Checkpoint saved to /Users/paulettamaunge/Documents/GitHub/Hackathon_PolyglotPioneers/models/checkpoints/last_checkpoint.pth
2026-07-24 16:33:34 | INFO     | src.utils.checkpoint | Training history saved to /Users/paulettamaunge/Documents/GitHub/Hackathon_PolyglotPioneers/models/training_history.json
2026-07-24 16:33:34 | INFO     | src.models.trainer | Epoch 23/100 | Train=0.096477 | Validation=0.118210 | MAE=0.309754 | RMSE=0.343816 | R²=-0.2366
2026-07-24 16:33:34 | INFO     | src.utils.checkpoint | Checkpoint saved to /Users/paulettamaunge/Documents/GitHub/Hackathon_PolyglotPioneers/models/checkpoints/last_checkpoint.pth
2026-07-24 16:33:34 | INFO     | src.utils.checkpoint | Training history saved to /Users/paulettamaunge/Documents/GitHub/Hackathon_PolyglotPioneers/models/training_history.json
2026-07-24 16:33:34 | INFO     | src.models.trainer | Epoch 24/100 | Train=0.087362 | Validation=0.118694 | MAE=0.310268 | RMSE=0.344519 | R²=-0.2416
2026-07-24 16:33:34 | INFO     | src.utils.checkpoint | Checkpoint saved to /Users/paulettamaunge/Documents/GitHub/Hackathon_PolyglotPioneers/models/checkpoints/last_checkpoint.pth
2026-07-24 16:33:34 | INFO     | src.utils.checkpoint | Training history saved to /Users/paulettamaunge/Documents/GitHub/Hackathon_PolyglotPioneers/models/training_history.json
2026-07-24 16:33:34 | INFO     | src.models.trainer | Epoch 25/100 | Train=0.087465 | Validation=0.121654 | MAE=0.313879 | RMSE=0.348790 | R²=-0.2726
2026-07-24 16:33:34 | INFO     | src.models.trainer | Early stopping triggered.
2026-07-24 16:33:34 | INFO     | src.models.trainer | Training finished. Best epoch: 10
2026-07-24 16:33:34 | INFO     | __main__ | Loading best model...
2026-07-24 16:33:34 | INFO     | src.utils.checkpoint | Checkpoint loaded from /Users/paulettamaunge/Documents/GitHub/Hackathon_PolyglotPioneers/models/checkpoints/best_lstm_model.pth
2026-07-24 16:33:34 | INFO     | src.models.trainer | Best model loaded.
2026-07-24 16:33:34 | INFO     | __main__ | Step 6/6 : Evaluating model
2026-07-24 16:33:34 | INFO     | src.models.trainer | Mean shape: (30,)
2026-07-24 16:33:34 | INFO     | src.models.trainer | Std shape: (30,)
2026-07-24 16:33:34 | INFO     | src.models.trainer | Samples shape: (100, 30)
2026-07-24 16:33:34 | INFO     | src.models.trainer | Prediction: -1.2666
2026-07-24 16:33:34 | INFO     | src.models.trainer | 95% Confidence Interval: [-1.2882, -1.2451]
2026-07-24 16:33:34 | INFO     | src.models.trainer | 95% Prediction Interval: [-1.4822, -1.0511]
2026-07-24 16:33:35 | INFO     | src.models.trainer | Predictions: min=-1.3010, max=-0.3366, mean=-0.8998
2026-07-24 16:33:35 | INFO     | src.models.trainer | Targets: min=-1.1580, max=1.9002, mean=0.4756
2026-07-24 16:33:35 | INFO     | src.models.trainer | First 10 predictions: [-1.2666447 -1.267997  -1.267364  -1.2939708 -1.2607073 -1.2963299
 -1.2759442 -1.2831458 -1.3010222 -1.277643 ]
2026-07-24 16:33:35 | INFO     | src.models.trainer | First 10 targets: [-0.18336818 -0.2226519  -0.21740645 -0.1309263  -0.14575772 -0.05156028
 -0.08376345 -0.14006779 -0.7410532  -1.1580467 ]
2026-07-24 16:33:35 | INFO     | src.models.trainer | Prediction correlation = 0.4248
2026-07-24 16:33:35 | INFO     | src.models.trainer | Test metrics: {'mae': 1.3753835900376241, 'mse': 2.536529265236923, 'rmse': 1.5926485064937972, 'r2': -2.2238522107363625}
2026-07-24 16:33:36 | INFO     | src.models.trainer | SHAP summary plot saved.
2026-07-24 16:33:36 | INFO     | __main__ | ================================================================================
2026-07-24 16:33:36 | INFO     | __main__ | FINAL TEST RESULTS
2026-07-24 16:33:36 | INFO     | __main__ | ================================================================================
2026-07-24 16:33:36 | INFO     | __main__ | MAE     : 1.375384
2026-07-24 16:33:36 | INFO     | __main__ | MSE     : 2.536529
2026-07-24 16:33:36 | INFO     | __main__ | RMSE    : 1.592649
2026-07-24 16:33:36 | INFO     | __main__ | R2      : -2.223852
2026-07-24 16:33:36 | INFO     | __main__ | ================================================================================
2026-07-24 16:33:36 | INFO     | __main__ | FORECASTING PIPELINE COMPLETED SUCCESSFULLY
2026-07-24 16:33:36 | INFO     | __main__ | ================================================================================
2026-07-24 20:49:46 | INFO     | __main__ | ================================================================================
2026-07-24 20:49:46 | INFO     | __main__ | FORECASTING PIPELINE STARTED
2026-07-24 20:49:46 | INFO     | __main__ | ================================================================================
2026-07-24 20:49:46 | INFO     | __main__ | Step 1/6 : Loading dataset
2026-07-24 20:49:46 | INFO     | src.data.data_loader | Loading dataset...
2026-07-24 20:49:46 | INFO     | src.data.data_loader | Dataset loaded successfully (276 rows × 10 columns)
2026-07-24 20:49:46 | INFO     | src.data.data_loader | Validating dataset...
2026-07-24 20:49:46 | INFO     | src.data.data_loader | No missing values detected.
2026-07-24 20:49:46 | INFO     | src.data.data_loader | Sorting by 'year_month'.
2026-07-24 20:49:46 | INFO     | src.data.data_loader | Feature columns: ['FAO_23012', 'FAO_23013', 'BDI_std', 'monthly_return_bdi', 'Brent_USD_per_barrel', 'policy_rate']
2026-07-24 20:49:46 | INFO     | src.data.data_loader | ============================================================
2026-07-24 20:49:46 | INFO     | src.data.data_loader | Dataset Summary
2026-07-24 20:49:46 | INFO     | src.data.data_loader | ============================================================
2026-07-24 20:49:46 | INFO     | src.data.data_loader | Rows      : 276
2026-07-24 20:49:46 | INFO     | src.data.data_loader | Columns   : 10
2026-07-24 20:49:46 | INFO     | src.data.data_loader | Features  : 6
2026-07-24 20:49:46 | INFO     | src.data.data_loader | Target    : FAO_23014
2026-07-24 20:49:46 | INFO     | src.data.data_loader | ============================================================
2026-07-24 20:49:46 | INFO     | __main__ | Running persistence baseline...
2026-07-24 20:49:46 | INFO     | __main__ | Running correlation analysis...
2026-07-24 20:49:46 | INFO     | __main__ | Running feature importance analysis...
2026-07-24 20:49:47 | INFO     | __main__ | Step 2/6 : Preprocessing dataset
2026-07-24 20:49:47 | INFO     | src.data.preprocessor | Splitting dataset chronologically...
2026-07-24 20:49:47 | INFO     | src.data.preprocessor | Train rows      : 193
2026-07-24 20:49:47 | INFO     | src.data.preprocessor | Validation rows : 41
2026-07-24 20:49:47 | INFO     | src.data.preprocessor | Test rows       : 42
2026-07-24 20:49:47 | INFO     | src.data.preprocessor | Fitting feature scaler on training data...
2026-07-24 20:49:47 | INFO     | src.data.preprocessor | Fitting target scaler on training data...
2026-07-24 20:49:47 | INFO     | src.data.preprocessor | Saving preprocessing artifacts...
2026-07-24 20:49:47 | INFO     | src.data.preprocessor | Metadata saved.
2026-07-24 20:49:47 | INFO     | src.data.preprocessor | Preprocessing pipeline completed successfully.
2026-07-24 20:49:47 | INFO     | __main__ | Step 3/6 : Building LSTM sequences
2026-07-24 20:49:47 | INFO     | src.models.sequence_builder | Building LSTM sequence datasets...
2026-07-24 20:49:47 | INFO     | src.models.sequence_builder | Creating sequences (window=12)...
2026-07-24 20:49:47 | INFO     | src.models.sequence_builder | Generated 181 sequences.
2026-07-24 20:49:47 | INFO     | src.models.sequence_builder | Sequence shape: (181, 12, 6)
2026-07-24 20:49:47 | INFO     | src.models.sequence_builder | Creating sequences (window=12)...
2026-07-24 20:49:47 | INFO     | src.models.sequence_builder | Generated 29 sequences.
2026-07-24 20:49:47 | INFO     | src.models.sequence_builder | Sequence shape: (29, 12, 6)
2026-07-24 20:49:47 | INFO     | src.models.sequence_builder | Creating sequences (window=12)...
2026-07-24 20:49:47 | INFO     | src.models.sequence_builder | Generated 30 sequences.
2026-07-24 20:49:47 | INFO     | src.models.sequence_builder | Sequence shape: (30, 12, 6)
2026-07-24 20:49:47 | INFO     | src.models.sequence_builder | y_train_seq min=-1.262985348701477, max=3.2605814933776855
2026-07-24 20:49:47 | INFO     | src.models.sequence_builder | y_val_seq min=-1.646776795387268, max=-0.7225300669670105
2026-07-24 20:49:47 | INFO     | src.models.sequence_builder | y_test_seq min=-1.1580467224121094, max=1.9002104997634888
2026-07-24 20:49:47 | INFO     | src.models.sequence_builder | y_val_seq NaNs=0, Infs=0
2026-07-24 20:49:47 | INFO     | src.models.sequence_builder | Sequence generation completed successfully.
2026-07-24 20:49:47 | INFO     | src.models.sequence_builder | Input size: 6
2026-07-24 20:49:47 | INFO     | __main__ | Step 4/6 : Initialising trainer
2026-07-24 20:49:47 | INFO     | src.models.trainer | Initialising trainer...
2026-07-24 20:49:47 | WARNING  | src.models.trainer | MPS backend detected; falling back to CPU because it can produce unstable training results on this project.
2026-07-24 20:49:47 | INFO     | src.models.trainer | Training device: cpu
2026-07-24 20:49:47 | INFO     | src.models.trainer | SequenceData y_train: min=-1.262985348701477, max=3.2605814933776855
2026-07-24 20:49:47 | INFO     | src.models.trainer | SequenceData y_validation: min=-1.646776795387268, max=-0.7225300669670105
2026-07-24 20:49:47 | INFO     | src.models.trainer | SequenceData y_test: min=-1.1580467224121094, max=1.9002104997634888
2026-07-24 20:49:47 | INFO     | src.data.dataset | Dataset created with 181 samples.
2026-07-24 20:49:47 | INFO     | src.data.dataset | Dataset created with 29 samples.
2026-07-24 20:49:47 | INFO     | src.data.dataset | Dataset created with 30 samples.
2026-07-24 20:49:47 | INFO     | src.models.trainer | Trainer initialised successfully.
2026-07-24 20:49:47 | INFO     | src.utils.checkpoint | Checkpoint loaded from /Users/paulettamaunge/Documents/GitHub/Hackathon_PolyglotPioneers/models/checkpoints/last_checkpoint.pth
2026-07-24 20:49:47 | INFO     | src.models.trainer | Resuming from epoch 25
2026-07-24 20:49:47 | INFO     | __main__ | Step 5/6 : Training model
2026-07-24 20:49:47 | INFO     | src.models.trainer | Starting training...
2026-07-24 20:49:47 | INFO     | src.utils.checkpoint | Checkpoint saved to /Users/paulettamaunge/Documents/GitHub/Hackathon_PolyglotPioneers/models/checkpoints/last_checkpoint.pth
2026-07-24 20:49:47 | INFO     | src.utils.checkpoint | Training history saved to /Users/paulettamaunge/Documents/GitHub/Hackathon_PolyglotPioneers/models/training_history.json
2026-07-24 20:49:47 | INFO     | src.models.trainer | Epoch 26/100 | Train=0.095771 | Validation=0.122072 | MAE=0.314376 | RMSE=0.349389 | R²=-0.2770
2026-07-24 20:49:47 | INFO     | src.utils.checkpoint | Checkpoint saved to /Users/paulettamaunge/Documents/GitHub/Hackathon_PolyglotPioneers/models/checkpoints/last_checkpoint.pth
2026-07-24 20:49:47 | INFO     | src.utils.checkpoint | Training history saved to /Users/paulettamaunge/Documents/GitHub/Hackathon_PolyglotPioneers/models/training_history.json
2026-07-24 20:49:47 | INFO     | src.models.trainer | Epoch 27/100 | Train=0.082483 | Validation=0.124634 | MAE=0.317260 | RMSE=0.353036 | R²=-0.3038
2026-07-24 20:49:47 | INFO     | src.models.trainer | Learning rate changed from 0.000250 to 0.000125
2026-07-24 20:49:47 | INFO     | src.utils.checkpoint | Checkpoint saved to /Users/paulettamaunge/Documents/GitHub/Hackathon_PolyglotPioneers/models/checkpoints/last_checkpoint.pth
2026-07-24 20:49:47 | INFO     | src.utils.checkpoint | Training history saved to /Users/paulettamaunge/Documents/GitHub/Hackathon_PolyglotPioneers/models/training_history.json
2026-07-24 20:49:47 | INFO     | src.models.trainer | Epoch 28/100 | Train=0.090502 | Validation=0.123908 | MAE=0.316491 | RMSE=0.352006 | R²=-0.2962
2026-07-24 20:49:47 | INFO     | src.utils.checkpoint | Checkpoint saved to /Users/paulettamaunge/Documents/GitHub/Hackathon_PolyglotPioneers/models/checkpoints/last_checkpoint.pth
2026-07-24 20:49:47 | INFO     | src.utils.checkpoint | Training history saved to /Users/paulettamaunge/Documents/GitHub/Hackathon_PolyglotPioneers/models/training_history.json
2026-07-24 20:49:47 | INFO     | src.models.trainer | Epoch 29/100 | Train=0.090037 | Validation=0.124646 | MAE=0.317315 | RMSE=0.353053 | R²=-0.3039
2026-07-24 20:49:47 | INFO     | src.utils.checkpoint | Checkpoint saved to /Users/paulettamaunge/Documents/GitHub/Hackathon_PolyglotPioneers/models/checkpoints/last_checkpoint.pth
2026-07-24 20:49:47 | INFO     | src.utils.checkpoint | Training history saved to /Users/paulettamaunge/Documents/GitHub/Hackathon_PolyglotPioneers/models/training_history.json
2026-07-24 20:49:47 | INFO     | src.models.trainer | Epoch 30/100 | Train=0.086760 | Validation=0.124950 | MAE=0.317642 | RMSE=0.353483 | R²=-0.3071
2026-07-24 20:49:47 | INFO     | src.utils.checkpoint | Checkpoint saved to /Users/paulettamaunge/Documents/GitHub/Hackathon_PolyglotPioneers/models/checkpoints/last_checkpoint.pth
2026-07-24 20:49:47 | INFO     | src.utils.checkpoint | Training history saved to /Users/paulettamaunge/Documents/GitHub/Hackathon_PolyglotPioneers/models/training_history.json
2026-07-24 20:49:47 | INFO     | src.models.trainer | Epoch 31/100 | Train=0.083499 | Validation=0.124835 | MAE=0.317526 | RMSE=0.353321 | R²=-0.3059
2026-07-24 20:49:47 | INFO     | src.utils.checkpoint | Checkpoint saved to /Users/paulettamaunge/Documents/GitHub/Hackathon_PolyglotPioneers/models/checkpoints/last_checkpoint.pth
2026-07-24 20:49:47 | INFO     | src.utils.checkpoint | Training history saved to /Users/paulettamaunge/Documents/GitHub/Hackathon_PolyglotPioneers/models/training_history.json
2026-07-24 20:49:47 | INFO     | src.models.trainer | Epoch 32/100 | Train=0.083012 | Validation=0.126919 | MAE=0.319750 | RMSE=0.356257 | R²=-0.3277
2026-07-24 20:49:48 | INFO     | src.utils.checkpoint | Checkpoint saved to /Users/paulettamaunge/Documents/GitHub/Hackathon_PolyglotPioneers/models/checkpoints/last_checkpoint.pth
2026-07-24 20:49:48 | INFO     | src.utils.checkpoint | Training history saved to /Users/paulettamaunge/Documents/GitHub/Hackathon_PolyglotPioneers/models/training_history.json
2026-07-24 20:49:48 | INFO     | src.models.trainer | Epoch 33/100 | Train=0.086172 | Validation=0.128000 | MAE=0.320861 | RMSE=0.357772 | R²=-0.3390
2026-07-24 20:49:48 | INFO     | src.models.trainer | Learning rate changed from 0.000125 to 0.000063
2026-07-24 20:49:48 | INFO     | src.utils.checkpoint | Checkpoint saved to /Users/paulettamaunge/Documents/GitHub/Hackathon_PolyglotPioneers/models/checkpoints/last_checkpoint.pth
2026-07-24 20:49:48 | INFO     | src.utils.checkpoint | Training history saved to /Users/paulettamaunge/Documents/GitHub/Hackathon_PolyglotPioneers/models/training_history.json
2026-07-24 20:49:48 | INFO     | src.models.trainer | Epoch 34/100 | Train=0.086377 | Validation=0.128384 | MAE=0.321232 | RMSE=0.358307 | R²=-0.3430
2026-07-24 20:49:48 | INFO     | src.utils.checkpoint | Checkpoint saved to /Users/paulettamaunge/Documents/GitHub/Hackathon_PolyglotPioneers/models/checkpoints/last_checkpoint.pth
2026-07-24 20:49:48 | INFO     | src.utils.checkpoint | Training history saved to /Users/paulettamaunge/Documents/GitHub/Hackathon_PolyglotPioneers/models/training_history.json
2026-07-24 20:49:48 | INFO     | src.models.trainer | Epoch 35/100 | Train=0.076534 | Validation=0.128134 | MAE=0.320978 | RMSE=0.357958 | R²=-0.3404
2026-07-24 20:49:48 | INFO     | src.utils.checkpoint | Checkpoint saved to /Users/paulettamaunge/Documents/GitHub/Hackathon_PolyglotPioneers/models/checkpoints/last_checkpoint.pth
2026-07-24 20:49:48 | INFO     | src.utils.checkpoint | Training history saved to /Users/paulettamaunge/Documents/GitHub/Hackathon_PolyglotPioneers/models/training_history.json
2026-07-24 20:49:48 | INFO     | src.models.trainer | Epoch 36/100 | Train=0.077617 | Validation=0.128715 | MAE=0.321558 | RMSE=0.358768 | R²=-0.3465
2026-07-24 20:49:48 | INFO     | src.utils.checkpoint | Checkpoint saved to /Users/paulettamaunge/Documents/GitHub/Hackathon_PolyglotPioneers/models/checkpoints/last_checkpoint.pth
2026-07-24 20:49:48 | INFO     | src.utils.checkpoint | Training history saved to /Users/paulettamaunge/Documents/GitHub/Hackathon_PolyglotPioneers/models/training_history.json
2026-07-24 20:49:48 | INFO     | src.models.trainer | Epoch 37/100 | Train=0.086567 | Validation=0.129222 | MAE=0.322064 | RMSE=0.359475 | R²=-0.3518
2026-07-24 20:49:48 | INFO     | src.utils.checkpoint | Checkpoint saved to /Users/paulettamaunge/Documents/GitHub/Hackathon_PolyglotPioneers/models/checkpoints/last_checkpoint.pth
2026-07-24 20:49:48 | INFO     | src.utils.checkpoint | Training history saved to /Users/paulettamaunge/Documents/GitHub/Hackathon_PolyglotPioneers/models/training_history.json
2026-07-24 20:49:48 | INFO     | src.models.trainer | Epoch 38/100 | Train=0.077044 | Validation=0.129343 | MAE=0.322183 | RMSE=0.359643 | R²=-0.3530
2026-07-24 20:49:48 | INFO     | src.utils.checkpoint | Checkpoint saved to /Users/paulettamaunge/Documents/GitHub/Hackathon_PolyglotPioneers/models/checkpoints/last_checkpoint.pth
2026-07-24 20:49:48 | INFO     | src.utils.checkpoint | Training history saved to /Users/paulettamaunge/Documents/GitHub/Hackathon_PolyglotPioneers/models/training_history.json
2026-07-24 20:49:48 | INFO     | src.models.trainer | Epoch 39/100 | Train=0.076730 | Validation=0.129406 | MAE=0.322245 | RMSE=0.359730 | R²=-0.3537
2026-07-24 20:49:48 | INFO     | src.models.trainer | Learning rate changed from 0.000063 to 0.000031
2026-07-24 20:49:48 | INFO     | src.utils.checkpoint | Checkpoint saved to /Users/paulettamaunge/Documents/GitHub/Hackathon_PolyglotPioneers/models/checkpoints/last_checkpoint.pth
2026-07-24 20:49:48 | INFO     | src.utils.checkpoint | Training history saved to /Users/paulettamaunge/Documents/GitHub/Hackathon_PolyglotPioneers/models/training_history.json
2026-07-24 20:49:48 | INFO     | src.models.trainer | Epoch 40/100 | Train=0.079096 | Validation=0.129134 | MAE=0.321978 | RMSE=0.359352 | R²=-0.3509
2026-07-24 20:49:48 | INFO     | src.models.trainer | Early stopping triggered.
2026-07-24 20:49:48 | INFO     | src.models.trainer | Training finished. Best epoch: 1
2026-07-24 20:49:48 | INFO     | __main__ | Loading best model...
2026-07-24 20:49:48 | INFO     | src.utils.checkpoint | Checkpoint loaded from /Users/paulettamaunge/Documents/GitHub/Hackathon_PolyglotPioneers/models/checkpoints/best_lstm_model.pth
2026-07-24 20:49:48 | INFO     | src.models.trainer | Best model loaded.
2026-07-24 20:49:48 | INFO     | __main__ | Step 6/6 : Evaluating model
2026-07-24 20:49:48 | INFO     | src.models.trainer | Mean shape: (30,)
2026-07-24 20:49:48 | INFO     | src.models.trainer | Std shape: (30,)
2026-07-24 20:49:48 | INFO     | src.models.trainer | Samples shape: (100, 30)
2026-07-24 20:49:48 | INFO     | src.models.trainer | Prediction: -1.2553
2026-07-24 20:49:48 | INFO     | src.models.trainer | 95% Confidence Interval: [-1.2772, -1.2334]
2026-07-24 20:49:48 | INFO     | src.models.trainer | 95% Prediction Interval: [-1.4745, -1.0361]
2026-07-24 20:49:48 | INFO     | src.models.trainer | Predictions: min=-1.2990, max=-0.3404, mean=-0.8988
2026-07-24 20:49:48 | INFO     | src.models.trainer | Targets: min=-1.1580, max=1.9002, mean=0.4756
2026-07-24 20:49:48 | INFO     | src.models.trainer | First 10 predictions: [-1.2553192 -1.251548  -1.2522293 -1.2342536 -1.2631602 -1.2759279
 -1.2744327 -1.2953671 -1.2746289 -1.292455 ]
2026-07-24 20:49:48 | INFO     | src.models.trainer | First 10 targets: [-0.18336818 -0.2226519  -0.21740645 -0.1309263  -0.14575772 -0.05156028
 -0.08376345 -0.14006779 -0.7410532  -1.1580467 ]
2026-07-24 20:49:48 | INFO     | src.models.trainer | Prediction correlation = 0.4227
2026-07-24 20:49:48 | INFO     | src.models.trainer | Predictions saved to predictions/lstm_predictions.csv
2026-07-24 20:49:48 | INFO     | src.models.trainer | Test metrics: {'mae': 1.3744056665649016, 'mse': 2.5352352121466826, 'rmse': 1.5922421964470992, 'r2': -2.222207508278971}
2026-07-24 20:49:49 | INFO     | src.models.trainer | SHAP summary plot saved.
2026-07-24 20:49:49 | INFO     | __main__ | ================================================================================
2026-07-24 20:49:49 | INFO     | __main__ | FINAL TEST RESULTS
2026-07-24 20:49:49 | INFO     | __main__ | ================================================================================
2026-07-24 20:49:49 | INFO     | __main__ | MAE     : 1.374406
2026-07-24 20:49:49 | INFO     | __main__ | MSE     : 2.535235
2026-07-24 20:49:49 | INFO     | __main__ | RMSE    : 1.592242
2026-07-24 20:49:49 | INFO     | __main__ | R2      : -2.222208
2026-07-24 20:49:49 | INFO     | __main__ | ================================================================================
2026-07-24 20:49:49 | INFO     | __main__ | FORECASTING PIPELINE COMPLETED SUCCESSFULLY
2026-07-24 20:49:49 | INFO     | __main__ | ================================================================================
